2026-04-29 11:03:53.895 [background-preinit] INFO  [] [] [] [] o.h.validator.internal.util.Version - HV000001: Hibernate Validator 8.0.3.Final
2026-04-29 11:03:53.933 [restartedMain] INFO  [] [] [] [] c.o.s.Chap01SpringStabilityApplication - Starting Chap01SpringStabilityApplication using Java 17.0.18 with PID 17744 (C:\Lecture\10_Logging-Monitoring\module01-spring-stability\build\classes\java\main started by user in C:\Lecture\10_Logging-Monitoring\module01-spring-stability)
2026-04-29 11:03:53.934 [restartedMain] DEBUG [] [] [] [] c.o.s.Chap01SpringStabilityApplication - Running with Spring Boot v3.4.13, Spring v6.2.15
2026-04-29 11:03:53.934 [restartedMain] INFO  [] [] [] [] c.o.s.Chap01SpringStabilityApplication - The following 1 profile is active: "dev"
2026-04-29 11:03:53.969 [restartedMain] INFO  [] [] [] [] o.s.b.d.e.DevToolsPropertyDefaultsPostProcessor - Devtools property defaults active! Set 'spring.devtools.add-properties' to 'false' to disable
2026-04-29 11:03:53.970 [restartedMain] INFO  [] [] [] [] o.s.b.d.e.DevToolsPropertyDefaultsPostProcessor - For additional web related logging consider setting the 'logging.level.web' property to 'DEBUG'
2026-04-29 11:03:54.461 [restartedMain] INFO  [] [] [] [] o.s.d.r.c.RepositoryConfigurationDelegate - Bootstrapping Spring Data JPA repositories in DEFAULT mode.
2026-04-29 11:03:54.527 [restartedMain] INFO  [] [] [] [] o.s.d.r.c.RepositoryConfigurationDelegate - Finished Spring Data repository scanning in 57 ms. Found 4 JPA repository interfaces.
2026-04-29 11:03:55.087 [restartedMain] INFO  [] [] [] [] o.s.b.w.e.tomcat.TomcatWebServer - Tomcat initialized with port 8080 (http)
2026-04-29 11:03:55.097 [restartedMain] INFO  [] [] [] [] o.a.coyote.http11.Http11NioProtocol - Initializing ProtocolHandler ["http-nio-8080"]
2026-04-29 11:03:55.098 [restartedMain] INFO  [] [] [] [] o.a.catalina.core.StandardService - Starting service [Tomcat]
2026-04-29 11:03:55.099 [restartedMain] INFO  [] [] [] [] o.a.catalina.core.StandardEngine - Starting Servlet engine: [Apache Tomcat/10.1.50]
2026-04-29 11:03:55.141 [restartedMain] INFO  [] [] [] [] o.a.c.c.C.[Tomcat].[localhost].[/] - Initializing Spring embedded WebApplicationContext
2026-04-29 11:03:55.141 [restartedMain] INFO  [] [] [] [] o.s.b.w.s.c.ServletWebServerApplicationContext - Root WebApplicationContext: initialization completed in 1171 ms
2026-04-29 11:03:55.185 [restartedMain] DEBUG [] [] [] [] c.o.s.s.l.config.LoggingConfig$1 - Filter 'mdcLoggingFilter' configured for use
2026-04-29 11:03:55.263 [restartedMain] INFO  [] [] [] [] o.h.jpa.internal.util.LogHelper - HHH000204: Processing PersistenceUnitInfo [name: default]
2026-04-29 11:03:55.308 [restartedMain] INFO  [] [] [] [] org.hibernate.Version - HHH000412: Hibernate ORM core version 6.6.39.Final
2026-04-29 11:03:55.338 [restartedMain] INFO  [] [] [] [] o.h.c.i.RegionFactoryInitiator - HHH000026: Second-level cache disabled
2026-04-29 11:03:55.542 [restartedMain] INFO  [] [] [] [] o.s.o.j.p.SpringPersistenceUnitInfo - No LoadTimeWeaver setup: ignoring JPA class transformer
2026-04-29 11:03:55.565 [restartedMain] INFO  [] [] [] [] com.zaxxer.hikari.HikariDataSource - HikariPool-1 - Starting...
2026-04-29 11:03:55.698 [restartedMain] INFO  [] [] [] [] com.zaxxer.hikari.pool.HikariPool - HikariPool-1 - Added connection conn0: url=jdbc:h2:mem:library user=OHGIRAFFERS
2026-04-29 11:03:55.700 [restartedMain] INFO  [] [] [] [] com.zaxxer.hikari.HikariDataSource - HikariPool-1 - Start completed.
2026-04-29 11:03:55.740 [restartedMain] INFO  [] [] [] [] o.hibernate.orm.connections.pooling - HHH10001005: Database info:
	Database JDBC URL [Connecting through datasource 'HikariDataSource (HikariPool-1)']
	Database driver: undefined/unknown
	Database version: 2.3.232
	Autocommit mode: undefined/unknown
	Isolation level: undefined/unknown
	Minimum pool size: undefined/unknown
	Maximum pool size: undefined/unknown
2026-04-29 11:03:56.453 [restartedMain] INFO  [] [] [] [] o.h.e.t.j.p.i.JtaPlatformInitiator - HHH000489: No JTA platform available (set 'hibernate.transaction.jta.platform' to enable JTA platform integration)
2026-04-29 11:03:56.463 [restartedMain] DEBUG [] [] [] [] org.hibernate.SQL - 
    drop table if exists tbl_book cascade 
2026-04-29 11:03:56.466 [restartedMain] DEBUG [] [] [] [] org.hibernate.SQL - 
    drop table if exists tbl_loan cascade 
2026-04-29 11:03:56.466 [restartedMain] DEBUG [] [] [] [] org.hibernate.SQL - 
    drop table if exists tbl_member cascade 
2026-04-29 11:03:56.466 [restartedMain] DEBUG [] [] [] [] org.hibernate.SQL - 
    drop table if exists tbl_review cascade 
2026-04-29 11:03:56.471 [restartedMain] DEBUG [] [] [] [] org.hibernate.SQL - 
    create table tbl_book (
        available boolean not null,
        publish_date date not null,
        stock_quantity integer not null,
        book_id bigint generated by default as identity,
        isbn varchar(13) not null unique,
        author varchar(100) not null,
        publisher varchar(100) not null,
        title varchar(200) not null,
        primary key (book_id)
    )
2026-04-29 11:03:56.480 [restartedMain] DEBUG [] [] [] [] org.hibernate.SQL - 
    create table tbl_loan (
        fine_amount integer,
        overdue_days integer,
        book_id bigint not null,
        due_date timestamp(6) not null,
        loan_date timestamp(6) not null,
        loan_id bigint generated by default as identity,
        member_id bigint not null,
        return_date timestamp(6),
        status enum ('ACTIVE','OVERDUE','RETURNED') not null,
        primary key (loan_id)
    )
2026-04-29 11:03:56.483 [restartedMain] DEBUG [] [] [] [] org.hibernate.SQL - 
    create table tbl_member (
        active boolean not null,
        join_date timestamp(6) not null,
        member_id bigint generated by default as identity,
        phone varchar(20),
        member_name varchar(50) not null,
        email varchar(100) not null unique,
        primary key (member_id)
    )
2026-04-29 11:03:56.485 [restartedMain] DEBUG [] [] [] [] org.hibernate.SQL - 
    create table tbl_review (
        helpful_count integer not null check (helpful_count>=0),
        rating float(53) not null,
        verified_purchase boolean not null,
        book_id bigint not null,
        created_at timestamp(6) not null,
        member_id bigint not null,
        review_id bigint generated by default as identity,
        updated_at timestamp(6),
        title varchar(100) not null,
        content varchar(2000) not null,
        status enum ('ACTIVE','DELETED','HIDDEN') not null,
        primary key (review_id),
        unique (member_id, book_id)
    )
2026-04-29 11:03:56.489 [restartedMain] DEBUG [] [] [] [] org.hibernate.SQL - 
    alter table if exists tbl_loan 
       add constraint FK963g40utp85k5mww691e4ma6g 
       foreign key (book_id) 
       references tbl_book
2026-04-29 11:03:56.497 [restartedMain] DEBUG [] [] [] [] org.hibernate.SQL - 
    alter table if exists tbl_loan 
       add constraint FKqtnm703pqo6mnin10corsjsc 
       foreign key (member_id) 
       references tbl_member
2026-04-29 11:03:56.499 [restartedMain] DEBUG [] [] [] [] org.hibernate.SQL - 
    alter table if exists tbl_review 
       add constraint FK6ykodvsh8wis5tfouaxwi9qbc 
       foreign key (book_id) 
       references tbl_book
2026-04-29 11:03:56.500 [restartedMain] DEBUG [] [] [] [] org.hibernate.SQL - 
    alter table if exists tbl_review 
       add constraint FKcgs2lvcrlf9x3jtif9sskpx0 
       foreign key (member_id) 
       references tbl_member
2026-04-29 11:03:56.505 [restartedMain] INFO  [] [] [] [] o.s.o.j.LocalContainerEntityManagerFactoryBean - Initialized JPA EntityManagerFactory for persistence unit 'default'
2026-04-29 11:03:56.773 [restartedMain] INFO  [] [] [] [] o.s.d.j.r.query.QueryEnhancerFactory - Hibernate is in classpath; If applicable, HQL parser will be used.
2026-04-29 11:03:57.374 [restartedMain] WARN  [] [] [] [] o.s.b.a.o.j.JpaBaseConfiguration$JpaWebConfiguration - spring.jpa.open-in-view is enabled by default. Therefore, database queries may be performed during view rendering. Explicitly configure spring.jpa.open-in-view to disable this warning
2026-04-29 11:03:57.480 [restartedMain] DEBUG [] [] [] [] o.s.w.s.m.m.a.RequestMappingHandlerMapping - 29 mappings in 'requestMappingHandlerMapping'
2026-04-29 11:03:57.601 [restartedMain] DEBUG [] [] [] [] o.s.w.s.h.SimpleUrlHandlerMapping - Patterns [/webjars/**, /**] in 'resourceHandlerMapping'
2026-04-29 11:03:57.641 [restartedMain] DEBUG [] [] [] [] o.s.w.s.m.m.a.RequestMappingHandlerAdapter - ControllerAdvice beans: 0 @ModelAttribute, 0 @InitBinder, 1 RequestBodyAdvice, 1 ResponseBodyAdvice
2026-04-29 11:03:57.700 [restartedMain] DEBUG [] [] [] [] o.s.w.s.m.m.a.ExceptionHandlerExceptionResolver - ControllerAdvice beans: 2 @ExceptionHandler, 1 ResponseBodyAdvice
2026-04-29 11:03:57.771 [restartedMain] INFO  [] [] [] [] o.s.b.a.h.H2ConsoleAutoConfiguration - H2 console available at '/h2-console'. Database available at 'jdbc:h2:mem:library'
2026-04-29 11:03:57.877 [restartedMain] INFO  [] [] [] [] o.s.b.d.a.OptionalLiveReloadServer - LiveReload server is running on port 35729
2026-04-29 11:03:57.894 [restartedMain] INFO  [] [] [] [] o.a.coyote.http11.Http11NioProtocol - Starting ProtocolHandler ["http-nio-8080"]
2026-04-29 11:03:57.912 [restartedMain] INFO  [] [] [] [] o.s.b.w.e.tomcat.TomcatWebServer - Tomcat started on port 8080 (http) with context path '/'
2026-04-29 11:03:57.920 [restartedMain] INFO  [] [] [] [] c.o.s.Chap01SpringStabilityApplication - Started Chap01SpringStabilityApplication in 4.453 seconds (process running for 5.769)
2026-04-29 11:07:25.584 [http-nio-8080-exec-1] INFO  [] [] [] [] o.a.c.c.C.[Tomcat].[localhost].[/] - Initializing Spring DispatcherServlet 'dispatcherServlet'
2026-04-29 11:07:25.584 [http-nio-8080-exec-1] INFO  [] [] [] [] o.s.web.servlet.DispatcherServlet - Initializing Servlet 'dispatcherServlet'
2026-04-29 11:07:25.585 [http-nio-8080-exec-1] DEBUG [] [] [] [] o.s.web.servlet.DispatcherServlet - Detected StandardServletMultipartResolver
2026-04-29 11:07:25.585 [http-nio-8080-exec-1] DEBUG [] [] [] [] o.s.web.servlet.DispatcherServlet - Detected AcceptHeaderLocaleResolver
2026-04-29 11:07:25.585 [http-nio-8080-exec-1] DEBUG [] [] [] [] o.s.web.servlet.DispatcherServlet - Detected FixedThemeResolver
2026-04-29 11:07:25.586 [http-nio-8080-exec-1] DEBUG [] [] [] [] o.s.web.servlet.DispatcherServlet - Detected org.springframework.web.servlet.view.DefaultRequestToViewNameTranslator@73aad226
2026-04-29 11:07:25.587 [http-nio-8080-exec-1] DEBUG [] [] [] [] o.s.web.servlet.DispatcherServlet - Detected org.springframework.web.servlet.support.SessionFlashMapManager@edef8bc
2026-04-29 11:07:25.587 [http-nio-8080-exec-1] DEBUG [] [] [] [] o.s.web.servlet.DispatcherServlet - enableLoggingRequestDetails='false': request parameters and headers will be masked to prevent unsafe logging of potentially sensitive data
2026-04-29 11:07:25.587 [http-nio-8080-exec-1] INFO  [] [] [] [] o.s.web.servlet.DispatcherServlet - Completed initialization in 3 ms
2026-04-29 11:07:25.603 [http-nio-8080-exec-1] DEBUG [b1292951] [GET] [/] [0:0:0:0:0:0:0:1] o.s.web.servlet.DispatcherServlet - GET "/", parameters={}
2026-04-29 11:07:25.615 [http-nio-8080-exec-1] DEBUG [b1292951] [GET] [/] [0:0:0:0:0:0:0:1] o.s.w.s.h.SimpleUrlHandlerMapping - Mapped to ResourceHttpRequestHandler [classpath [META-INF/resources/], classpath [resources/], classpath [static/], classpath [public/], ServletContext [/]]
2026-04-29 11:07:25.630 [http-nio-8080-exec-1] DEBUG [b1292951] [GET] [/] [0:0:0:0:0:0:0:1] o.s.w.s.r.ResourceHttpRequestHandler - Resource not found
2026-04-29 11:07:25.637 [http-nio-8080-exec-1] DEBUG [b1292951] [GET] [/] [0:0:0:0:0:0:0:1] o.s.w.s.m.m.a.ExceptionHandlerExceptionResolver - Using @ExceptionHandler com.ohgiraffers.stability.section01.exception.handler.GlobalExceptionHandler#handleGenericException(Exception, HttpServletRequest)
2026-04-29 11:07:25.638 [http-nio-8080-exec-1] ERROR [b1292951] [GET] [/] [0:0:0:0:0:0:0:1] c.o.s.s.e.h.GlobalExceptionHandler - [s1][GlobalExceptionHandler] 예상하지 못한 오류 발생
org.springframework.web.servlet.resource.NoResourceFoundException: No static resource .
	at org.springframework.web.servlet.resource.ResourceHttpRequestHandler.handleRequest(ResourceHttpRequestHandler.java:585)
	at org.springframework.web.servlet.mvc.HttpRequestHandlerAdapter.handle(HttpRequestHandlerAdapter.java:52)
	at org.springframework.web.servlet.DispatcherServlet.doDispatch(DispatcherServlet.java:1089)
	at org.springframework.web.servlet.DispatcherServlet.doService(DispatcherServlet.java:979)
	at org.springframework.web.servlet.FrameworkServlet.processRequest(FrameworkServlet.java:1014)
	at org.springframework.web.servlet.FrameworkServlet.doGet(FrameworkServlet.java:903)
	at jakarta.servlet.http.HttpServlet.service(HttpServlet.java:564)
	at org.springframework.web.servlet.FrameworkServlet.service(FrameworkServlet.java:885)
	at jakarta.servlet.http.HttpServlet.service(HttpServlet.java:658)
	at org.apache.catalina.core.ApplicationFilterChain.internalDoFilter(ApplicationFilterChain.java:193)
	at org.apache.catalina.core.ApplicationFilterChain.doFilter(ApplicationFilterChain.java:138)
	at org.apache.tomcat.websocket.server.WsFilter.doFilter(WsFilter.java:51)
	at org.apache.catalina.core.ApplicationFilterChain.internalDoFilter(ApplicationFilterChain.java:162)
	at org.apache.catalina.core.ApplicationFilterChain.doFilter(ApplicationFilterChain.java:138)
	at com.ohgiraffers.stability.section02.logging.config.LoggingConfig$1.doFilterInternal(LoggingConfig.java:74)
	at org.springframework.web.filter.OncePerRequestFilter.doFilter(OncePerRequestFilter.java:116)
	at org.apache.catalina.core.ApplicationFilterChain.internalDoFilter(ApplicationFilterChain.java:162)
	at org.apache.catalina.core.ApplicationFilterChain.doFilter(ApplicationFilterChain.java:138)
	at org.springframework.web.filter.RequestContextFilter.doFilterInternal(RequestContextFilter.java:100)
	at org.springframework.web.filter.OncePerRequestFilter.doFilter(OncePerRequestFilter.java:116)
	at org.apache.catalina.core.ApplicationFilterChain.internalDoFilter(ApplicationFilterChain.java:162)
	at org.apache.catalina.core.ApplicationFilterChain.doFilter(ApplicationFilterChain.java:138)
	at org.springframework.web.filter.FormContentFilter.doFilterInternal(FormContentFilter.java:93)
	at org.springframework.web.filter.OncePerRequestFilter.doFilter(OncePerRequestFilter.java:116)
	at org.apache.catalina.core.ApplicationFilterChain.internalDoFilter(ApplicationFilterChain.java:162)
	at org.apache.catalina.core.ApplicationFilterChain.doFilter(ApplicationFilterChain.java:138)
	at org.springframework.web.filter.CharacterEncodingFilter.doFilterInternal(CharacterEncodingFilter.java:201)
	at org.springframework.web.filter.OncePerRequestFilter.doFilter(OncePerRequestFilter.java:116)
	at org.apache.catalina.core.ApplicationFilterChain.internalDoFilter(ApplicationFilterChain.java:162)
	at org.apache.catalina.core.ApplicationFilterChain.doFilter(ApplicationFilterChain.java:138)
	at org.apache.catalina.core.StandardWrapperValve.invoke(StandardWrapperValve.java:165)
	at org.apache.catalina.core.StandardContextValve.invoke(StandardContextValve.java:88)
	at org.apache.catalina.authenticator.AuthenticatorBase.invoke(AuthenticatorBase.java:482)
	at org.apache.catalina.core.StandardHostValve.invoke(StandardHostValve.java:113)
	at org.apache.catalina.valves.ErrorReportValve.invoke(ErrorReportValve.java:83)
	at org.apache.catalina.core.StandardEngineValve.invoke(StandardEngineValve.java:72)
	at org.apache.catalina.connector.CoyoteAdapter.service(CoyoteAdapter.java:342)
	at org.apache.coyote.http11.Http11Processor.service(Http11Processor.java:399)
	at org.apache.coyote.AbstractProcessorLight.process(AbstractProcessorLight.java:63)
	at org.apache.coyote.AbstractProtocol$ConnectionHandler.process(AbstractProtocol.java:903)
	at org.apache.tomcat.util.net.NioEndpoint$SocketProcessor.doRun(NioEndpoint.java:1774)
	at org.apache.tomcat.util.net.SocketProcessorBase.run(SocketProcessorBase.java:52)
	at org.apache.tomcat.util.threads.ThreadPoolExecutor.runWorker(ThreadPoolExecutor.java:973)
	at org.apache.tomcat.util.threads.ThreadPoolExecutor$Worker.run(ThreadPoolExecutor.java:491)
	at org.apache.tomcat.util.threads.TaskThread$WrappingRunnable.run(TaskThread.java:63)
	at java.base/java.lang.Thread.run(Thread.java:840)
2026-04-29 11:07:25.711 [http-nio-8080-exec-1] DEBUG [b1292951] [GET] [/] [0:0:0:0:0:0:0:1] o.s.w.s.m.m.a.HttpEntityMethodProcessor - Using 'application/json;q=0.8', given [text/html, application/xhtml+xml, image/avif, image/webp, image/apng, application/xml;q=0.9, */*;q=0.8, application/signed-exchange;v=b3;q=0.7] and supported [application/json, application/*+json]
2026-04-29 11:07:25.715 [http-nio-8080-exec-1] DEBUG [b1292951] [GET] [/] [0:0:0:0:0:0:0:1] o.s.w.s.m.m.a.HttpEntityMethodProcessor - Writing [ErrorResponse{errorCode='INTERNAL_SERVER_ERROR', message='서버 내부 오류가 발생했습니다.', timestamp=2026-04-29T1 (truncated)...]
2026-04-29 11:07:25.736 [http-nio-8080-exec-1] WARN  [b1292951] [GET] [/] [0:0:0:0:0:0:0:1] o.s.w.s.m.m.a.ExceptionHandlerExceptionResolver - Resolved [org.springframework.web.servlet.resource.NoResourceFoundException: No static resource .]
2026-04-29 11:07:25.737 [http-nio-8080-exec-1] DEBUG [b1292951] [GET] [/] [0:0:0:0:0:0:0:1] o.s.web.servlet.DispatcherServlet - Completed 500 INTERNAL_SERVER_ERROR
2026-04-29 11:07:26.934 [http-nio-8080-exec-2] DEBUG [09c2dae1] [GET] [/] [0:0:0:0:0:0:0:1] o.s.web.servlet.DispatcherServlet - GET "/", parameters={}
2026-04-29 11:07:26.935 [http-nio-8080-exec-2] DEBUG [09c2dae1] [GET] [/] [0:0:0:0:0:0:0:1] o.s.w.s.h.SimpleUrlHandlerMapping - Mapped to ResourceHttpRequestHandler [classpath [META-INF/resources/], classpath [resources/], classpath [static/], classpath [public/], ServletContext [/]]
2026-04-29 11:07:26.935 [http-nio-8080-exec-2] DEBUG [09c2dae1] [GET] [/] [0:0:0:0:0:0:0:1] o.s.w.s.r.ResourceHttpRequestHandler - Resource not found
2026-04-29 11:07:26.937 [http-nio-8080-exec-2] DEBUG [09c2dae1] [GET] [/] [0:0:0:0:0:0:0:1] o.s.w.s.m.m.a.ExceptionHandlerExceptionResolver - Using @ExceptionHandler com.ohgiraffers.stability.section01.exception.handler.GlobalExceptionHandler#handleGenericException(Exception, HttpServletRequest)
2026-04-29 11:07:26.937 [http-nio-8080-exec-2] ERROR [09c2dae1] [GET] [/] [0:0:0:0:0:0:0:1] c.o.s.s.e.h.GlobalExceptionHandler - [s1][GlobalExceptionHandler] 예상하지 못한 오류 발생
org.springframework.web.servlet.resource.NoResourceFoundException: No static resource .
	at org.springframework.web.servlet.resource.ResourceHttpRequestHandler.handleRequest(ResourceHttpRequestHandler.java:585)
	at org.springframework.web.servlet.mvc.HttpRequestHandlerAdapter.handle(HttpRequestHandlerAdapter.java:52)
	at org.springframework.web.servlet.DispatcherServlet.doDispatch(DispatcherServlet.java:1089)
	at org.springframework.web.servlet.DispatcherServlet.doService(DispatcherServlet.java:979)
	at org.springframework.web.servlet.FrameworkServlet.processRequest(FrameworkServlet.java:1014)
	at org.springframework.web.servlet.FrameworkServlet.doGet(FrameworkServlet.java:903)
	at jakarta.servlet.http.HttpServlet.service(HttpServlet.java:564)
	at org.springframework.web.servlet.FrameworkServlet.service(FrameworkServlet.java:885)
	at jakarta.servlet.http.HttpServlet.service(HttpServlet.java:658)
	at org.apache.catalina.core.ApplicationFilterChain.internalDoFilter(ApplicationFilterChain.java:193)
	at org.apache.catalina.core.ApplicationFilterChain.doFilter(ApplicationFilterChain.java:138)
	at org.apache.tomcat.websocket.server.WsFilter.doFilter(WsFilter.java:51)
	at org.apache.catalina.core.ApplicationFilterChain.internalDoFilter(ApplicationFilterChain.java:162)
	at org.apache.catalina.core.ApplicationFilterChain.doFilter(ApplicationFilterChain.java:138)
	at com.ohgiraffers.stability.section02.logging.config.LoggingConfig$1.doFilterInternal(LoggingConfig.java:74)
	at org.springframework.web.filter.OncePerRequestFilter.doFilter(OncePerRequestFilter.java:116)
	at org.apache.catalina.core.ApplicationFilterChain.internalDoFilter(ApplicationFilterChain.java:162)
	at org.apache.catalina.core.ApplicationFilterChain.doFilter(ApplicationFilterChain.java:138)
	at org.springframework.web.filter.RequestContextFilter.doFilterInternal(RequestContextFilter.java:100)
	at org.springframework.web.filter.OncePerRequestFilter.doFilter(OncePerRequestFilter.java:116)
	at org.apache.catalina.core.ApplicationFilterChain.internalDoFilter(ApplicationFilterChain.java:162)
	at org.apache.catalina.core.ApplicationFilterChain.doFilter(ApplicationFilterChain.java:138)
	at org.springframework.web.filter.FormContentFilter.doFilterInternal(FormContentFilter.java:93)
	at org.springframework.web.filter.OncePerRequestFilter.doFilter(OncePerRequestFilter.java:116)
	at org.apache.catalina.core.ApplicationFilterChain.internalDoFilter(ApplicationFilterChain.java:162)
	at org.apache.catalina.core.ApplicationFilterChain.doFilter(ApplicationFilterChain.java:138)
	at org.springframework.web.filter.CharacterEncodingFilter.doFilterInternal(CharacterEncodingFilter.java:201)
	at org.springframework.web.filter.OncePerRequestFilter.doFilter(OncePerRequestFilter.java:116)
	at org.apache.catalina.core.ApplicationFilterChain.internalDoFilter(ApplicationFilterChain.java:162)
	at org.apache.catalina.core.ApplicationFilterChain.doFilter(ApplicationFilterChain.java:138)
	at org.apache.catalina.core.StandardWrapperValve.invoke(StandardWrapperValve.java:165)
	at org.apache.catalina.core.StandardContextValve.invoke(StandardContextValve.java:88)
	at org.apache.catalina.authenticator.AuthenticatorBase.invoke(AuthenticatorBase.java:482)
	at org.apache.catalina.core.StandardHostValve.invoke(StandardHostValve.java:113)
	at org.apache.catalina.valves.ErrorReportValve.invoke(ErrorReportValve.java:83)
	at org.apache.catalina.core.StandardEngineValve.invoke(StandardEngineValve.java:72)
	at org.apache.catalina.connector.CoyoteAdapter.service(CoyoteAdapter.java:342)
	at org.apache.coyote.http11.Http11Processor.service(Http11Processor.java:399)
	at org.apache.coyote.AbstractProcessorLight.process(AbstractProcessorLight.java:63)
	at org.apache.coyote.AbstractProtocol$ConnectionHandler.process(AbstractProtocol.java:903)
	at org.apache.tomcat.util.net.NioEndpoint$SocketProcessor.doRun(NioEndpoint.java:1774)
	at org.apache.tomcat.util.net.SocketProcessorBase.run(SocketProcessorBase.java:52)
	at org.apache.tomcat.util.threads.ThreadPoolExecutor.runWorker(ThreadPoolExecutor.java:973)
	at org.apache.tomcat.util.threads.ThreadPoolExecutor$Worker.run(ThreadPoolExecutor.java:491)
	at org.apache.tomcat.util.threads.TaskThread$WrappingRunnable.run(TaskThread.java:63)
	at java.base/java.lang.Thread.run(Thread.java:840)
2026-04-29 11:07:26.940 [http-nio-8080-exec-2] DEBUG [09c2dae1] [GET] [/] [0:0:0:0:0:0:0:1] o.s.w.s.m.m.a.HttpEntityMethodProcessor - Using 'application/json;q=0.8', given [text/html, application/xhtml+xml, image/avif, image/webp, image/apng, application/xml;q=0.9, */*;q=0.8, application/signed-exchange;v=b3;q=0.7] and supported [application/json, application/*+json]
2026-04-29 11:07:26.940 [http-nio-8080-exec-2] DEBUG [09c2dae1] [GET] [/] [0:0:0:0:0:0:0:1] o.s.w.s.m.m.a.HttpEntityMethodProcessor - Writing [ErrorResponse{errorCode='INTERNAL_SERVER_ERROR', message='서버 내부 오류가 발생했습니다.', timestamp=2026-04-29T1 (truncated)...]
2026-04-29 11:07:26.941 [http-nio-8080-exec-2] WARN  [09c2dae1] [GET] [/] [0:0:0:0:0:0:0:1] o.s.w.s.m.m.a.ExceptionHandlerExceptionResolver - Resolved [org.springframework.web.servlet.resource.NoResourceFoundException: No static resource .]
2026-04-29 11:07:26.942 [http-nio-8080-exec-2] DEBUG [09c2dae1] [GET] [/] [0:0:0:0:0:0:0:1] o.s.web.servlet.DispatcherServlet - Completed 500 INTERNAL_SERVER_ERROR
2026-04-29 11:07:26.967 [http-nio-8080-exec-6] DEBUG [85ffb28f] [GET] [/favicon.ico] [0:0:0:0:0:0:0:1] o.s.web.servlet.DispatcherServlet - GET "/favicon.ico", parameters={}
2026-04-29 11:07:26.970 [http-nio-8080-exec-6] DEBUG [85ffb28f] [GET] [/favicon.ico] [0:0:0:0:0:0:0:1] o.s.w.s.h.SimpleUrlHandlerMapping - Mapped to ResourceHttpRequestHandler [classpath [META-INF/resources/], classpath [resources/], classpath [static/], classpath [public/], ServletContext [/]]
2026-04-29 11:07:26.973 [http-nio-8080-exec-6] DEBUG [85ffb28f] [GET] [/favicon.ico] [0:0:0:0:0:0:0:1] o.s.w.s.r.ResourceHttpRequestHandler - Resource not found
2026-04-29 11:07:26.973 [http-nio-8080-exec-6] DEBUG [85ffb28f] [GET] [/favicon.ico] [0:0:0:0:0:0:0:1] o.s.w.s.m.m.a.ExceptionHandlerExceptionResolver - Using @ExceptionHandler com.ohgiraffers.stability.section01.exception.handler.GlobalExceptionHandler#handleGenericException(Exception, HttpServletRequest)
2026-04-29 11:07:26.973 [http-nio-8080-exec-6] ERROR [85ffb28f] [GET] [/favicon.ico] [0:0:0:0:0:0:0:1] c.o.s.s.e.h.GlobalExceptionHandler - [s1][GlobalExceptionHandler] 예상하지 못한 오류 발생
org.springframework.web.servlet.resource.NoResourceFoundException: No static resource favicon.ico.
	at org.springframework.web.servlet.resource.ResourceHttpRequestHandler.handleRequest(ResourceHttpRequestHandler.java:585)
	at org.springframework.web.servlet.mvc.HttpRequestHandlerAdapter.handle(HttpRequestHandlerAdapter.java:52)
	at org.springframework.web.servlet.DispatcherServlet.doDispatch(DispatcherServlet.java:1089)
	at org.springframework.web.servlet.DispatcherServlet.doService(DispatcherServlet.java:979)
	at org.springframework.web.servlet.FrameworkServlet.processRequest(FrameworkServlet.java:1014)
	at org.springframework.web.servlet.FrameworkServlet.doGet(FrameworkServlet.java:903)
	at jakarta.servlet.http.HttpServlet.service(HttpServlet.java:564)
	at org.springframework.web.servlet.FrameworkServlet.service(FrameworkServlet.java:885)
	at jakarta.servlet.http.HttpServlet.service(HttpServlet.java:658)
	at org.apache.catalina.core.ApplicationFilterChain.internalDoFilter(ApplicationFilterChain.java:193)
	at org.apache.catalina.core.ApplicationFilterChain.doFilter(ApplicationFilterChain.java:138)
	at org.apache.tomcat.websocket.server.WsFilter.doFilter(WsFilter.java:51)
	at org.apache.catalina.core.ApplicationFilterChain.internalDoFilter(ApplicationFilterChain.java:162)
	at org.apache.catalina.core.ApplicationFilterChain.doFilter(ApplicationFilterChain.java:138)
	at com.ohgiraffers.stability.section02.logging.config.LoggingConfig$1.doFilterInternal(LoggingConfig.java:74)
	at org.springframework.web.filter.OncePerRequestFilter.doFilter(OncePerRequestFilter.java:116)
	at org.apache.catalina.core.ApplicationFilterChain.internalDoFilter(ApplicationFilterChain.java:162)
	at org.apache.catalina.core.ApplicationFilterChain.doFilter(ApplicationFilterChain.java:138)
	at org.springframework.web.filter.RequestContextFilter.doFilterInternal(RequestContextFilter.java:100)
	at org.springframework.web.filter.OncePerRequestFilter.doFilter(OncePerRequestFilter.java:116)
	at org.apache.catalina.core.ApplicationFilterChain.internalDoFilter(ApplicationFilterChain.java:162)
	at org.apache.catalina.core.ApplicationFilterChain.doFilter(ApplicationFilterChain.java:138)
	at org.springframework.web.filter.FormContentFilter.doFilterInternal(FormContentFilter.java:93)
	at org.springframework.web.filter.OncePerRequestFilter.doFilter(OncePerRequestFilter.java:116)
	at org.apache.catalina.core.ApplicationFilterChain.internalDoFilter(ApplicationFilterChain.java:162)
	at org.apache.catalina.core.ApplicationFilterChain.doFilter(ApplicationFilterChain.java:138)
	at org.springframework.web.filter.CharacterEncodingFilter.doFilterInternal(CharacterEncodingFilter.java:201)
	at org.springframework.web.filter.OncePerRequestFilter.doFilter(OncePerRequestFilter.java:116)
	at org.apache.catalina.core.ApplicationFilterChain.internalDoFilter(ApplicationFilterChain.java:162)
	at org.apache.catalina.core.ApplicationFilterChain.doFilter(ApplicationFilterChain.java:138)
	at org.apache.catalina.core.StandardWrapperValve.invoke(StandardWrapperValve.java:165)
	at org.apache.catalina.core.StandardContextValve.invoke(StandardContextValve.java:88)
	at org.apache.catalina.authenticator.AuthenticatorBase.invoke(AuthenticatorBase.java:482)
	at org.apache.catalina.core.StandardHostValve.invoke(StandardHostValve.java:113)
	at org.apache.catalina.valves.ErrorReportValve.invoke(ErrorReportValve.java:83)
	at org.apache.catalina.core.StandardEngineValve.invoke(StandardEngineValve.java:72)
	at org.apache.catalina.connector.CoyoteAdapter.service(CoyoteAdapter.java:342)
	at org.apache.coyote.http11.Http11Processor.service(Http11Processor.java:399)
	at org.apache.coyote.AbstractProcessorLight.process(AbstractProcessorLight.java:63)
	at org.apache.coyote.AbstractProtocol$ConnectionHandler.process(AbstractProtocol.java:903)
	at org.apache.tomcat.util.net.NioEndpoint$SocketProcessor.doRun(NioEndpoint.java:1774)
	at org.apache.tomcat.util.net.SocketProcessorBase.run(SocketProcessorBase.java:52)
	at org.apache.tomcat.util.threads.ThreadPoolExecutor.runWorker(ThreadPoolExecutor.java:973)
	at org.apache.tomcat.util.threads.ThreadPoolExecutor$Worker.run(ThreadPoolExecutor.java:491)
	at org.apache.tomcat.util.threads.TaskThread$WrappingRunnable.run(TaskThread.java:63)
	at java.base/java.lang.Thread.run(Thread.java:840)
2026-04-29 11:07:26.975 [http-nio-8080-exec-6] DEBUG [85ffb28f] [GET] [/favicon.ico] [0:0:0:0:0:0:0:1] o.s.w.s.m.m.a.HttpEntityMethodProcessor - Using 'application/json;q=0.8', given [image/avif, image/webp, image/apng, image/svg+xml, image/*, */*;q=0.8] and supported [application/json, application/*+json]
2026-04-29 11:07:26.975 [http-nio-8080-exec-6] DEBUG [85ffb28f] [GET] [/favicon.ico] [0:0:0:0:0:0:0:1] o.s.w.s.m.m.a.HttpEntityMethodProcessor - Writing [ErrorResponse{errorCode='INTERNAL_SERVER_ERROR', message='서버 내부 오류가 발생했습니다.', timestamp=2026-04-29T1 (truncated)...]
2026-04-29 11:07:26.978 [http-nio-8080-exec-6] WARN  [85ffb28f] [GET] [/favicon.ico] [0:0:0:0:0:0:0:1] o.s.w.s.m.m.a.ExceptionHandlerExceptionResolver - Resolved [org.springframework.web.servlet.resource.NoResourceFoundException: No static resource favicon.ico.]
2026-04-29 11:07:26.978 [http-nio-8080-exec-6] DEBUG [85ffb28f] [GET] [/favicon.ico] [0:0:0:0:0:0:0:1] o.s.web.servlet.DispatcherServlet - Completed 500 INTERNAL_SERVER_ERROR
2026-04-29 11:07:32.586 [http-nio-8080-exec-4] DEBUG [417929a9] [GET] [/] [0:0:0:0:0:0:0:1] o.s.web.servlet.DispatcherServlet - GET "/", parameters={}
2026-04-29 11:07:32.587 [http-nio-8080-exec-4] DEBUG [417929a9] [GET] [/] [0:0:0:0:0:0:0:1] o.s.w.s.h.SimpleUrlHandlerMapping - Mapped to ResourceHttpRequestHandler [classpath [META-INF/resources/], classpath [resources/], classpath [static/], classpath [public/], ServletContext [/]]
2026-04-29 11:07:32.588 [http-nio-8080-exec-4] DEBUG [417929a9] [GET] [/] [0:0:0:0:0:0:0:1] o.s.w.s.r.ResourceHttpRequestHandler - Resource not found
2026-04-29 11:07:32.588 [http-nio-8080-exec-4] DEBUG [417929a9] [GET] [/] [0:0:0:0:0:0:0:1] o.s.w.s.m.m.a.ExceptionHandlerExceptionResolver - Using @ExceptionHandler com.ohgiraffers.stability.section01.exception.handler.GlobalExceptionHandler#handleGenericException(Exception, HttpServletRequest)
2026-04-29 11:07:32.588 [http-nio-8080-exec-4] ERROR [417929a9] [GET] [/] [0:0:0:0:0:0:0:1] c.o.s.s.e.h.GlobalExceptionHandler - [s1][GlobalExceptionHandler] 예상하지 못한 오류 발생
org.springframework.web.servlet.resource.NoResourceFoundException: No static resource .
	at org.springframework.web.servlet.resource.ResourceHttpRequestHandler.handleRequest(ResourceHttpRequestHandler.java:585)
	at org.springframework.web.servlet.mvc.HttpRequestHandlerAdapter.handle(HttpRequestHandlerAdapter.java:52)
	at org.springframework.web.servlet.DispatcherServlet.doDispatch(DispatcherServlet.java:1089)
	at org.springframework.web.servlet.DispatcherServlet.doService(DispatcherServlet.java:979)
	at org.springframework.web.servlet.FrameworkServlet.processRequest(FrameworkServlet.java:1014)
	at org.springframework.web.servlet.FrameworkServlet.doGet(FrameworkServlet.java:903)
	at jakarta.servlet.http.HttpServlet.service(HttpServlet.java:564)
	at org.springframework.web.servlet.FrameworkServlet.service(FrameworkServlet.java:885)
	at jakarta.servlet.http.HttpServlet.service(HttpServlet.java:658)
	at org.apache.catalina.core.ApplicationFilterChain.internalDoFilter(ApplicationFilterChain.java:193)
	at org.apache.catalina.core.ApplicationFilterChain.doFilter(ApplicationFilterChain.java:138)
	at org.apache.tomcat.websocket.server.WsFilter.doFilter(WsFilter.java:51)
	at org.apache.catalina.core.ApplicationFilterChain.internalDoFilter(ApplicationFilterChain.java:162)
	at org.apache.catalina.core.ApplicationFilterChain.doFilter(ApplicationFilterChain.java:138)
	at com.ohgiraffers.stability.section02.logging.config.LoggingConfig$1.doFilterInternal(LoggingConfig.java:74)
	at org.springframework.web.filter.OncePerRequestFilter.doFilter(OncePerRequestFilter.java:116)
	at org.apache.catalina.core.ApplicationFilterChain.internalDoFilter(ApplicationFilterChain.java:162)
	at org.apache.catalina.core.ApplicationFilterChain.doFilter(ApplicationFilterChain.java:138)
	at org.springframework.web.filter.RequestContextFilter.doFilterInternal(RequestContextFilter.java:100)
	at org.springframework.web.filter.OncePerRequestFilter.doFilter(OncePerRequestFilter.java:116)
	at org.apache.catalina.core.ApplicationFilterChain.internalDoFilter(ApplicationFilterChain.java:162)
	at org.apache.catalina.core.ApplicationFilterChain.doFilter(ApplicationFilterChain.java:138)
	at org.springframework.web.filter.FormContentFilter.doFilterInternal(FormContentFilter.java:93)
	at org.springframework.web.filter.OncePerRequestFilter.doFilter(OncePerRequestFilter.java:116)
	at org.apache.catalina.core.ApplicationFilterChain.internalDoFilter(ApplicationFilterChain.java:162)
	at org.apache.catalina.core.ApplicationFilterChain.doFilter(ApplicationFilterChain.java:138)
	at org.springframework.web.filter.CharacterEncodingFilter.doFilterInternal(CharacterEncodingFilter.java:201)
	at org.springframework.web.filter.OncePerRequestFilter.doFilter(OncePerRequestFilter.java:116)
	at org.apache.catalina.core.ApplicationFilterChain.internalDoFilter(ApplicationFilterChain.java:162)
	at org.apache.catalina.core.ApplicationFilterChain.doFilter(ApplicationFilterChain.java:138)
	at org.apache.catalina.core.StandardWrapperValve.invoke(StandardWrapperValve.java:165)
	at org.apache.catalina.core.StandardContextValve.invoke(StandardContextValve.java:88)
	at org.apache.catalina.authenticator.AuthenticatorBase.invoke(AuthenticatorBase.java:482)
	at org.apache.catalina.core.StandardHostValve.invoke(StandardHostValve.java:113)
	at org.apache.catalina.valves.ErrorReportValve.invoke(ErrorReportValve.java:83)
	at org.apache.catalina.core.StandardEngineValve.invoke(StandardEngineValve.java:72)
	at org.apache.catalina.connector.CoyoteAdapter.service(CoyoteAdapter.java:342)
	at org.apache.coyote.http11.Http11Processor.service(Http11Processor.java:399)
	at org.apache.coyote.AbstractProcessorLight.process(AbstractProcessorLight.java:63)
	at org.apache.coyote.AbstractProtocol$ConnectionHandler.process(AbstractProtocol.java:903)
	at org.apache.tomcat.util.net.NioEndpoint$SocketProcessor.doRun(NioEndpoint.java:1774)
	at org.apache.tomcat.util.net.SocketProcessorBase.run(SocketProcessorBase.java:52)
	at org.apache.tomcat.util.threads.ThreadPoolExecutor.runWorker(ThreadPoolExecutor.java:973)
	at org.apache.tomcat.util.threads.ThreadPoolExecutor$Worker.run(ThreadPoolExecutor.java:491)
	at org.apache.tomcat.util.threads.TaskThread$WrappingRunnable.run(TaskThread.java:63)
	at java.base/java.lang.Thread.run(Thread.java:840)
2026-04-29 11:07:32.591 [http-nio-8080-exec-4] DEBUG [417929a9] [GET] [/] [0:0:0:0:0:0:0:1] o.s.w.s.m.m.a.HttpEntityMethodProcessor - Using 'application/json;q=0.8', given [text/html, application/xhtml+xml, image/avif, image/webp, image/apng, application/xml;q=0.9, */*;q=0.8, application/signed-exchange;v=b3;q=0.7] and supported [application/json, application/*+json]
2026-04-29 11:07:32.592 [http-nio-8080-exec-4] DEBUG [417929a9] [GET] [/] [0:0:0:0:0:0:0:1] o.s.w.s.m.m.a.HttpEntityMethodProcessor - Writing [ErrorResponse{errorCode='INTERNAL_SERVER_ERROR', message='서버 내부 오류가 발생했습니다.', timestamp=2026-04-29T1 (truncated)...]
2026-04-29 11:07:32.593 [http-nio-8080-exec-4] WARN  [417929a9] [GET] [/] [0:0:0:0:0:0:0:1] o.s.w.s.m.m.a.ExceptionHandlerExceptionResolver - Resolved [org.springframework.web.servlet.resource.NoResourceFoundException: No static resource .]
2026-04-29 11:07:32.593 [http-nio-8080-exec-4] DEBUG [417929a9] [GET] [/] [0:0:0:0:0:0:0:1] o.s.web.servlet.DispatcherServlet - Completed 500 INTERNAL_SERVER_ERROR
2026-04-29 11:07:32.607 [http-nio-8080-exec-5] DEBUG [64dcd2cc] [GET] [/favicon.ico] [0:0:0:0:0:0:0:1] o.s.web.servlet.DispatcherServlet - GET "/favicon.ico", parameters={}
2026-04-29 11:07:32.608 [http-nio-8080-exec-5] DEBUG [64dcd2cc] [GET] [/favicon.ico] [0:0:0:0:0:0:0:1] o.s.w.s.h.SimpleUrlHandlerMapping - Mapped to ResourceHttpRequestHandler [classpath [META-INF/resources/], classpath [resources/], classpath [static/], classpath [public/], ServletContext [/]]
2026-04-29 11:07:32.610 [http-nio-8080-exec-5] DEBUG [64dcd2cc] [GET] [/favicon.ico] [0:0:0:0:0:0:0:1] o.s.w.s.r.ResourceHttpRequestHandler - Resource not found
2026-04-29 11:07:32.611 [http-nio-8080-exec-5] DEBUG [64dcd2cc] [GET] [/favicon.ico] [0:0:0:0:0:0:0:1] o.s.w.s.m.m.a.ExceptionHandlerExceptionResolver - Using @ExceptionHandler com.ohgiraffers.stability.section01.exception.handler.GlobalExceptionHandler#handleGenericException(Exception, HttpServletRequest)
2026-04-29 11:07:32.611 [http-nio-8080-exec-5] ERROR [64dcd2cc] [GET] [/favicon.ico] [0:0:0:0:0:0:0:1] c.o.s.s.e.h.GlobalExceptionHandler - [s1][GlobalExceptionHandler] 예상하지 못한 오류 발생
org.springframework.web.servlet.resource.NoResourceFoundException: No static resource favicon.ico.
	at org.springframework.web.servlet.resource.ResourceHttpRequestHandler.handleRequest(ResourceHttpRequestHandler.java:585)
	at org.springframework.web.servlet.mvc.HttpRequestHandlerAdapter.handle(HttpRequestHandlerAdapter.java:52)
	at org.springframework.web.servlet.DispatcherServlet.doDispatch(DispatcherServlet.java:1089)
	at org.springframework.web.servlet.DispatcherServlet.doService(DispatcherServlet.java:979)
	at org.springframework.web.servlet.FrameworkServlet.processRequest(FrameworkServlet.java:1014)
	at org.springframework.web.servlet.FrameworkServlet.doGet(FrameworkServlet.java:903)
	at jakarta.servlet.http.HttpServlet.service(HttpServlet.java:564)
	at org.springframework.web.servlet.FrameworkServlet.service(FrameworkServlet.java:885)
	at jakarta.servlet.http.HttpServlet.service(HttpServlet.java:658)
	at org.apache.catalina.core.ApplicationFilterChain.internalDoFilter(ApplicationFilterChain.java:193)
	at org.apache.catalina.core.ApplicationFilterChain.doFilter(ApplicationFilterChain.java:138)
	at org.apache.tomcat.websocket.server.WsFilter.doFilter(WsFilter.java:51)
	at org.apache.catalina.core.ApplicationFilterChain.internalDoFilter(ApplicationFilterChain.java:162)
	at org.apache.catalina.core.ApplicationFilterChain.doFilter(ApplicationFilterChain.java:138)
	at com.ohgiraffers.stability.section02.logging.config.LoggingConfig$1.doFilterInternal(LoggingConfig.java:74)
	at org.springframework.web.filter.OncePerRequestFilter.doFilter(OncePerRequestFilter.java:116)
	at org.apache.catalina.core.ApplicationFilterChain.internalDoFilter(ApplicationFilterChain.java:162)
	at org.apache.catalina.core.ApplicationFilterChain.doFilter(ApplicationFilterChain.java:138)
	at org.springframework.web.filter.RequestContextFilter.doFilterInternal(RequestContextFilter.java:100)
	at org.springframework.web.filter.OncePerRequestFilter.doFilter(OncePerRequestFilter.java:116)
	at org.apache.catalina.core.ApplicationFilterChain.internalDoFilter(ApplicationFilterChain.java:162)
	at org.apache.catalina.core.ApplicationFilterChain.doFilter(ApplicationFilterChain.java:138)
	at org.springframework.web.filter.FormContentFilter.doFilterInternal(FormContentFilter.java:93)
	at org.springframework.web.filter.OncePerRequestFilter.doFilter(OncePerRequestFilter.java:116)
	at org.apache.catalina.core.ApplicationFilterChain.internalDoFilter(ApplicationFilterChain.java:162)
	at org.apache.catalina.core.ApplicationFilterChain.doFilter(ApplicationFilterChain.java:138)
	at org.springframework.web.filter.CharacterEncodingFilter.doFilterInternal(CharacterEncodingFilter.java:201)
	at org.springframework.web.filter.OncePerRequestFilter.doFilter(OncePerRequestFilter.java:116)
	at org.apache.catalina.core.ApplicationFilterChain.internalDoFilter(ApplicationFilterChain.java:162)
	at org.apache.catalina.core.ApplicationFilterChain.doFilter(ApplicationFilterChain.java:138)
	at org.apache.catalina.core.StandardWrapperValve.invoke(StandardWrapperValve.java:165)
	at org.apache.catalina.core.StandardContextValve.invoke(StandardContextValve.java:88)
	at org.apache.catalina.authenticator.AuthenticatorBase.invoke(AuthenticatorBase.java:482)
	at org.apache.catalina.core.StandardHostValve.invoke(StandardHostValve.java:113)
	at org.apache.catalina.valves.ErrorReportValve.invoke(ErrorReportValve.java:83)
	at org.apache.catalina.core.StandardEngineValve.invoke(StandardEngineValve.java:72)
	at org.apache.catalina.connector.CoyoteAdapter.service(CoyoteAdapter.java:342)
	at org.apache.coyote.http11.Http11Processor.service(Http11Processor.java:399)
	at org.apache.coyote.AbstractProcessorLight.process(AbstractProcessorLight.java:63)
	at org.apache.coyote.AbstractProtocol$ConnectionHandler.process(AbstractProtocol.java:903)
	at org.apache.tomcat.util.net.NioEndpoint$SocketProcessor.doRun(NioEndpoint.java:1774)
	at org.apache.tomcat.util.net.SocketProcessorBase.run(SocketProcessorBase.java:52)
	at org.apache.tomcat.util.threads.ThreadPoolExecutor.runWorker(ThreadPoolExecutor.java:973)
	at org.apache.tomcat.util.threads.ThreadPoolExecutor$Worker.run(ThreadPoolExecutor.java:491)
	at org.apache.tomcat.util.threads.TaskThread$WrappingRunnable.run(TaskThread.java:63)
	at java.base/java.lang.Thread.run(Thread.java:840)
2026-04-29 11:07:32.612 [http-nio-8080-exec-5] DEBUG [64dcd2cc] [GET] [/favicon.ico] [0:0:0:0:0:0:0:1] o.s.w.s.m.m.a.HttpEntityMethodProcessor - Using 'application/json;q=0.8', given [image/avif, image/webp, image/apng, image/svg+xml, image/*, */*;q=0.8] and supported [application/json, application/*+json]
2026-04-29 11:07:32.612 [http-nio-8080-exec-5] DEBUG [64dcd2cc] [GET] [/favicon.ico] [0:0:0:0:0:0:0:1] o.s.w.s.m.m.a.HttpEntityMethodProcessor - Writing [ErrorResponse{errorCode='INTERNAL_SERVER_ERROR', message='서버 내부 오류가 발생했습니다.', timestamp=2026-04-29T1 (truncated)...]
2026-04-29 11:07:32.612 [http-nio-8080-exec-5] WARN  [64dcd2cc] [GET] [/favicon.ico] [0:0:0:0:0:0:0:1] o.s.w.s.m.m.a.ExceptionHandlerExceptionResolver - Resolved [org.springframework.web.servlet.resource.NoResourceFoundException: No static resource favicon.ico.]
2026-04-29 11:07:32.613 [http-nio-8080-exec-5] DEBUG [64dcd2cc] [GET] [/favicon.ico] [0:0:0:0:0:0:0:1] o.s.web.servlet.DispatcherServlet - Completed 500 INTERNAL_SERVER_ERROR
2026-04-29 11:08:28.471 [http-nio-8080-exec-1] DEBUG [c0de68d5] [GET] [/favicon.ico] [0:0:0:0:0:0:0:1] o.s.web.servlet.DispatcherServlet - GET "/favicon.ico", parameters={}
2026-04-29 11:08:28.473 [http-nio-8080-exec-1] DEBUG [c0de68d5] [GET] [/favicon.ico] [0:0:0:0:0:0:0:1] o.s.w.s.h.SimpleUrlHandlerMapping - Mapped to ResourceHttpRequestHandler [classpath [META-INF/resources/], classpath [resources/], classpath [static/], classpath [public/], ServletContext [/]]
2026-04-29 11:08:28.476 [http-nio-8080-exec-1] DEBUG [c0de68d5] [GET] [/favicon.ico] [0:0:0:0:0:0:0:1] o.s.w.s.r.ResourceHttpRequestHandler - Resource not found
2026-04-29 11:08:28.477 [http-nio-8080-exec-1] DEBUG [c0de68d5] [GET] [/favicon.ico] [0:0:0:0:0:0:0:1] o.s.w.s.m.m.a.ExceptionHandlerExceptionResolver - Using @ExceptionHandler com.ohgiraffers.stability.section01.exception.handler.GlobalExceptionHandler#handleGenericException(Exception, HttpServletRequest)
2026-04-29 11:08:28.477 [http-nio-8080-exec-1] ERROR [c0de68d5] [GET] [/favicon.ico] [0:0:0:0:0:0:0:1] c.o.s.s.e.h.GlobalExceptionHandler - [s1][GlobalExceptionHandler] 예상하지 못한 오류 발생
org.springframework.web.servlet.resource.NoResourceFoundException: No static resource favicon.ico.
	at org.springframework.web.servlet.resource.ResourceHttpRequestHandler.handleRequest(ResourceHttpRequestHandler.java:585)
	at org.springframework.web.servlet.mvc.HttpRequestHandlerAdapter.handle(HttpRequestHandlerAdapter.java:52)
	at org.springframework.web.servlet.DispatcherServlet.doDispatch(DispatcherServlet.java:1089)
	at org.springframework.web.servlet.DispatcherServlet.doService(DispatcherServlet.java:979)
	at org.springframework.web.servlet.FrameworkServlet.processRequest(FrameworkServlet.java:1014)
	at org.springframework.web.servlet.FrameworkServlet.doGet(FrameworkServlet.java:903)
	at jakarta.servlet.http.HttpServlet.service(HttpServlet.java:564)
	at org.springframework.web.servlet.FrameworkServlet.service(FrameworkServlet.java:885)
	at jakarta.servlet.http.HttpServlet.service(HttpServlet.java:658)
	at org.apache.catalina.core.ApplicationFilterChain.internalDoFilter(ApplicationFilterChain.java:193)
	at org.apache.catalina.core.ApplicationFilterChain.doFilter(ApplicationFilterChain.java:138)
	at org.apache.tomcat.websocket.server.WsFilter.doFilter(WsFilter.java:51)
	at org.apache.catalina.core.ApplicationFilterChain.internalDoFilter(ApplicationFilterChain.java:162)
	at org.apache.catalina.core.ApplicationFilterChain.doFilter(ApplicationFilterChain.java:138)
	at com.ohgiraffers.stability.section02.logging.config.LoggingConfig$1.doFilterInternal(LoggingConfig.java:74)
	at org.springframework.web.filter.OncePerRequestFilter.doFilter(OncePerRequestFilter.java:116)
	at org.apache.catalina.core.ApplicationFilterChain.internalDoFilter(ApplicationFilterChain.java:162)
	at org.apache.catalina.core.ApplicationFilterChain.doFilter(ApplicationFilterChain.java:138)
	at org.springframework.web.filter.RequestContextFilter.doFilterInternal(RequestContextFilter.java:100)
	at org.springframework.web.filter.OncePerRequestFilter.doFilter(OncePerRequestFilter.java:116)
	at org.apache.catalina.core.ApplicationFilterChain.internalDoFilter(ApplicationFilterChain.java:162)
	at org.apache.catalina.core.ApplicationFilterChain.doFilter(ApplicationFilterChain.java:138)
	at org.springframework.web.filter.FormContentFilter.doFilterInternal(FormContentFilter.java:93)
	at org.springframework.web.filter.OncePerRequestFilter.doFilter(OncePerRequestFilter.java:116)
	at org.apache.catalina.core.ApplicationFilterChain.internalDoFilter(ApplicationFilterChain.java:162)
	at org.apache.catalina.core.ApplicationFilterChain.doFilter(ApplicationFilterChain.java:138)
	at org.springframework.web.filter.CharacterEncodingFilter.doFilterInternal(CharacterEncodingFilter.java:201)
	at org.springframework.web.filter.OncePerRequestFilter.doFilter(OncePerRequestFilter.java:116)
	at org.apache.catalina.core.ApplicationFilterChain.internalDoFilter(ApplicationFilterChain.java:162)
	at org.apache.catalina.core.ApplicationFilterChain.doFilter(ApplicationFilterChain.java:138)
	at org.apache.catalina.core.StandardWrapperValve.invoke(StandardWrapperValve.java:165)
	at org.apache.catalina.core.StandardContextValve.invoke(StandardContextValve.java:88)
	at org.apache.catalina.authenticator.AuthenticatorBase.invoke(AuthenticatorBase.java:482)
	at org.apache.catalina.core.StandardHostValve.invoke(StandardHostValve.java:113)
	at org.apache.catalina.valves.ErrorReportValve.invoke(ErrorReportValve.java:83)
	at org.apache.catalina.core.StandardEngineValve.invoke(StandardEngineValve.java:72)
	at org.apache.catalina.connector.CoyoteAdapter.service(CoyoteAdapter.java:342)
	at org.apache.coyote.http11.Http11Processor.service(Http11Processor.java:399)
	at org.apache.coyote.AbstractProcessorLight.process(AbstractProcessorLight.java:63)
	at org.apache.coyote.AbstractProtocol$ConnectionHandler.process(AbstractProtocol.java:903)
	at org.apache.tomcat.util.net.NioEndpoint$SocketProcessor.doRun(NioEndpoint.java:1774)
	at org.apache.tomcat.util.net.SocketProcessorBase.run(SocketProcessorBase.java:52)
	at org.apache.tomcat.util.threads.ThreadPoolExecutor.runWorker(ThreadPoolExecutor.java:973)
	at org.apache.tomcat.util.threads.ThreadPoolExecutor$Worker.run(ThreadPoolExecutor.java:491)
	at org.apache.tomcat.util.threads.TaskThread$WrappingRunnable.run(TaskThread.java:63)
	at java.base/java.lang.Thread.run(Thread.java:840)
2026-04-29 11:08:28.523 [http-nio-8080-exec-1] DEBUG [c0de68d5] [GET] [/favicon.ico] [0:0:0:0:0:0:0:1] o.s.w.s.m.m.a.HttpEntityMethodProcessor - Using 'application/json;q=0.8', given [image/avif, image/webp, image/apng, image/svg+xml, image/*, */*;q=0.8] and supported [application/json, application/*+json]
2026-04-29 11:08:28.523 [http-nio-8080-exec-1] DEBUG [c0de68d5] [GET] [/favicon.ico] [0:0:0:0:0:0:0:1] o.s.w.s.m.m.a.HttpEntityMethodProcessor - Writing [ErrorResponse{errorCode='INTERNAL_SERVER_ERROR', message='서버 내부 오류가 발생했습니다.', timestamp=2026-04-29T1 (truncated)...]
2026-04-29 11:08:28.523 [http-nio-8080-exec-1] WARN  [c0de68d5] [GET] [/favicon.ico] [0:0:0:0:0:0:0:1] o.s.w.s.m.m.a.ExceptionHandlerExceptionResolver - Resolved [org.springframework.web.servlet.resource.NoResourceFoundException: No static resource favicon.ico.]
2026-04-29 11:08:28.524 [http-nio-8080-exec-1] DEBUG [c0de68d5] [GET] [/favicon.ico] [0:0:0:0:0:0:0:1] o.s.web.servlet.DispatcherServlet - Completed 500 INTERNAL_SERVER_ERROR
2026-04-29 11:08:47.571 [http-nio-8080-exec-5] DEBUG [db976d31] [GET] [/favicon.ico] [0:0:0:0:0:0:0:1] o.s.web.servlet.DispatcherServlet - GET "/favicon.ico", parameters={}
2026-04-29 11:08:47.571 [http-nio-8080-exec-5] DEBUG [db976d31] [GET] [/favicon.ico] [0:0:0:0:0:0:0:1] o.s.w.s.h.SimpleUrlHandlerMapping - Mapped to ResourceHttpRequestHandler [classpath [META-INF/resources/], classpath [resources/], classpath [static/], classpath [public/], ServletContext [/]]
2026-04-29 11:08:47.574 [http-nio-8080-exec-5] DEBUG [db976d31] [GET] [/favicon.ico] [0:0:0:0:0:0:0:1] o.s.w.s.r.ResourceHttpRequestHandler - Resource not found
2026-04-29 11:08:47.574 [http-nio-8080-exec-5] DEBUG [db976d31] [GET] [/favicon.ico] [0:0:0:0:0:0:0:1] o.s.w.s.m.m.a.ExceptionHandlerExceptionResolver - Using @ExceptionHandler com.ohgiraffers.stability.section01.exception.handler.GlobalExceptionHandler#handleGenericException(Exception, HttpServletRequest)
2026-04-29 11:08:47.575 [http-nio-8080-exec-5] ERROR [db976d31] [GET] [/favicon.ico] [0:0:0:0:0:0:0:1] c.o.s.s.e.h.GlobalExceptionHandler - [s1][GlobalExceptionHandler] 예상하지 못한 오류 발생
org.springframework.web.servlet.resource.NoResourceFoundException: No static resource favicon.ico.
	at org.springframework.web.servlet.resource.ResourceHttpRequestHandler.handleRequest(ResourceHttpRequestHandler.java:585)
	at org.springframework.web.servlet.mvc.HttpRequestHandlerAdapter.handle(HttpRequestHandlerAdapter.java:52)
	at org.springframework.web.servlet.DispatcherServlet.doDispatch(DispatcherServlet.java:1089)
	at org.springframework.web.servlet.DispatcherServlet.doService(DispatcherServlet.java:979)
	at org.springframework.web.servlet.FrameworkServlet.processRequest(FrameworkServlet.java:1014)
	at org.springframework.web.servlet.FrameworkServlet.doGet(FrameworkServlet.java:903)
	at jakarta.servlet.http.HttpServlet.service(HttpServlet.java:564)
	at org.springframework.web.servlet.FrameworkServlet.service(FrameworkServlet.java:885)
	at jakarta.servlet.http.HttpServlet.service(HttpServlet.java:658)
	at org.apache.catalina.core.ApplicationFilterChain.internalDoFilter(ApplicationFilterChain.java:193)
	at org.apache.catalina.core.ApplicationFilterChain.doFilter(ApplicationFilterChain.java:138)
	at org.apache.tomcat.websocket.server.WsFilter.doFilter(WsFilter.java:51)
	at org.apache.catalina.core.ApplicationFilterChain.internalDoFilter(ApplicationFilterChain.java:162)
	at org.apache.catalina.core.ApplicationFilterChain.doFilter(ApplicationFilterChain.java:138)
	at com.ohgiraffers.stability.section02.logging.config.LoggingConfig$1.doFilterInternal(LoggingConfig.java:74)
	at org.springframework.web.filter.OncePerRequestFilter.doFilter(OncePerRequestFilter.java:116)
	at org.apache.catalina.core.ApplicationFilterChain.internalDoFilter(ApplicationFilterChain.java:162)
	at org.apache.catalina.core.ApplicationFilterChain.doFilter(ApplicationFilterChain.java:138)
	at org.springframework.web.filter.RequestContextFilter.doFilterInternal(RequestContextFilter.java:100)
	at org.springframework.web.filter.OncePerRequestFilter.doFilter(OncePerRequestFilter.java:116)
	at org.apache.catalina.core.ApplicationFilterChain.internalDoFilter(ApplicationFilterChain.java:162)
	at org.apache.catalina.core.ApplicationFilterChain.doFilter(ApplicationFilterChain.java:138)
	at org.springframework.web.filter.FormContentFilter.doFilterInternal(FormContentFilter.java:93)
	at org.springframework.web.filter.OncePerRequestFilter.doFilter(OncePerRequestFilter.java:116)
	at org.apache.catalina.core.ApplicationFilterChain.internalDoFilter(ApplicationFilterChain.java:162)
	at org.apache.catalina.core.ApplicationFilterChain.doFilter(ApplicationFilterChain.java:138)
	at org.springframework.web.filter.CharacterEncodingFilter.doFilterInternal(CharacterEncodingFilter.java:201)
	at org.springframework.web.filter.OncePerRequestFilter.doFilter(OncePerRequestFilter.java:116)
	at org.apache.catalina.core.ApplicationFilterChain.internalDoFilter(ApplicationFilterChain.java:162)
	at org.apache.catalina.core.ApplicationFilterChain.doFilter(ApplicationFilterChain.java:138)
	at org.apache.catalina.core.StandardWrapperValve.invoke(StandardWrapperValve.java:165)
	at org.apache.catalina.core.StandardContextValve.invoke(StandardContextValve.java:88)
	at org.apache.catalina.authenticator.AuthenticatorBase.invoke(AuthenticatorBase.java:482)
	at org.apache.catalina.core.StandardHostValve.invoke(StandardHostValve.java:113)
	at org.apache.catalina.valves.ErrorReportValve.invoke(ErrorReportValve.java:83)
	at org.apache.catalina.core.StandardEngineValve.invoke(StandardEngineValve.java:72)
	at org.apache.catalina.connector.CoyoteAdapter.service(CoyoteAdapter.java:342)
	at org.apache.coyote.http11.Http11Processor.service(Http11Processor.java:399)
	at org.apache.coyote.AbstractProcessorLight.process(AbstractProcessorLight.java:63)
	at org.apache.coyote.AbstractProtocol$ConnectionHandler.process(AbstractProtocol.java:903)
	at org.apache.tomcat.util.net.NioEndpoint$SocketProcessor.doRun(NioEndpoint.java:1774)
	at org.apache.tomcat.util.net.SocketProcessorBase.run(SocketProcessorBase.java:52)
	at org.apache.tomcat.util.threads.ThreadPoolExecutor.runWorker(ThreadPoolExecutor.java:973)
	at org.apache.tomcat.util.threads.ThreadPoolExecutor$Worker.run(ThreadPoolExecutor.java:491)
	at org.apache.tomcat.util.threads.TaskThread$WrappingRunnable.run(TaskThread.java:63)
	at java.base/java.lang.Thread.run(Thread.java:840)
2026-04-29 11:08:47.575 [http-nio-8080-exec-5] DEBUG [db976d31] [GET] [/favicon.ico] [0:0:0:0:0:0:0:1] o.s.w.s.m.m.a.HttpEntityMethodProcessor - Using 'application/json;q=0.8', given [image/avif, image/webp, image/apng, image/svg+xml, image/*, */*;q=0.8] and supported [application/json, application/*+json]
2026-04-29 11:08:47.576 [http-nio-8080-exec-5] DEBUG [db976d31] [GET] [/favicon.ico] [0:0:0:0:0:0:0:1] o.s.w.s.m.m.a.HttpEntityMethodProcessor - Writing [ErrorResponse{errorCode='INTERNAL_SERVER_ERROR', message='서버 내부 오류가 발생했습니다.', timestamp=2026-04-29T1 (truncated)...]
2026-04-29 11:08:47.576 [http-nio-8080-exec-5] WARN  [db976d31] [GET] [/favicon.ico] [0:0:0:0:0:0:0:1] o.s.w.s.m.m.a.ExceptionHandlerExceptionResolver - Resolved [org.springframework.web.servlet.resource.NoResourceFoundException: No static resource favicon.ico.]
2026-04-29 11:08:47.576 [http-nio-8080-exec-5] DEBUG [db976d31] [GET] [/favicon.ico] [0:0:0:0:0:0:0:1] o.s.web.servlet.DispatcherServlet - Completed 500 INTERNAL_SERVER_ERROR
2026-04-29 11:08:58.244 [http-nio-8080-exec-9] DEBUG [8470583f] [GET] [/favicon.ico] [0:0:0:0:0:0:0:1] o.s.web.servlet.DispatcherServlet - GET "/favicon.ico", parameters={}
2026-04-29 11:08:58.245 [http-nio-8080-exec-9] DEBUG [8470583f] [GET] [/favicon.ico] [0:0:0:0:0:0:0:1] o.s.w.s.h.SimpleUrlHandlerMapping - Mapped to ResourceHttpRequestHandler [classpath [META-INF/resources/], classpath [resources/], classpath [static/], classpath [public/], ServletContext [/]]
2026-04-29 11:08:58.247 [http-nio-8080-exec-9] DEBUG [8470583f] [GET] [/favicon.ico] [0:0:0:0:0:0:0:1] o.s.w.s.r.ResourceHttpRequestHandler - Resource not found
2026-04-29 11:08:58.248 [http-nio-8080-exec-9] DEBUG [8470583f] [GET] [/favicon.ico] [0:0:0:0:0:0:0:1] o.s.w.s.m.m.a.ExceptionHandlerExceptionResolver - Using @ExceptionHandler com.ohgiraffers.stability.section01.exception.handler.GlobalExceptionHandler#handleGenericException(Exception, HttpServletRequest)
2026-04-29 11:08:58.248 [http-nio-8080-exec-9] ERROR [8470583f] [GET] [/favicon.ico] [0:0:0:0:0:0:0:1] c.o.s.s.e.h.GlobalExceptionHandler - [s1][GlobalExceptionHandler] 예상하지 못한 오류 발생
org.springframework.web.servlet.resource.NoResourceFoundException: No static resource favicon.ico.
	at org.springframework.web.servlet.resource.ResourceHttpRequestHandler.handleRequest(ResourceHttpRequestHandler.java:585)
	at org.springframework.web.servlet.mvc.HttpRequestHandlerAdapter.handle(HttpRequestHandlerAdapter.java:52)
	at org.springframework.web.servlet.DispatcherServlet.doDispatch(DispatcherServlet.java:1089)
	at org.springframework.web.servlet.DispatcherServlet.doService(DispatcherServlet.java:979)
	at org.springframework.web.servlet.FrameworkServlet.processRequest(FrameworkServlet.java:1014)
	at org.springframework.web.servlet.FrameworkServlet.doGet(FrameworkServlet.java:903)
	at jakarta.servlet.http.HttpServlet.service(HttpServlet.java:564)
	at org.springframework.web.servlet.FrameworkServlet.service(FrameworkServlet.java:885)
	at jakarta.servlet.http.HttpServlet.service(HttpServlet.java:658)
	at org.apache.catalina.core.ApplicationFilterChain.internalDoFilter(ApplicationFilterChain.java:193)
	at org.apache.catalina.core.ApplicationFilterChain.doFilter(ApplicationFilterChain.java:138)
	at org.apache.tomcat.websocket.server.WsFilter.doFilter(WsFilter.java:51)
	at org.apache.catalina.core.ApplicationFilterChain.internalDoFilter(ApplicationFilterChain.java:162)
	at org.apache.catalina.core.ApplicationFilterChain.doFilter(ApplicationFilterChain.java:138)
	at com.ohgiraffers.stability.section02.logging.config.LoggingConfig$1.doFilterInternal(LoggingConfig.java:74)
	at org.springframework.web.filter.OncePerRequestFilter.doFilter(OncePerRequestFilter.java:116)
	at org.apache.catalina.core.ApplicationFilterChain.internalDoFilter(ApplicationFilterChain.java:162)
	at org.apache.catalina.core.ApplicationFilterChain.doFilter(ApplicationFilterChain.java:138)
	at org.springframework.web.filter.RequestContextFilter.doFilterInternal(RequestContextFilter.java:100)
	at org.springframework.web.filter.OncePerRequestFilter.doFilter(OncePerRequestFilter.java:116)
	at org.apache.catalina.core.ApplicationFilterChain.internalDoFilter(ApplicationFilterChain.java:162)
	at org.apache.catalina.core.ApplicationFilterChain.doFilter(ApplicationFilterChain.java:138)
	at org.springframework.web.filter.FormContentFilter.doFilterInternal(FormContentFilter.java:93)
	at org.springframework.web.filter.OncePerRequestFilter.doFilter(OncePerRequestFilter.java:116)
	at org.apache.catalina.core.ApplicationFilterChain.internalDoFilter(ApplicationFilterChain.java:162)
	at org.apache.catalina.core.ApplicationFilterChain.doFilter(ApplicationFilterChain.java:138)
	at org.springframework.web.filter.CharacterEncodingFilter.doFilterInternal(CharacterEncodingFilter.java:201)
	at org.springframework.web.filter.OncePerRequestFilter.doFilter(OncePerRequestFilter.java:116)
	at org.apache.catalina.core.ApplicationFilterChain.internalDoFilter(ApplicationFilterChain.java:162)
	at org.apache.catalina.core.ApplicationFilterChain.doFilter(ApplicationFilterChain.java:138)
	at org.apache.catalina.core.StandardWrapperValve.invoke(StandardWrapperValve.java:165)
	at org.apache.catalina.core.StandardContextValve.invoke(StandardContextValve.java:88)
	at org.apache.catalina.authenticator.AuthenticatorBase.invoke(AuthenticatorBase.java:482)
	at org.apache.catalina.core.StandardHostValve.invoke(StandardHostValve.java:113)
	at org.apache.catalina.valves.ErrorReportValve.invoke(ErrorReportValve.java:83)
	at org.apache.catalina.core.StandardEngineValve.invoke(StandardEngineValve.java:72)
	at org.apache.catalina.connector.CoyoteAdapter.service(CoyoteAdapter.java:342)
	at org.apache.coyote.http11.Http11Processor.service(Http11Processor.java:399)
	at org.apache.coyote.AbstractProcessorLight.process(AbstractProcessorLight.java:63)
	at org.apache.coyote.AbstractProtocol$ConnectionHandler.process(AbstractProtocol.java:903)
	at org.apache.tomcat.util.net.NioEndpoint$SocketProcessor.doRun(NioEndpoint.java:1774)
	at org.apache.tomcat.util.net.SocketProcessorBase.run(SocketProcessorBase.java:52)
	at org.apache.tomcat.util.threads.ThreadPoolExecutor.runWorker(ThreadPoolExecutor.java:973)
	at org.apache.tomcat.util.threads.ThreadPoolExecutor$Worker.run(ThreadPoolExecutor.java:491)
	at org.apache.tomcat.util.threads.TaskThread$WrappingRunnable.run(TaskThread.java:63)
	at java.base/java.lang.Thread.run(Thread.java:840)
2026-04-29 11:08:58.250 [http-nio-8080-exec-9] DEBUG [8470583f] [GET] [/favicon.ico] [0:0:0:0:0:0:0:1] o.s.w.s.m.m.a.HttpEntityMethodProcessor - Using 'application/json;q=0.8', given [image/avif, image/webp, image/apng, image/svg+xml, image/*, */*;q=0.8] and supported [application/json, application/*+json]
2026-04-29 11:08:58.250 [http-nio-8080-exec-9] DEBUG [8470583f] [GET] [/favicon.ico] [0:0:0:0:0:0:0:1] o.s.w.s.m.m.a.HttpEntityMethodProcessor - Writing [ErrorResponse{errorCode='INTERNAL_SERVER_ERROR', message='서버 내부 오류가 발생했습니다.', timestamp=2026-04-29T1 (truncated)...]
2026-04-29 11:08:58.250 [http-nio-8080-exec-9] WARN  [8470583f] [GET] [/favicon.ico] [0:0:0:0:0:0:0:1] o.s.w.s.m.m.a.ExceptionHandlerExceptionResolver - Resolved [org.springframework.web.servlet.resource.NoResourceFoundException: No static resource favicon.ico.]
2026-04-29 11:08:58.251 [http-nio-8080-exec-9] DEBUG [8470583f] [GET] [/favicon.ico] [0:0:0:0:0:0:0:1] o.s.web.servlet.DispatcherServlet - Completed 500 INTERNAL_SERVER_ERROR
2026-04-29 11:09:19.442 [http-nio-8080-exec-2] DEBUG [13fa62cf] [GET] [/favicon.ico] [0:0:0:0:0:0:0:1] o.s.web.servlet.DispatcherServlet - GET "/favicon.ico", parameters={}
2026-04-29 11:09:19.443 [http-nio-8080-exec-2] DEBUG [13fa62cf] [GET] [/favicon.ico] [0:0:0:0:0:0:0:1] o.s.w.s.h.SimpleUrlHandlerMapping - Mapped to ResourceHttpRequestHandler [classpath [META-INF/resources/], classpath [resources/], classpath [static/], classpath [public/], ServletContext [/]]
2026-04-29 11:09:19.444 [http-nio-8080-exec-2] DEBUG [13fa62cf] [GET] [/favicon.ico] [0:0:0:0:0:0:0:1] o.s.w.s.r.ResourceHttpRequestHandler - Resource not found
2026-04-29 11:09:19.444 [http-nio-8080-exec-2] DEBUG [13fa62cf] [GET] [/favicon.ico] [0:0:0:0:0:0:0:1] o.s.w.s.m.m.a.ExceptionHandlerExceptionResolver - Using @ExceptionHandler com.ohgiraffers.stability.section01.exception.handler.GlobalExceptionHandler#handleGenericException(Exception, HttpServletRequest)
2026-04-29 11:09:19.444 [http-nio-8080-exec-2] ERROR [13fa62cf] [GET] [/favicon.ico] [0:0:0:0:0:0:0:1] c.o.s.s.e.h.GlobalExceptionHandler - [s1][GlobalExceptionHandler] 예상하지 못한 오류 발생
org.springframework.web.servlet.resource.NoResourceFoundException: No static resource favicon.ico.
	at org.springframework.web.servlet.resource.ResourceHttpRequestHandler.handleRequest(ResourceHttpRequestHandler.java:585)
	at org.springframework.web.servlet.mvc.HttpRequestHandlerAdapter.handle(HttpRequestHandlerAdapter.java:52)
	at org.springframework.web.servlet.DispatcherServlet.doDispatch(DispatcherServlet.java:1089)
	at org.springframework.web.servlet.DispatcherServlet.doService(DispatcherServlet.java:979)
	at org.springframework.web.servlet.FrameworkServlet.processRequest(FrameworkServlet.java:1014)
	at org.springframework.web.servlet.FrameworkServlet.doGet(FrameworkServlet.java:903)
	at jakarta.servlet.http.HttpServlet.service(HttpServlet.java:564)
	at org.springframework.web.servlet.FrameworkServlet.service(FrameworkServlet.java:885)
	at jakarta.servlet.http.HttpServlet.service(HttpServlet.java:658)
	at org.apache.catalina.core.ApplicationFilterChain.internalDoFilter(ApplicationFilterChain.java:193)
	at org.apache.catalina.core.ApplicationFilterChain.doFilter(ApplicationFilterChain.java:138)
	at org.apache.tomcat.websocket.server.WsFilter.doFilter(WsFilter.java:51)
	at org.apache.catalina.core.ApplicationFilterChain.internalDoFilter(ApplicationFilterChain.java:162)
	at org.apache.catalina.core.ApplicationFilterChain.doFilter(ApplicationFilterChain.java:138)
	at com.ohgiraffers.stability.section02.logging.config.LoggingConfig$1.doFilterInternal(LoggingConfig.java:74)
	at org.springframework.web.filter.OncePerRequestFilter.doFilter(OncePerRequestFilter.java:116)
	at org.apache.catalina.core.ApplicationFilterChain.internalDoFilter(ApplicationFilterChain.java:162)
	at org.apache.catalina.core.ApplicationFilterChain.doFilter(ApplicationFilterChain.java:138)
	at org.springframework.web.filter.RequestContextFilter.doFilterInternal(RequestContextFilter.java:100)
	at org.springframework.web.filter.OncePerRequestFilter.doFilter(OncePerRequestFilter.java:116)
	at org.apache.catalina.core.ApplicationFilterChain.internalDoFilter(ApplicationFilterChain.java:162)
	at org.apache.catalina.core.ApplicationFilterChain.doFilter(ApplicationFilterChain.java:138)
	at org.springframework.web.filter.FormContentFilter.doFilterInternal(FormContentFilter.java:93)
	at org.springframework.web.filter.OncePerRequestFilter.doFilter(OncePerRequestFilter.java:116)
	at org.apache.catalina.core.ApplicationFilterChain.internalDoFilter(ApplicationFilterChain.java:162)
	at org.apache.catalina.core.ApplicationFilterChain.doFilter(ApplicationFilterChain.java:138)
	at org.springframework.web.filter.CharacterEncodingFilter.doFilterInternal(CharacterEncodingFilter.java:201)
	at org.springframework.web.filter.OncePerRequestFilter.doFilter(OncePerRequestFilter.java:116)
	at org.apache.catalina.core.ApplicationFilterChain.internalDoFilter(ApplicationFilterChain.java:162)
	at org.apache.catalina.core.ApplicationFilterChain.doFilter(ApplicationFilterChain.java:138)
	at org.apache.catalina.core.StandardWrapperValve.invoke(StandardWrapperValve.java:165)
	at org.apache.catalina.core.StandardContextValve.invoke(StandardContextValve.java:88)
	at org.apache.catalina.authenticator.AuthenticatorBase.invoke(AuthenticatorBase.java:482)
	at org.apache.catalina.core.StandardHostValve.invoke(StandardHostValve.java:113)
	at org.apache.catalina.valves.ErrorReportValve.invoke(ErrorReportValve.java:83)
	at org.apache.catalina.core.StandardEngineValve.invoke(StandardEngineValve.java:72)
	at org.apache.catalina.connector.CoyoteAdapter.service(CoyoteAdapter.java:342)
	at org.apache.coyote.http11.Http11Processor.service(Http11Processor.java:399)
	at org.apache.coyote.AbstractProcessorLight.process(AbstractProcessorLight.java:63)
	at org.apache.coyote.AbstractProtocol$ConnectionHandler.process(AbstractProtocol.java:903)
	at org.apache.tomcat.util.net.NioEndpoint$SocketProcessor.doRun(NioEndpoint.java:1774)
	at org.apache.tomcat.util.net.SocketProcessorBase.run(SocketProcessorBase.java:52)
	at org.apache.tomcat.util.threads.ThreadPoolExecutor.runWorker(ThreadPoolExecutor.java:973)
	at org.apache.tomcat.util.threads.ThreadPoolExecutor$Worker.run(ThreadPoolExecutor.java:491)
	at org.apache.tomcat.util.threads.TaskThread$WrappingRunnable.run(TaskThread.java:63)
	at java.base/java.lang.Thread.run(Thread.java:840)
2026-04-29 11:09:19.445 [http-nio-8080-exec-2] DEBUG [13fa62cf] [GET] [/favicon.ico] [0:0:0:0:0:0:0:1] o.s.w.s.m.m.a.HttpEntityMethodProcessor - Using 'application/json;q=0.8', given [image/avif, image/webp, image/apng, image/svg+xml, image/*, */*;q=0.8] and supported [application/json, application/*+json]
2026-04-29 11:09:19.445 [http-nio-8080-exec-2] DEBUG [13fa62cf] [GET] [/favicon.ico] [0:0:0:0:0:0:0:1] o.s.w.s.m.m.a.HttpEntityMethodProcessor - Writing [ErrorResponse{errorCode='INTERNAL_SERVER_ERROR', message='서버 내부 오류가 발생했습니다.', timestamp=2026-04-29T1 (truncated)...]
2026-04-29 11:09:19.446 [http-nio-8080-exec-2] WARN  [13fa62cf] [GET] [/favicon.ico] [0:0:0:0:0:0:0:1] o.s.w.s.m.m.a.ExceptionHandlerExceptionResolver - Resolved [org.springframework.web.servlet.resource.NoResourceFoundException: No static resource favicon.ico.]
2026-04-29 11:09:19.447 [http-nio-8080-exec-2] DEBUG [13fa62cf] [GET] [/favicon.ico] [0:0:0:0:0:0:0:1] o.s.web.servlet.DispatcherServlet - Completed 500 INTERNAL_SERVER_ERROR
2026-04-29 11:09:25.133 [http-nio-8080-exec-4] DEBUG [0dd29c60] [GET] [/favicon.ico] [0:0:0:0:0:0:0:1] o.s.web.servlet.DispatcherServlet - GET "/favicon.ico", parameters={}
2026-04-29 11:09:25.134 [http-nio-8080-exec-4] DEBUG [0dd29c60] [GET] [/favicon.ico] [0:0:0:0:0:0:0:1] o.s.w.s.h.SimpleUrlHandlerMapping - Mapped to ResourceHttpRequestHandler [classpath [META-INF/resources/], classpath [resources/], classpath [static/], classpath [public/], ServletContext [/]]
2026-04-29 11:09:25.135 [http-nio-8080-exec-4] DEBUG [0dd29c60] [GET] [/favicon.ico] [0:0:0:0:0:0:0:1] o.s.w.s.r.ResourceHttpRequestHandler - Resource not found
2026-04-29 11:09:25.136 [http-nio-8080-exec-4] DEBUG [0dd29c60] [GET] [/favicon.ico] [0:0:0:0:0:0:0:1] o.s.w.s.m.m.a.ExceptionHandlerExceptionResolver - Using @ExceptionHandler com.ohgiraffers.stability.section01.exception.handler.GlobalExceptionHandler#handleGenericException(Exception, HttpServletRequest)
2026-04-29 11:09:25.136 [http-nio-8080-exec-4] ERROR [0dd29c60] [GET] [/favicon.ico] [0:0:0:0:0:0:0:1] c.o.s.s.e.h.GlobalExceptionHandler - [s1][GlobalExceptionHandler] 예상하지 못한 오류 발생
org.springframework.web.servlet.resource.NoResourceFoundException: No static resource favicon.ico.
	at org.springframework.web.servlet.resource.ResourceHttpRequestHandler.handleRequest(ResourceHttpRequestHandler.java:585)
	at org.springframework.web.servlet.mvc.HttpRequestHandlerAdapter.handle(HttpRequestHandlerAdapter.java:52)
	at org.springframework.web.servlet.DispatcherServlet.doDispatch(DispatcherServlet.java:1089)
	at org.springframework.web.servlet.DispatcherServlet.doService(DispatcherServlet.java:979)
	at org.springframework.web.servlet.FrameworkServlet.processRequest(FrameworkServlet.java:1014)
	at org.springframework.web.servlet.FrameworkServlet.doGet(FrameworkServlet.java:903)
	at jakarta.servlet.http.HttpServlet.service(HttpServlet.java:564)
	at org.springframework.web.servlet.FrameworkServlet.service(FrameworkServlet.java:885)
	at jakarta.servlet.http.HttpServlet.service(HttpServlet.java:658)
	at org.apache.catalina.core.ApplicationFilterChain.internalDoFilter(ApplicationFilterChain.java:193)
	at org.apache.catalina.core.ApplicationFilterChain.doFilter(ApplicationFilterChain.java:138)
	at org.apache.tomcat.websocket.server.WsFilter.doFilter(WsFilter.java:51)
	at org.apache.catalina.core.ApplicationFilterChain.internalDoFilter(ApplicationFilterChain.java:162)
	at org.apache.catalina.core.ApplicationFilterChain.doFilter(ApplicationFilterChain.java:138)
	at com.ohgiraffers.stability.section02.logging.config.LoggingConfig$1.doFilterInternal(LoggingConfig.java:74)
	at org.springframework.web.filter.OncePerRequestFilter.doFilter(OncePerRequestFilter.java:116)
	at org.apache.catalina.core.ApplicationFilterChain.internalDoFilter(ApplicationFilterChain.java:162)
	at org.apache.catalina.core.ApplicationFilterChain.doFilter(ApplicationFilterChain.java:138)
	at org.springframework.web.filter.RequestContextFilter.doFilterInternal(RequestContextFilter.java:100)
	at org.springframework.web.filter.OncePerRequestFilter.doFilter(OncePerRequestFilter.java:116)
	at org.apache.catalina.core.ApplicationFilterChain.internalDoFilter(ApplicationFilterChain.java:162)
	at org.apache.catalina.core.ApplicationFilterChain.doFilter(ApplicationFilterChain.java:138)
	at org.springframework.web.filter.FormContentFilter.doFilterInternal(FormContentFilter.java:93)
	at org.springframework.web.filter.OncePerRequestFilter.doFilter(OncePerRequestFilter.java:116)
	at org.apache.catalina.core.ApplicationFilterChain.internalDoFilter(ApplicationFilterChain.java:162)
	at org.apache.catalina.core.ApplicationFilterChain.doFilter(ApplicationFilterChain.java:138)
	at org.springframework.web.filter.CharacterEncodingFilter.doFilterInternal(CharacterEncodingFilter.java:201)
	at org.springframework.web.filter.OncePerRequestFilter.doFilter(OncePerRequestFilter.java:116)
	at org.apache.catalina.core.ApplicationFilterChain.internalDoFilter(ApplicationFilterChain.java:162)
	at org.apache.catalina.core.ApplicationFilterChain.doFilter(ApplicationFilterChain.java:138)
	at org.apache.catalina.core.StandardWrapperValve.invoke(StandardWrapperValve.java:165)
	at org.apache.catalina.core.StandardContextValve.invoke(StandardContextValve.java:88)
	at org.apache.catalina.authenticator.AuthenticatorBase.invoke(AuthenticatorBase.java:482)
	at org.apache.catalina.core.StandardHostValve.invoke(StandardHostValve.java:113)
	at org.apache.catalina.valves.ErrorReportValve.invoke(ErrorReportValve.java:83)
	at org.apache.catalina.core.StandardEngineValve.invoke(StandardEngineValve.java:72)
	at org.apache.catalina.connector.CoyoteAdapter.service(CoyoteAdapter.java:342)
	at org.apache.coyote.http11.Http11Processor.service(Http11Processor.java:399)
	at org.apache.coyote.AbstractProcessorLight.process(AbstractProcessorLight.java:63)
	at org.apache.coyote.AbstractProtocol$ConnectionHandler.process(AbstractProtocol.java:903)
	at org.apache.tomcat.util.net.NioEndpoint$SocketProcessor.doRun(NioEndpoint.java:1774)
	at org.apache.tomcat.util.net.SocketProcessorBase.run(SocketProcessorBase.java:52)
	at org.apache.tomcat.util.threads.ThreadPoolExecutor.runWorker(ThreadPoolExecutor.java:973)
	at org.apache.tomcat.util.threads.ThreadPoolExecutor$Worker.run(ThreadPoolExecutor.java:491)
	at org.apache.tomcat.util.threads.TaskThread$WrappingRunnable.run(TaskThread.java:63)
	at java.base/java.lang.Thread.run(Thread.java:840)
2026-04-29 11:09:25.137 [http-nio-8080-exec-4] DEBUG [0dd29c60] [GET] [/favicon.ico] [0:0:0:0:0:0:0:1] o.s.w.s.m.m.a.HttpEntityMethodProcessor - Using 'application/json;q=0.8', given [image/avif, image/webp, image/apng, image/svg+xml, image/*, */*;q=0.8] and supported [application/json, application/*+json]
2026-04-29 11:09:25.137 [http-nio-8080-exec-4] DEBUG [0dd29c60] [GET] [/favicon.ico] [0:0:0:0:0:0:0:1] o.s.w.s.m.m.a.HttpEntityMethodProcessor - Writing [ErrorResponse{errorCode='INTERNAL_SERVER_ERROR', message='서버 내부 오류가 발생했습니다.', timestamp=2026-04-29T1 (truncated)...]
2026-04-29 11:09:25.138 [http-nio-8080-exec-4] WARN  [0dd29c60] [GET] [/favicon.ico] [0:0:0:0:0:0:0:1] o.s.w.s.m.m.a.ExceptionHandlerExceptionResolver - Resolved [org.springframework.web.servlet.resource.NoResourceFoundException: No static resource favicon.ico.]
2026-04-29 11:09:25.138 [http-nio-8080-exec-4] DEBUG [0dd29c60] [GET] [/favicon.ico] [0:0:0:0:0:0:0:1] o.s.web.servlet.DispatcherServlet - Completed 500 INTERNAL_SERVER_ERROR
2026-04-29 11:09:29.239 [http-nio-8080-exec-7] DEBUG [ab64f8e1] [GET] [/favicon.ico] [0:0:0:0:0:0:0:1] o.s.web.servlet.DispatcherServlet - GET "/favicon.ico", parameters={}
2026-04-29 11:09:29.240 [http-nio-8080-exec-7] DEBUG [ab64f8e1] [GET] [/favicon.ico] [0:0:0:0:0:0:0:1] o.s.w.s.h.SimpleUrlHandlerMapping - Mapped to ResourceHttpRequestHandler [classpath [META-INF/resources/], classpath [resources/], classpath [static/], classpath [public/], ServletContext [/]]
2026-04-29 11:09:29.241 [http-nio-8080-exec-7] DEBUG [ab64f8e1] [GET] [/favicon.ico] [0:0:0:0:0:0:0:1] o.s.w.s.r.ResourceHttpRequestHandler - Resource not found
2026-04-29 11:09:29.242 [http-nio-8080-exec-7] DEBUG [ab64f8e1] [GET] [/favicon.ico] [0:0:0:0:0:0:0:1] o.s.w.s.m.m.a.ExceptionHandlerExceptionResolver - Using @ExceptionHandler com.ohgiraffers.stability.section01.exception.handler.GlobalExceptionHandler#handleGenericException(Exception, HttpServletRequest)
2026-04-29 11:09:29.242 [http-nio-8080-exec-7] ERROR [ab64f8e1] [GET] [/favicon.ico] [0:0:0:0:0:0:0:1] c.o.s.s.e.h.GlobalExceptionHandler - [s1][GlobalExceptionHandler] 예상하지 못한 오류 발생
org.springframework.web.servlet.resource.NoResourceFoundException: No static resource favicon.ico.
	at org.springframework.web.servlet.resource.ResourceHttpRequestHandler.handleRequest(ResourceHttpRequestHandler.java:585)
	at org.springframework.web.servlet.mvc.HttpRequestHandlerAdapter.handle(HttpRequestHandlerAdapter.java:52)
	at org.springframework.web.servlet.DispatcherServlet.doDispatch(DispatcherServlet.java:1089)
	at org.springframework.web.servlet.DispatcherServlet.doService(DispatcherServlet.java:979)
	at org.springframework.web.servlet.FrameworkServlet.processRequest(FrameworkServlet.java:1014)
	at org.springframework.web.servlet.FrameworkServlet.doGet(FrameworkServlet.java:903)
	at jakarta.servlet.http.HttpServlet.service(HttpServlet.java:564)
	at org.springframework.web.servlet.FrameworkServlet.service(FrameworkServlet.java:885)
	at jakarta.servlet.http.HttpServlet.service(HttpServlet.java:658)
	at org.apache.catalina.core.ApplicationFilterChain.internalDoFilter(ApplicationFilterChain.java:193)
	at org.apache.catalina.core.ApplicationFilterChain.doFilter(ApplicationFilterChain.java:138)
	at org.apache.tomcat.websocket.server.WsFilter.doFilter(WsFilter.java:51)
	at org.apache.catalina.core.ApplicationFilterChain.internalDoFilter(ApplicationFilterChain.java:162)
	at org.apache.catalina.core.ApplicationFilterChain.doFilter(ApplicationFilterChain.java:138)
	at com.ohgiraffers.stability.section02.logging.config.LoggingConfig$1.doFilterInternal(LoggingConfig.java:74)
	at org.springframework.web.filter.OncePerRequestFilter.doFilter(OncePerRequestFilter.java:116)
	at org.apache.catalina.core.ApplicationFilterChain.internalDoFilter(ApplicationFilterChain.java:162)
	at org.apache.catalina.core.ApplicationFilterChain.doFilter(ApplicationFilterChain.java:138)
	at org.springframework.web.filter.RequestContextFilter.doFilterInternal(RequestContextFilter.java:100)
	at org.springframework.web.filter.OncePerRequestFilter.doFilter(OncePerRequestFilter.java:116)
	at org.apache.catalina.core.ApplicationFilterChain.internalDoFilter(ApplicationFilterChain.java:162)
	at org.apache.catalina.core.ApplicationFilterChain.doFilter(ApplicationFilterChain.java:138)
	at org.springframework.web.filter.FormContentFilter.doFilterInternal(FormContentFilter.java:93)
	at org.springframework.web.filter.OncePerRequestFilter.doFilter(OncePerRequestFilter.java:116)
	at org.apache.catalina.core.ApplicationFilterChain.internalDoFilter(ApplicationFilterChain.java:162)
	at org.apache.catalina.core.ApplicationFilterChain.doFilter(ApplicationFilterChain.java:138)
	at org.springframework.web.filter.CharacterEncodingFilter.doFilterInternal(CharacterEncodingFilter.java:201)
	at org.springframework.web.filter.OncePerRequestFilter.doFilter(OncePerRequestFilter.java:116)
	at org.apache.catalina.core.ApplicationFilterChain.internalDoFilter(ApplicationFilterChain.java:162)
	at org.apache.catalina.core.ApplicationFilterChain.doFilter(ApplicationFilterChain.java:138)
	at org.apache.catalina.core.StandardWrapperValve.invoke(StandardWrapperValve.java:165)
	at org.apache.catalina.core.StandardContextValve.invoke(StandardContextValve.java:88)
	at org.apache.catalina.authenticator.AuthenticatorBase.invoke(AuthenticatorBase.java:482)
	at org.apache.catalina.core.StandardHostValve.invoke(StandardHostValve.java:113)
	at org.apache.catalina.valves.ErrorReportValve.invoke(ErrorReportValve.java:83)
	at org.apache.catalina.core.StandardEngineValve.invoke(StandardEngineValve.java:72)
	at org.apache.catalina.connector.CoyoteAdapter.service(CoyoteAdapter.java:342)
	at org.apache.coyote.http11.Http11Processor.service(Http11Processor.java:399)
	at org.apache.coyote.AbstractProcessorLight.process(AbstractProcessorLight.java:63)
	at org.apache.coyote.AbstractProtocol$ConnectionHandler.process(AbstractProtocol.java:903)
	at org.apache.tomcat.util.net.NioEndpoint$SocketProcessor.doRun(NioEndpoint.java:1774)
	at org.apache.tomcat.util.net.SocketProcessorBase.run(SocketProcessorBase.java:52)
	at org.apache.tomcat.util.threads.ThreadPoolExecutor.runWorker(ThreadPoolExecutor.java:973)
	at org.apache.tomcat.util.threads.ThreadPoolExecutor$Worker.run(ThreadPoolExecutor.java:491)
	at org.apache.tomcat.util.threads.TaskThread$WrappingRunnable.run(TaskThread.java:63)
	at java.base/java.lang.Thread.run(Thread.java:840)
2026-04-29 11:09:29.242 [http-nio-8080-exec-7] DEBUG [ab64f8e1] [GET] [/favicon.ico] [0:0:0:0:0:0:0:1] o.s.w.s.m.m.a.HttpEntityMethodProcessor - Using 'application/json;q=0.8', given [image/avif, image/webp, image/apng, image/svg+xml, image/*, */*;q=0.8] and supported [application/json, application/*+json]
2026-04-29 11:09:29.242 [http-nio-8080-exec-7] DEBUG [ab64f8e1] [GET] [/favicon.ico] [0:0:0:0:0:0:0:1] o.s.w.s.m.m.a.HttpEntityMethodProcessor - Writing [ErrorResponse{errorCode='INTERNAL_SERVER_ERROR', message='서버 내부 오류가 발생했습니다.', timestamp=2026-04-29T1 (truncated)...]
2026-04-29 11:09:29.243 [http-nio-8080-exec-7] WARN  [ab64f8e1] [GET] [/favicon.ico] [0:0:0:0:0:0:0:1] o.s.w.s.m.m.a.ExceptionHandlerExceptionResolver - Resolved [org.springframework.web.servlet.resource.NoResourceFoundException: No static resource favicon.ico.]
2026-04-29 11:09:29.243 [http-nio-8080-exec-7] DEBUG [ab64f8e1] [GET] [/favicon.ico] [0:0:0:0:0:0:0:1] o.s.web.servlet.DispatcherServlet - Completed 500 INTERNAL_SERVER_ERROR
2026-04-29 11:09:31.216 [http-nio-8080-exec-8] DEBUG [2c529f0d] [GET] [/favicon.ico] [0:0:0:0:0:0:0:1] o.s.web.servlet.DispatcherServlet - GET "/favicon.ico", parameters={}
2026-04-29 11:09:31.217 [http-nio-8080-exec-8] DEBUG [2c529f0d] [GET] [/favicon.ico] [0:0:0:0:0:0:0:1] o.s.w.s.h.SimpleUrlHandlerMapping - Mapped to ResourceHttpRequestHandler [classpath [META-INF/resources/], classpath [resources/], classpath [static/], classpath [public/], ServletContext [/]]
2026-04-29 11:09:31.219 [http-nio-8080-exec-8] DEBUG [2c529f0d] [GET] [/favicon.ico] [0:0:0:0:0:0:0:1] o.s.w.s.r.ResourceHttpRequestHandler - Resource not found
2026-04-29 11:09:31.219 [http-nio-8080-exec-8] DEBUG [2c529f0d] [GET] [/favicon.ico] [0:0:0:0:0:0:0:1] o.s.w.s.m.m.a.ExceptionHandlerExceptionResolver - Using @ExceptionHandler com.ohgiraffers.stability.section01.exception.handler.GlobalExceptionHandler#handleGenericException(Exception, HttpServletRequest)
2026-04-29 11:09:31.219 [http-nio-8080-exec-8] ERROR [2c529f0d] [GET] [/favicon.ico] [0:0:0:0:0:0:0:1] c.o.s.s.e.h.GlobalExceptionHandler - [s1][GlobalExceptionHandler] 예상하지 못한 오류 발생
org.springframework.web.servlet.resource.NoResourceFoundException: No static resource favicon.ico.
	at org.springframework.web.servlet.resource.ResourceHttpRequestHandler.handleRequest(ResourceHttpRequestHandler.java:585)
	at org.springframework.web.servlet.mvc.HttpRequestHandlerAdapter.handle(HttpRequestHandlerAdapter.java:52)
	at org.springframework.web.servlet.DispatcherServlet.doDispatch(DispatcherServlet.java:1089)
	at org.springframework.web.servlet.DispatcherServlet.doService(DispatcherServlet.java:979)
	at org.springframework.web.servlet.FrameworkServlet.processRequest(FrameworkServlet.java:1014)
	at org.springframework.web.servlet.FrameworkServlet.doGet(FrameworkServlet.java:903)
	at jakarta.servlet.http.HttpServlet.service(HttpServlet.java:564)
	at org.springframework.web.servlet.FrameworkServlet.service(FrameworkServlet.java:885)
	at jakarta.servlet.http.HttpServlet.service(HttpServlet.java:658)
	at org.apache.catalina.core.ApplicationFilterChain.internalDoFilter(ApplicationFilterChain.java:193)
	at org.apache.catalina.core.ApplicationFilterChain.doFilter(ApplicationFilterChain.java:138)
	at org.apache.tomcat.websocket.server.WsFilter.doFilter(WsFilter.java:51)
	at org.apache.catalina.core.ApplicationFilterChain.internalDoFilter(ApplicationFilterChain.java:162)
	at org.apache.catalina.core.ApplicationFilterChain.doFilter(ApplicationFilterChain.java:138)
	at com.ohgiraffers.stability.section02.logging.config.LoggingConfig$1.doFilterInternal(LoggingConfig.java:74)
	at org.springframework.web.filter.OncePerRequestFilter.doFilter(OncePerRequestFilter.java:116)
	at org.apache.catalina.core.ApplicationFilterChain.internalDoFilter(ApplicationFilterChain.java:162)
	at org.apache.catalina.core.ApplicationFilterChain.doFilter(ApplicationFilterChain.java:138)
	at org.springframework.web.filter.RequestContextFilter.doFilterInternal(RequestContextFilter.java:100)
	at org.springframework.web.filter.OncePerRequestFilter.doFilter(OncePerRequestFilter.java:116)
	at org.apache.catalina.core.ApplicationFilterChain.internalDoFilter(ApplicationFilterChain.java:162)
	at org.apache.catalina.core.ApplicationFilterChain.doFilter(ApplicationFilterChain.java:138)
	at org.springframework.web.filter.FormContentFilter.doFilterInternal(FormContentFilter.java:93)
	at org.springframework.web.filter.OncePerRequestFilter.doFilter(OncePerRequestFilter.java:116)
	at org.apache.catalina.core.ApplicationFilterChain.internalDoFilter(ApplicationFilterChain.java:162)
	at org.apache.catalina.core.ApplicationFilterChain.doFilter(ApplicationFilterChain.java:138)
	at org.springframework.web.filter.CharacterEncodingFilter.doFilterInternal(CharacterEncodingFilter.java:201)
	at org.springframework.web.filter.OncePerRequestFilter.doFilter(OncePerRequestFilter.java:116)
	at org.apache.catalina.core.ApplicationFilterChain.internalDoFilter(ApplicationFilterChain.java:162)
	at org.apache.catalina.core.ApplicationFilterChain.doFilter(ApplicationFilterChain.java:138)
	at org.apache.catalina.core.StandardWrapperValve.invoke(StandardWrapperValve.java:165)
	at org.apache.catalina.core.StandardContextValve.invoke(StandardContextValve.java:88)
	at org.apache.catalina.authenticator.AuthenticatorBase.invoke(AuthenticatorBase.java:482)
	at org.apache.catalina.core.StandardHostValve.invoke(StandardHostValve.java:113)
	at org.apache.catalina.valves.ErrorReportValve.invoke(ErrorReportValve.java:83)
	at org.apache.catalina.core.StandardEngineValve.invoke(StandardEngineValve.java:72)
	at org.apache.catalina.connector.CoyoteAdapter.service(CoyoteAdapter.java:342)
	at org.apache.coyote.http11.Http11Processor.service(Http11Processor.java:399)
	at org.apache.coyote.AbstractProcessorLight.process(AbstractProcessorLight.java:63)
	at org.apache.coyote.AbstractProtocol$ConnectionHandler.process(AbstractProtocol.java:903)
	at org.apache.tomcat.util.net.NioEndpoint$SocketProcessor.doRun(NioEndpoint.java:1774)
	at org.apache.tomcat.util.net.SocketProcessorBase.run(SocketProcessorBase.java:52)
	at org.apache.tomcat.util.threads.ThreadPoolExecutor.runWorker(ThreadPoolExecutor.java:973)
	at org.apache.tomcat.util.threads.ThreadPoolExecutor$Worker.run(ThreadPoolExecutor.java:491)
	at org.apache.tomcat.util.threads.TaskThread$WrappingRunnable.run(TaskThread.java:63)
	at java.base/java.lang.Thread.run(Thread.java:840)
2026-04-29 11:09:31.220 [http-nio-8080-exec-8] DEBUG [2c529f0d] [GET] [/favicon.ico] [0:0:0:0:0:0:0:1] o.s.w.s.m.m.a.HttpEntityMethodProcessor - Using 'application/json;q=0.8', given [image/avif, image/webp, image/apng, image/svg+xml, image/*, */*;q=0.8] and supported [application/json, application/*+json]
2026-04-29 11:09:31.220 [http-nio-8080-exec-8] DEBUG [2c529f0d] [GET] [/favicon.ico] [0:0:0:0:0:0:0:1] o.s.w.s.m.m.a.HttpEntityMethodProcessor - Writing [ErrorResponse{errorCode='INTERNAL_SERVER_ERROR', message='서버 내부 오류가 발생했습니다.', timestamp=2026-04-29T1 (truncated)...]
2026-04-29 11:09:31.221 [http-nio-8080-exec-8] WARN  [2c529f0d] [GET] [/favicon.ico] [0:0:0:0:0:0:0:1] o.s.w.s.m.m.a.ExceptionHandlerExceptionResolver - Resolved [org.springframework.web.servlet.resource.NoResourceFoundException: No static resource favicon.ico.]
2026-04-29 11:09:31.222 [http-nio-8080-exec-8] DEBUG [2c529f0d] [GET] [/favicon.ico] [0:0:0:0:0:0:0:1] o.s.web.servlet.DispatcherServlet - Completed 500 INTERNAL_SERVER_ERROR
2026-04-29 11:09:31.562 [http-nio-8080-exec-9] DEBUG [19c69744] [GET] [/favicon.ico] [0:0:0:0:0:0:0:1] o.s.web.servlet.DispatcherServlet - GET "/favicon.ico", parameters={}
2026-04-29 11:09:31.563 [http-nio-8080-exec-9] DEBUG [19c69744] [GET] [/favicon.ico] [0:0:0:0:0:0:0:1] o.s.w.s.h.SimpleUrlHandlerMapping - Mapped to ResourceHttpRequestHandler [classpath [META-INF/resources/], classpath [resources/], classpath [static/], classpath [public/], ServletContext [/]]
2026-04-29 11:09:31.564 [http-nio-8080-exec-9] DEBUG [19c69744] [GET] [/favicon.ico] [0:0:0:0:0:0:0:1] o.s.w.s.r.ResourceHttpRequestHandler - Resource not found
2026-04-29 11:09:31.565 [http-nio-8080-exec-9] DEBUG [19c69744] [GET] [/favicon.ico] [0:0:0:0:0:0:0:1] o.s.w.s.m.m.a.ExceptionHandlerExceptionResolver - Using @ExceptionHandler com.ohgiraffers.stability.section01.exception.handler.GlobalExceptionHandler#handleGenericException(Exception, HttpServletRequest)
2026-04-29 11:09:31.565 [http-nio-8080-exec-9] ERROR [19c69744] [GET] [/favicon.ico] [0:0:0:0:0:0:0:1] c.o.s.s.e.h.GlobalExceptionHandler - [s1][GlobalExceptionHandler] 예상하지 못한 오류 발생
org.springframework.web.servlet.resource.NoResourceFoundException: No static resource favicon.ico.
	at org.springframework.web.servlet.resource.ResourceHttpRequestHandler.handleRequest(ResourceHttpRequestHandler.java:585)
	at org.springframework.web.servlet.mvc.HttpRequestHandlerAdapter.handle(HttpRequestHandlerAdapter.java:52)
	at org.springframework.web.servlet.DispatcherServlet.doDispatch(DispatcherServlet.java:1089)
	at org.springframework.web.servlet.DispatcherServlet.doService(DispatcherServlet.java:979)
	at org.springframework.web.servlet.FrameworkServlet.processRequest(FrameworkServlet.java:1014)
	at org.springframework.web.servlet.FrameworkServlet.doGet(FrameworkServlet.java:903)
	at jakarta.servlet.http.HttpServlet.service(HttpServlet.java:564)
	at org.springframework.web.servlet.FrameworkServlet.service(FrameworkServlet.java:885)
	at jakarta.servlet.http.HttpServlet.service(HttpServlet.java:658)
	at org.apache.catalina.core.ApplicationFilterChain.internalDoFilter(ApplicationFilterChain.java:193)
	at org.apache.catalina.core.ApplicationFilterChain.doFilter(ApplicationFilterChain.java:138)
	at org.apache.tomcat.websocket.server.WsFilter.doFilter(WsFilter.java:51)
	at org.apache.catalina.core.ApplicationFilterChain.internalDoFilter(ApplicationFilterChain.java:162)
	at org.apache.catalina.core.ApplicationFilterChain.doFilter(ApplicationFilterChain.java:138)
	at com.ohgiraffers.stability.section02.logging.config.LoggingConfig$1.doFilterInternal(LoggingConfig.java:74)
	at org.springframework.web.filter.OncePerRequestFilter.doFilter(OncePerRequestFilter.java:116)
	at org.apache.catalina.core.ApplicationFilterChain.internalDoFilter(ApplicationFilterChain.java:162)
	at org.apache.catalina.core.ApplicationFilterChain.doFilter(ApplicationFilterChain.java:138)
	at org.springframework.web.filter.RequestContextFilter.doFilterInternal(RequestContextFilter.java:100)
	at org.springframework.web.filter.OncePerRequestFilter.doFilter(OncePerRequestFilter.java:116)
	at org.apache.catalina.core.ApplicationFilterChain.internalDoFilter(ApplicationFilterChain.java:162)
	at org.apache.catalina.core.ApplicationFilterChain.doFilter(ApplicationFilterChain.java:138)
	at org.springframework.web.filter.FormContentFilter.doFilterInternal(FormContentFilter.java:93)
	at org.springframework.web.filter.OncePerRequestFilter.doFilter(OncePerRequestFilter.java:116)
	at org.apache.catalina.core.ApplicationFilterChain.internalDoFilter(ApplicationFilterChain.java:162)
	at org.apache.catalina.core.ApplicationFilterChain.doFilter(ApplicationFilterChain.java:138)
	at org.springframework.web.filter.CharacterEncodingFilter.doFilterInternal(CharacterEncodingFilter.java:201)
	at org.springframework.web.filter.OncePerRequestFilter.doFilter(OncePerRequestFilter.java:116)
	at org.apache.catalina.core.ApplicationFilterChain.internalDoFilter(ApplicationFilterChain.java:162)
	at org.apache.catalina.core.ApplicationFilterChain.doFilter(ApplicationFilterChain.java:138)
	at org.apache.catalina.core.StandardWrapperValve.invoke(StandardWrapperValve.java:165)
	at org.apache.catalina.core.StandardContextValve.invoke(StandardContextValve.java:88)
	at org.apache.catalina.authenticator.AuthenticatorBase.invoke(AuthenticatorBase.java:482)
	at org.apache.catalina.core.StandardHostValve.invoke(StandardHostValve.java:113)
	at org.apache.catalina.valves.ErrorReportValve.invoke(ErrorReportValve.java:83)
	at org.apache.catalina.core.StandardEngineValve.invoke(StandardEngineValve.java:72)
	at org.apache.catalina.connector.CoyoteAdapter.service(CoyoteAdapter.java:342)
	at org.apache.coyote.http11.Http11Processor.service(Http11Processor.java:399)
	at org.apache.coyote.AbstractProcessorLight.process(AbstractProcessorLight.java:63)
	at org.apache.coyote.AbstractProtocol$ConnectionHandler.process(AbstractProtocol.java:903)
	at org.apache.tomcat.util.net.NioEndpoint$SocketProcessor.doRun(NioEndpoint.java:1774)
	at org.apache.tomcat.util.net.SocketProcessorBase.run(SocketProcessorBase.java:52)
	at org.apache.tomcat.util.threads.ThreadPoolExecutor.runWorker(ThreadPoolExecutor.java:973)
	at org.apache.tomcat.util.threads.ThreadPoolExecutor$Worker.run(ThreadPoolExecutor.java:491)
	at org.apache.tomcat.util.threads.TaskThread$WrappingRunnable.run(TaskThread.java:63)
	at java.base/java.lang.Thread.run(Thread.java:840)
2026-04-29 11:09:31.566 [http-nio-8080-exec-9] DEBUG [19c69744] [GET] [/favicon.ico] [0:0:0:0:0:0:0:1] o.s.w.s.m.m.a.HttpEntityMethodProcessor - Using 'application/json;q=0.8', given [image/avif, image/webp, image/apng, image/svg+xml, image/*, */*;q=0.8] and supported [application/json, application/*+json]
2026-04-29 11:09:31.566 [http-nio-8080-exec-9] DEBUG [19c69744] [GET] [/favicon.ico] [0:0:0:0:0:0:0:1] o.s.w.s.m.m.a.HttpEntityMethodProcessor - Writing [ErrorResponse{errorCode='INTERNAL_SERVER_ERROR', message='서버 내부 오류가 발생했습니다.', timestamp=2026-04-29T1 (truncated)...]
2026-04-29 11:09:31.567 [http-nio-8080-exec-9] WARN  [19c69744] [GET] [/favicon.ico] [0:0:0:0:0:0:0:1] o.s.w.s.m.m.a.ExceptionHandlerExceptionResolver - Resolved [org.springframework.web.servlet.resource.NoResourceFoundException: No static resource favicon.ico.]
2026-04-29 11:09:31.568 [http-nio-8080-exec-9] DEBUG [19c69744] [GET] [/favicon.ico] [0:0:0:0:0:0:0:1] o.s.web.servlet.DispatcherServlet - Completed 500 INTERNAL_SERVER_ERROR
2026-04-29 11:09:32.499 [http-nio-8080-exec-1] DEBUG [07e8dcd5] [GET] [/favicon.ico] [0:0:0:0:0:0:0:1] o.s.web.servlet.DispatcherServlet - GET "/favicon.ico", parameters={}
2026-04-29 11:09:32.499 [http-nio-8080-exec-1] DEBUG [07e8dcd5] [GET] [/favicon.ico] [0:0:0:0:0:0:0:1] o.s.w.s.h.SimpleUrlHandlerMapping - Mapped to ResourceHttpRequestHandler [classpath [META-INF/resources/], classpath [resources/], classpath [static/], classpath [public/], ServletContext [/]]
2026-04-29 11:09:32.501 [http-nio-8080-exec-1] DEBUG [07e8dcd5] [GET] [/favicon.ico] [0:0:0:0:0:0:0:1] o.s.w.s.r.ResourceHttpRequestHandler - Resource not found
2026-04-29 11:09:32.501 [http-nio-8080-exec-1] DEBUG [07e8dcd5] [GET] [/favicon.ico] [0:0:0:0:0:0:0:1] o.s.w.s.m.m.a.ExceptionHandlerExceptionResolver - Using @ExceptionHandler com.ohgiraffers.stability.section01.exception.handler.GlobalExceptionHandler#handleGenericException(Exception, HttpServletRequest)
2026-04-29 11:09:32.501 [http-nio-8080-exec-1] ERROR [07e8dcd5] [GET] [/favicon.ico] [0:0:0:0:0:0:0:1] c.o.s.s.e.h.GlobalExceptionHandler - [s1][GlobalExceptionHandler] 예상하지 못한 오류 발생
org.springframework.web.servlet.resource.NoResourceFoundException: No static resource favicon.ico.
	at org.springframework.web.servlet.resource.ResourceHttpRequestHandler.handleRequest(ResourceHttpRequestHandler.java:585)
	at org.springframework.web.servlet.mvc.HttpRequestHandlerAdapter.handle(HttpRequestHandlerAdapter.java:52)
	at org.springframework.web.servlet.DispatcherServlet.doDispatch(DispatcherServlet.java:1089)
	at org.springframework.web.servlet.DispatcherServlet.doService(DispatcherServlet.java:979)
	at org.springframework.web.servlet.FrameworkServlet.processRequest(FrameworkServlet.java:1014)
	at org.springframework.web.servlet.FrameworkServlet.doGet(FrameworkServlet.java:903)
	at jakarta.servlet.http.HttpServlet.service(HttpServlet.java:564)
	at org.springframework.web.servlet.FrameworkServlet.service(FrameworkServlet.java:885)
	at jakarta.servlet.http.HttpServlet.service(HttpServlet.java:658)
	at org.apache.catalina.core.ApplicationFilterChain.internalDoFilter(ApplicationFilterChain.java:193)
	at org.apache.catalina.core.ApplicationFilterChain.doFilter(ApplicationFilterChain.java:138)
	at org.apache.tomcat.websocket.server.WsFilter.doFilter(WsFilter.java:51)
	at org.apache.catalina.core.ApplicationFilterChain.internalDoFilter(ApplicationFilterChain.java:162)
	at org.apache.catalina.core.ApplicationFilterChain.doFilter(ApplicationFilterChain.java:138)
	at com.ohgiraffers.stability.section02.logging.config.LoggingConfig$1.doFilterInternal(LoggingConfig.java:74)
	at org.springframework.web.filter.OncePerRequestFilter.doFilter(OncePerRequestFilter.java:116)
	at org.apache.catalina.core.ApplicationFilterChain.internalDoFilter(ApplicationFilterChain.java:162)
	at org.apache.catalina.core.ApplicationFilterChain.doFilter(ApplicationFilterChain.java:138)
	at org.springframework.web.filter.RequestContextFilter.doFilterInternal(RequestContextFilter.java:100)
	at org.springframework.web.filter.OncePerRequestFilter.doFilter(OncePerRequestFilter.java:116)
	at org.apache.catalina.core.ApplicationFilterChain.internalDoFilter(ApplicationFilterChain.java:162)
	at org.apache.catalina.core.ApplicationFilterChain.doFilter(ApplicationFilterChain.java:138)
	at org.springframework.web.filter.FormContentFilter.doFilterInternal(FormContentFilter.java:93)
	at org.springframework.web.filter.OncePerRequestFilter.doFilter(OncePerRequestFilter.java:116)
	at org.apache.catalina.core.ApplicationFilterChain.internalDoFilter(ApplicationFilterChain.java:162)
	at org.apache.catalina.core.ApplicationFilterChain.doFilter(ApplicationFilterChain.java:138)
	at org.springframework.web.filter.CharacterEncodingFilter.doFilterInternal(CharacterEncodingFilter.java:201)
	at org.springframework.web.filter.OncePerRequestFilter.doFilter(OncePerRequestFilter.java:116)
	at org.apache.catalina.core.ApplicationFilterChain.internalDoFilter(ApplicationFilterChain.java:162)
	at org.apache.catalina.core.ApplicationFilterChain.doFilter(ApplicationFilterChain.java:138)
	at org.apache.catalina.core.StandardWrapperValve.invoke(StandardWrapperValve.java:165)
	at org.apache.catalina.core.StandardContextValve.invoke(StandardContextValve.java:88)
	at org.apache.catalina.authenticator.AuthenticatorBase.invoke(AuthenticatorBase.java:482)
	at org.apache.catalina.core.StandardHostValve.invoke(StandardHostValve.java:113)
	at org.apache.catalina.valves.ErrorReportValve.invoke(ErrorReportValve.java:83)
	at org.apache.catalina.core.StandardEngineValve.invoke(StandardEngineValve.java:72)
	at org.apache.catalina.connector.CoyoteAdapter.service(CoyoteAdapter.java:342)
	at org.apache.coyote.http11.Http11Processor.service(Http11Processor.java:399)
	at org.apache.coyote.AbstractProcessorLight.process(AbstractProcessorLight.java:63)
	at org.apache.coyote.AbstractProtocol$ConnectionHandler.process(AbstractProtocol.java:903)
	at org.apache.tomcat.util.net.NioEndpoint$SocketProcessor.doRun(NioEndpoint.java:1774)
	at org.apache.tomcat.util.net.SocketProcessorBase.run(SocketProcessorBase.java:52)
	at org.apache.tomcat.util.threads.ThreadPoolExecutor.runWorker(ThreadPoolExecutor.java:973)
	at org.apache.tomcat.util.threads.ThreadPoolExecutor$Worker.run(ThreadPoolExecutor.java:491)
	at org.apache.tomcat.util.threads.TaskThread$WrappingRunnable.run(TaskThread.java:63)
	at java.base/java.lang.Thread.run(Thread.java:840)
2026-04-29 11:09:32.502 [http-nio-8080-exec-1] DEBUG [07e8dcd5] [GET] [/favicon.ico] [0:0:0:0:0:0:0:1] o.s.w.s.m.m.a.HttpEntityMethodProcessor - Using 'application/json;q=0.8', given [image/avif, image/webp, image/apng, image/svg+xml, image/*, */*;q=0.8] and supported [application/json, application/*+json]
2026-04-29 11:09:32.502 [http-nio-8080-exec-1] DEBUG [07e8dcd5] [GET] [/favicon.ico] [0:0:0:0:0:0:0:1] o.s.w.s.m.m.a.HttpEntityMethodProcessor - Writing [ErrorResponse{errorCode='INTERNAL_SERVER_ERROR', message='서버 내부 오류가 발생했습니다.', timestamp=2026-04-29T1 (truncated)...]
2026-04-29 11:09:32.503 [http-nio-8080-exec-1] WARN  [07e8dcd5] [GET] [/favicon.ico] [0:0:0:0:0:0:0:1] o.s.w.s.m.m.a.ExceptionHandlerExceptionResolver - Resolved [org.springframework.web.servlet.resource.NoResourceFoundException: No static resource favicon.ico.]
2026-04-29 11:09:32.503 [http-nio-8080-exec-1] DEBUG [07e8dcd5] [GET] [/favicon.ico] [0:0:0:0:0:0:0:1] o.s.web.servlet.DispatcherServlet - Completed 500 INTERNAL_SERVER_ERROR
2026-04-29 11:09:33.301 [http-nio-8080-exec-6] DEBUG [17e498a8] [GET] [/favicon.ico] [0:0:0:0:0:0:0:1] o.s.web.servlet.DispatcherServlet - GET "/favicon.ico", parameters={}
2026-04-29 11:09:33.303 [http-nio-8080-exec-6] DEBUG [17e498a8] [GET] [/favicon.ico] [0:0:0:0:0:0:0:1] o.s.w.s.h.SimpleUrlHandlerMapping - Mapped to ResourceHttpRequestHandler [classpath [META-INF/resources/], classpath [resources/], classpath [static/], classpath [public/], ServletContext [/]]
2026-04-29 11:09:33.304 [http-nio-8080-exec-6] DEBUG [17e498a8] [GET] [/favicon.ico] [0:0:0:0:0:0:0:1] o.s.w.s.r.ResourceHttpRequestHandler - Resource not found
2026-04-29 11:09:33.304 [http-nio-8080-exec-6] DEBUG [17e498a8] [GET] [/favicon.ico] [0:0:0:0:0:0:0:1] o.s.w.s.m.m.a.ExceptionHandlerExceptionResolver - Using @ExceptionHandler com.ohgiraffers.stability.section01.exception.handler.GlobalExceptionHandler#handleGenericException(Exception, HttpServletRequest)
2026-04-29 11:09:33.304 [http-nio-8080-exec-6] ERROR [17e498a8] [GET] [/favicon.ico] [0:0:0:0:0:0:0:1] c.o.s.s.e.h.GlobalExceptionHandler - [s1][GlobalExceptionHandler] 예상하지 못한 오류 발생
org.springframework.web.servlet.resource.NoResourceFoundException: No static resource favicon.ico.
	at org.springframework.web.servlet.resource.ResourceHttpRequestHandler.handleRequest(ResourceHttpRequestHandler.java:585)
	at org.springframework.web.servlet.mvc.HttpRequestHandlerAdapter.handle(HttpRequestHandlerAdapter.java:52)
	at org.springframework.web.servlet.DispatcherServlet.doDispatch(DispatcherServlet.java:1089)
	at org.springframework.web.servlet.DispatcherServlet.doService(DispatcherServlet.java:979)
	at org.springframework.web.servlet.FrameworkServlet.processRequest(FrameworkServlet.java:1014)
	at org.springframework.web.servlet.FrameworkServlet.doGet(FrameworkServlet.java:903)
	at jakarta.servlet.http.HttpServlet.service(HttpServlet.java:564)
	at org.springframework.web.servlet.FrameworkServlet.service(FrameworkServlet.java:885)
	at jakarta.servlet.http.HttpServlet.service(HttpServlet.java:658)
	at org.apache.catalina.core.ApplicationFilterChain.internalDoFilter(ApplicationFilterChain.java:193)
	at org.apache.catalina.core.ApplicationFilterChain.doFilter(ApplicationFilterChain.java:138)
	at org.apache.tomcat.websocket.server.WsFilter.doFilter(WsFilter.java:51)
	at org.apache.catalina.core.ApplicationFilterChain.internalDoFilter(ApplicationFilterChain.java:162)
	at org.apache.catalina.core.ApplicationFilterChain.doFilter(ApplicationFilterChain.java:138)
	at com.ohgiraffers.stability.section02.logging.config.LoggingConfig$1.doFilterInternal(LoggingConfig.java:74)
	at org.springframework.web.filter.OncePerRequestFilter.doFilter(OncePerRequestFilter.java:116)
	at org.apache.catalina.core.ApplicationFilterChain.internalDoFilter(ApplicationFilterChain.java:162)
	at org.apache.catalina.core.ApplicationFilterChain.doFilter(ApplicationFilterChain.java:138)
	at org.springframework.web.filter.RequestContextFilter.doFilterInternal(RequestContextFilter.java:100)
	at org.springframework.web.filter.OncePerRequestFilter.doFilter(OncePerRequestFilter.java:116)
	at org.apache.catalina.core.ApplicationFilterChain.internalDoFilter(ApplicationFilterChain.java:162)
	at org.apache.catalina.core.ApplicationFilterChain.doFilter(ApplicationFilterChain.java:138)
	at org.springframework.web.filter.FormContentFilter.doFilterInternal(FormContentFilter.java:93)
	at org.springframework.web.filter.OncePerRequestFilter.doFilter(OncePerRequestFilter.java:116)
	at org.apache.catalina.core.ApplicationFilterChain.internalDoFilter(ApplicationFilterChain.java:162)
	at org.apache.catalina.core.ApplicationFilterChain.doFilter(ApplicationFilterChain.java:138)
	at org.springframework.web.filter.CharacterEncodingFilter.doFilterInternal(CharacterEncodingFilter.java:201)
	at org.springframework.web.filter.OncePerRequestFilter.doFilter(OncePerRequestFilter.java:116)
	at org.apache.catalina.core.ApplicationFilterChain.internalDoFilter(ApplicationFilterChain.java:162)
	at org.apache.catalina.core.ApplicationFilterChain.doFilter(ApplicationFilterChain.java:138)
	at org.apache.catalina.core.StandardWrapperValve.invoke(StandardWrapperValve.java:165)
	at org.apache.catalina.core.StandardContextValve.invoke(StandardContextValve.java:88)
	at org.apache.catalina.authenticator.AuthenticatorBase.invoke(AuthenticatorBase.java:482)
	at org.apache.catalina.core.StandardHostValve.invoke(StandardHostValve.java:113)
	at org.apache.catalina.valves.ErrorReportValve.invoke(ErrorReportValve.java:83)
	at org.apache.catalina.core.StandardEngineValve.invoke(StandardEngineValve.java:72)
	at org.apache.catalina.connector.CoyoteAdapter.service(CoyoteAdapter.java:342)
	at org.apache.coyote.http11.Http11Processor.service(Http11Processor.java:399)
	at org.apache.coyote.AbstractProcessorLight.process(AbstractProcessorLight.java:63)
	at org.apache.coyote.AbstractProtocol$ConnectionHandler.process(AbstractProtocol.java:903)
	at org.apache.tomcat.util.net.NioEndpoint$SocketProcessor.doRun(NioEndpoint.java:1774)
	at org.apache.tomcat.util.net.SocketProcessorBase.run(SocketProcessorBase.java:52)
	at org.apache.tomcat.util.threads.ThreadPoolExecutor.runWorker(ThreadPoolExecutor.java:973)
	at org.apache.tomcat.util.threads.ThreadPoolExecutor$Worker.run(ThreadPoolExecutor.java:491)
	at org.apache.tomcat.util.threads.TaskThread$WrappingRunnable.run(TaskThread.java:63)
	at java.base/java.lang.Thread.run(Thread.java:840)
2026-04-29 11:09:33.305 [http-nio-8080-exec-6] DEBUG [17e498a8] [GET] [/favicon.ico] [0:0:0:0:0:0:0:1] o.s.w.s.m.m.a.HttpEntityMethodProcessor - Using 'application/json;q=0.8', given [image/avif, image/webp, image/apng, image/svg+xml, image/*, */*;q=0.8] and supported [application/json, application/*+json]
2026-04-29 11:09:33.305 [http-nio-8080-exec-6] DEBUG [17e498a8] [GET] [/favicon.ico] [0:0:0:0:0:0:0:1] o.s.w.s.m.m.a.HttpEntityMethodProcessor - Writing [ErrorResponse{errorCode='INTERNAL_SERVER_ERROR', message='서버 내부 오류가 발생했습니다.', timestamp=2026-04-29T1 (truncated)...]
2026-04-29 11:09:33.306 [http-nio-8080-exec-6] WARN  [17e498a8] [GET] [/favicon.ico] [0:0:0:0:0:0:0:1] o.s.w.s.m.m.a.ExceptionHandlerExceptionResolver - Resolved [org.springframework.web.servlet.resource.NoResourceFoundException: No static resource favicon.ico.]
2026-04-29 11:09:33.306 [http-nio-8080-exec-6] DEBUG [17e498a8] [GET] [/favicon.ico] [0:0:0:0:0:0:0:1] o.s.web.servlet.DispatcherServlet - Completed 500 INTERNAL_SERVER_ERROR
2026-04-29 11:09:33.474 [http-nio-8080-exec-5] DEBUG [f98800a2] [GET] [/favicon.ico] [0:0:0:0:0:0:0:1] o.s.web.servlet.DispatcherServlet - GET "/favicon.ico", parameters={}
2026-04-29 11:09:33.475 [http-nio-8080-exec-5] DEBUG [f98800a2] [GET] [/favicon.ico] [0:0:0:0:0:0:0:1] o.s.w.s.h.SimpleUrlHandlerMapping - Mapped to ResourceHttpRequestHandler [classpath [META-INF/resources/], classpath [resources/], classpath [static/], classpath [public/], ServletContext [/]]
2026-04-29 11:09:33.476 [http-nio-8080-exec-5] DEBUG [f98800a2] [GET] [/favicon.ico] [0:0:0:0:0:0:0:1] o.s.w.s.r.ResourceHttpRequestHandler - Resource not found
2026-04-29 11:09:33.476 [http-nio-8080-exec-5] DEBUG [f98800a2] [GET] [/favicon.ico] [0:0:0:0:0:0:0:1] o.s.w.s.m.m.a.ExceptionHandlerExceptionResolver - Using @ExceptionHandler com.ohgiraffers.stability.section01.exception.handler.GlobalExceptionHandler#handleGenericException(Exception, HttpServletRequest)
2026-04-29 11:09:33.477 [http-nio-8080-exec-5] ERROR [f98800a2] [GET] [/favicon.ico] [0:0:0:0:0:0:0:1] c.o.s.s.e.h.GlobalExceptionHandler - [s1][GlobalExceptionHandler] 예상하지 못한 오류 발생
org.springframework.web.servlet.resource.NoResourceFoundException: No static resource favicon.ico.
	at org.springframework.web.servlet.resource.ResourceHttpRequestHandler.handleRequest(ResourceHttpRequestHandler.java:585)
	at org.springframework.web.servlet.mvc.HttpRequestHandlerAdapter.handle(HttpRequestHandlerAdapter.java:52)
	at org.springframework.web.servlet.DispatcherServlet.doDispatch(DispatcherServlet.java:1089)
	at org.springframework.web.servlet.DispatcherServlet.doService(DispatcherServlet.java:979)
	at org.springframework.web.servlet.FrameworkServlet.processRequest(FrameworkServlet.java:1014)
	at org.springframework.web.servlet.FrameworkServlet.doGet(FrameworkServlet.java:903)
	at jakarta.servlet.http.HttpServlet.service(HttpServlet.java:564)
	at org.springframework.web.servlet.FrameworkServlet.service(FrameworkServlet.java:885)
	at jakarta.servlet.http.HttpServlet.service(HttpServlet.java:658)
	at org.apache.catalina.core.ApplicationFilterChain.internalDoFilter(ApplicationFilterChain.java:193)
	at org.apache.catalina.core.ApplicationFilterChain.doFilter(ApplicationFilterChain.java:138)
	at org.apache.tomcat.websocket.server.WsFilter.doFilter(WsFilter.java:51)
	at org.apache.catalina.core.ApplicationFilterChain.internalDoFilter(ApplicationFilterChain.java:162)
	at org.apache.catalina.core.ApplicationFilterChain.doFilter(ApplicationFilterChain.java:138)
	at com.ohgiraffers.stability.section02.logging.config.LoggingConfig$1.doFilterInternal(LoggingConfig.java:74)
	at org.springframework.web.filter.OncePerRequestFilter.doFilter(OncePerRequestFilter.java:116)
	at org.apache.catalina.core.ApplicationFilterChain.internalDoFilter(ApplicationFilterChain.java:162)
	at org.apache.catalina.core.ApplicationFilterChain.doFilter(ApplicationFilterChain.java:138)
	at org.springframework.web.filter.RequestContextFilter.doFilterInternal(RequestContextFilter.java:100)
	at org.springframework.web.filter.OncePerRequestFilter.doFilter(OncePerRequestFilter.java:116)
	at org.apache.catalina.core.ApplicationFilterChain.internalDoFilter(ApplicationFilterChain.java:162)
	at org.apache.catalina.core.ApplicationFilterChain.doFilter(ApplicationFilterChain.java:138)
	at org.springframework.web.filter.FormContentFilter.doFilterInternal(FormContentFilter.java:93)
	at org.springframework.web.filter.OncePerRequestFilter.doFilter(OncePerRequestFilter.java:116)
	at org.apache.catalina.core.ApplicationFilterChain.internalDoFilter(ApplicationFilterChain.java:162)
	at org.apache.catalina.core.ApplicationFilterChain.doFilter(ApplicationFilterChain.java:138)
	at org.springframework.web.filter.CharacterEncodingFilter.doFilterInternal(CharacterEncodingFilter.java:201)
	at org.springframework.web.filter.OncePerRequestFilter.doFilter(OncePerRequestFilter.java:116)
	at org.apache.catalina.core.ApplicationFilterChain.internalDoFilter(ApplicationFilterChain.java:162)
	at org.apache.catalina.core.ApplicationFilterChain.doFilter(ApplicationFilterChain.java:138)
	at org.apache.catalina.core.StandardWrapperValve.invoke(StandardWrapperValve.java:165)
	at org.apache.catalina.core.StandardContextValve.invoke(StandardContextValve.java:88)
	at org.apache.catalina.authenticator.AuthenticatorBase.invoke(AuthenticatorBase.java:482)
	at org.apache.catalina.core.StandardHostValve.invoke(StandardHostValve.java:113)
	at org.apache.catalina.valves.ErrorReportValve.invoke(ErrorReportValve.java:83)
	at org.apache.catalina.core.StandardEngineValve.invoke(StandardEngineValve.java:72)
	at org.apache.catalina.connector.CoyoteAdapter.service(CoyoteAdapter.java:342)
	at org.apache.coyote.http11.Http11Processor.service(Http11Processor.java:399)
	at org.apache.coyote.AbstractProcessorLight.process(AbstractProcessorLight.java:63)
	at org.apache.coyote.AbstractProtocol$ConnectionHandler.process(AbstractProtocol.java:903)
	at org.apache.tomcat.util.net.NioEndpoint$SocketProcessor.doRun(NioEndpoint.java:1774)
	at org.apache.tomcat.util.net.SocketProcessorBase.run(SocketProcessorBase.java:52)
	at org.apache.tomcat.util.threads.ThreadPoolExecutor.runWorker(ThreadPoolExecutor.java:973)
	at org.apache.tomcat.util.threads.ThreadPoolExecutor$Worker.run(ThreadPoolExecutor.java:491)
	at org.apache.tomcat.util.threads.TaskThread$WrappingRunnable.run(TaskThread.java:63)
	at java.base/java.lang.Thread.run(Thread.java:840)
2026-04-29 11:09:33.478 [http-nio-8080-exec-5] DEBUG [f98800a2] [GET] [/favicon.ico] [0:0:0:0:0:0:0:1] o.s.w.s.m.m.a.HttpEntityMethodProcessor - Using 'application/json;q=0.8', given [image/avif, image/webp, image/apng, image/svg+xml, image/*, */*;q=0.8] and supported [application/json, application/*+json]
2026-04-29 11:09:33.478 [http-nio-8080-exec-5] DEBUG [f98800a2] [GET] [/favicon.ico] [0:0:0:0:0:0:0:1] o.s.w.s.m.m.a.HttpEntityMethodProcessor - Writing [ErrorResponse{errorCode='INTERNAL_SERVER_ERROR', message='서버 내부 오류가 발생했습니다.', timestamp=2026-04-29T1 (truncated)...]
2026-04-29 11:09:33.480 [http-nio-8080-exec-5] WARN  [f98800a2] [GET] [/favicon.ico] [0:0:0:0:0:0:0:1] o.s.w.s.m.m.a.ExceptionHandlerExceptionResolver - Resolved [org.springframework.web.servlet.resource.NoResourceFoundException: No static resource favicon.ico.]
2026-04-29 11:09:33.481 [http-nio-8080-exec-5] DEBUG [f98800a2] [GET] [/favicon.ico] [0:0:0:0:0:0:0:1] o.s.web.servlet.DispatcherServlet - Completed 500 INTERNAL_SERVER_ERROR
2026-04-29 11:09:33.594 [http-nio-8080-exec-7] DEBUG [aa7d5959] [GET] [/favicon.ico] [0:0:0:0:0:0:0:1] o.s.web.servlet.DispatcherServlet - GET "/favicon.ico", parameters={}
2026-04-29 11:09:33.595 [http-nio-8080-exec-7] DEBUG [aa7d5959] [GET] [/favicon.ico] [0:0:0:0:0:0:0:1] o.s.w.s.h.SimpleUrlHandlerMapping - Mapped to ResourceHttpRequestHandler [classpath [META-INF/resources/], classpath [resources/], classpath [static/], classpath [public/], ServletContext [/]]
2026-04-29 11:09:33.596 [http-nio-8080-exec-7] DEBUG [aa7d5959] [GET] [/favicon.ico] [0:0:0:0:0:0:0:1] o.s.w.s.r.ResourceHttpRequestHandler - Resource not found
2026-04-29 11:09:33.597 [http-nio-8080-exec-7] DEBUG [aa7d5959] [GET] [/favicon.ico] [0:0:0:0:0:0:0:1] o.s.w.s.m.m.a.ExceptionHandlerExceptionResolver - Using @ExceptionHandler com.ohgiraffers.stability.section01.exception.handler.GlobalExceptionHandler#handleGenericException(Exception, HttpServletRequest)
2026-04-29 11:09:33.597 [http-nio-8080-exec-7] ERROR [aa7d5959] [GET] [/favicon.ico] [0:0:0:0:0:0:0:1] c.o.s.s.e.h.GlobalExceptionHandler - [s1][GlobalExceptionHandler] 예상하지 못한 오류 발생
org.springframework.web.servlet.resource.NoResourceFoundException: No static resource favicon.ico.
	at org.springframework.web.servlet.resource.ResourceHttpRequestHandler.handleRequest(ResourceHttpRequestHandler.java:585)
	at org.springframework.web.servlet.mvc.HttpRequestHandlerAdapter.handle(HttpRequestHandlerAdapter.java:52)
	at org.springframework.web.servlet.DispatcherServlet.doDispatch(DispatcherServlet.java:1089)
	at org.springframework.web.servlet.DispatcherServlet.doService(DispatcherServlet.java:979)
	at org.springframework.web.servlet.FrameworkServlet.processRequest(FrameworkServlet.java:1014)
	at org.springframework.web.servlet.FrameworkServlet.doGet(FrameworkServlet.java:903)
	at jakarta.servlet.http.HttpServlet.service(HttpServlet.java:564)
	at org.springframework.web.servlet.FrameworkServlet.service(FrameworkServlet.java:885)
	at jakarta.servlet.http.HttpServlet.service(HttpServlet.java:658)
	at org.apache.catalina.core.ApplicationFilterChain.internalDoFilter(ApplicationFilterChain.java:193)
	at org.apache.catalina.core.ApplicationFilterChain.doFilter(ApplicationFilterChain.java:138)
	at org.apache.tomcat.websocket.server.WsFilter.doFilter(WsFilter.java:51)
	at org.apache.catalina.core.ApplicationFilterChain.internalDoFilter(ApplicationFilterChain.java:162)
	at org.apache.catalina.core.ApplicationFilterChain.doFilter(ApplicationFilterChain.java:138)
	at com.ohgiraffers.stability.section02.logging.config.LoggingConfig$1.doFilterInternal(LoggingConfig.java:74)
	at org.springframework.web.filter.OncePerRequestFilter.doFilter(OncePerRequestFilter.java:116)
	at org.apache.catalina.core.ApplicationFilterChain.internalDoFilter(ApplicationFilterChain.java:162)
	at org.apache.catalina.core.ApplicationFilterChain.doFilter(ApplicationFilterChain.java:138)
	at org.springframework.web.filter.RequestContextFilter.doFilterInternal(RequestContextFilter.java:100)
	at org.springframework.web.filter.OncePerRequestFilter.doFilter(OncePerRequestFilter.java:116)
	at org.apache.catalina.core.ApplicationFilterChain.internalDoFilter(ApplicationFilterChain.java:162)
	at org.apache.catalina.core.ApplicationFilterChain.doFilter(ApplicationFilterChain.java:138)
	at org.springframework.web.filter.FormContentFilter.doFilterInternal(FormContentFilter.java:93)
	at org.springframework.web.filter.OncePerRequestFilter.doFilter(OncePerRequestFilter.java:116)
	at org.apache.catalina.core.ApplicationFilterChain.internalDoFilter(ApplicationFilterChain.java:162)
	at org.apache.catalina.core.ApplicationFilterChain.doFilter(ApplicationFilterChain.java:138)
	at org.springframework.web.filter.CharacterEncodingFilter.doFilterInternal(CharacterEncodingFilter.java:201)
	at org.springframework.web.filter.OncePerRequestFilter.doFilter(OncePerRequestFilter.java:116)
	at org.apache.catalina.core.ApplicationFilterChain.internalDoFilter(ApplicationFilterChain.java:162)
	at org.apache.catalina.core.ApplicationFilterChain.doFilter(ApplicationFilterChain.java:138)
	at org.apache.catalina.core.StandardWrapperValve.invoke(StandardWrapperValve.java:165)
	at org.apache.catalina.core.StandardContextValve.invoke(StandardContextValve.java:88)
	at org.apache.catalina.authenticator.AuthenticatorBase.invoke(AuthenticatorBase.java:482)
	at org.apache.catalina.core.StandardHostValve.invoke(StandardHostValve.java:113)
	at org.apache.catalina.valves.ErrorReportValve.invoke(ErrorReportValve.java:83)
	at org.apache.catalina.core.StandardEngineValve.invoke(StandardEngineValve.java:72)
	at org.apache.catalina.connector.CoyoteAdapter.service(CoyoteAdapter.java:342)
	at org.apache.coyote.http11.Http11Processor.service(Http11Processor.java:399)
	at org.apache.coyote.AbstractProcessorLight.process(AbstractProcessorLight.java:63)
	at org.apache.coyote.AbstractProtocol$ConnectionHandler.process(AbstractProtocol.java:903)
	at org.apache.tomcat.util.net.NioEndpoint$SocketProcessor.doRun(NioEndpoint.java:1774)
	at org.apache.tomcat.util.net.SocketProcessorBase.run(SocketProcessorBase.java:52)
	at org.apache.tomcat.util.threads.ThreadPoolExecutor.runWorker(ThreadPoolExecutor.java:973)
	at org.apache.tomcat.util.threads.ThreadPoolExecutor$Worker.run(ThreadPoolExecutor.java:491)
	at org.apache.tomcat.util.threads.TaskThread$WrappingRunnable.run(TaskThread.java:63)
	at java.base/java.lang.Thread.run(Thread.java:840)
2026-04-29 11:09:33.598 [http-nio-8080-exec-7] DEBUG [aa7d5959] [GET] [/favicon.ico] [0:0:0:0:0:0:0:1] o.s.w.s.m.m.a.HttpEntityMethodProcessor - Using 'application/json;q=0.8', given [image/avif, image/webp, image/apng, image/svg+xml, image/*, */*;q=0.8] and supported [application/json, application/*+json]
2026-04-29 11:09:33.598 [http-nio-8080-exec-7] DEBUG [aa7d5959] [GET] [/favicon.ico] [0:0:0:0:0:0:0:1] o.s.w.s.m.m.a.HttpEntityMethodProcessor - Writing [ErrorResponse{errorCode='INTERNAL_SERVER_ERROR', message='서버 내부 오류가 발생했습니다.', timestamp=2026-04-29T1 (truncated)...]
2026-04-29 11:09:33.599 [http-nio-8080-exec-7] WARN  [aa7d5959] [GET] [/favicon.ico] [0:0:0:0:0:0:0:1] o.s.w.s.m.m.a.ExceptionHandlerExceptionResolver - Resolved [org.springframework.web.servlet.resource.NoResourceFoundException: No static resource favicon.ico.]
2026-04-29 11:09:33.599 [http-nio-8080-exec-7] DEBUG [aa7d5959] [GET] [/favicon.ico] [0:0:0:0:0:0:0:1] o.s.web.servlet.DispatcherServlet - Completed 500 INTERNAL_SERVER_ERROR
2026-04-29 11:09:33.767 [http-nio-8080-exec-9] DEBUG [585b5226] [GET] [/favicon.ico] [0:0:0:0:0:0:0:1] o.s.web.servlet.DispatcherServlet - GET "/favicon.ico", parameters={}
2026-04-29 11:09:33.767 [http-nio-8080-exec-9] DEBUG [585b5226] [GET] [/favicon.ico] [0:0:0:0:0:0:0:1] o.s.w.s.h.SimpleUrlHandlerMapping - Mapped to ResourceHttpRequestHandler [classpath [META-INF/resources/], classpath [resources/], classpath [static/], classpath [public/], ServletContext [/]]
2026-04-29 11:09:33.768 [http-nio-8080-exec-9] DEBUG [585b5226] [GET] [/favicon.ico] [0:0:0:0:0:0:0:1] o.s.w.s.r.ResourceHttpRequestHandler - Resource not found
2026-04-29 11:09:33.768 [http-nio-8080-exec-9] DEBUG [585b5226] [GET] [/favicon.ico] [0:0:0:0:0:0:0:1] o.s.w.s.m.m.a.ExceptionHandlerExceptionResolver - Using @ExceptionHandler com.ohgiraffers.stability.section01.exception.handler.GlobalExceptionHandler#handleGenericException(Exception, HttpServletRequest)
2026-04-29 11:09:33.768 [http-nio-8080-exec-9] ERROR [585b5226] [GET] [/favicon.ico] [0:0:0:0:0:0:0:1] c.o.s.s.e.h.GlobalExceptionHandler - [s1][GlobalExceptionHandler] 예상하지 못한 오류 발생
org.springframework.web.servlet.resource.NoResourceFoundException: No static resource favicon.ico.
	at org.springframework.web.servlet.resource.ResourceHttpRequestHandler.handleRequest(ResourceHttpRequestHandler.java:585)
	at org.springframework.web.servlet.mvc.HttpRequestHandlerAdapter.handle(HttpRequestHandlerAdapter.java:52)
	at org.springframework.web.servlet.DispatcherServlet.doDispatch(DispatcherServlet.java:1089)
	at org.springframework.web.servlet.DispatcherServlet.doService(DispatcherServlet.java:979)
	at org.springframework.web.servlet.FrameworkServlet.processRequest(FrameworkServlet.java:1014)
	at org.springframework.web.servlet.FrameworkServlet.doGet(FrameworkServlet.java:903)
	at jakarta.servlet.http.HttpServlet.service(HttpServlet.java:564)
	at org.springframework.web.servlet.FrameworkServlet.service(FrameworkServlet.java:885)
	at jakarta.servlet.http.HttpServlet.service(HttpServlet.java:658)
	at org.apache.catalina.core.ApplicationFilterChain.internalDoFilter(ApplicationFilterChain.java:193)
	at org.apache.catalina.core.ApplicationFilterChain.doFilter(ApplicationFilterChain.java:138)
	at org.apache.tomcat.websocket.server.WsFilter.doFilter(WsFilter.java:51)
	at org.apache.catalina.core.ApplicationFilterChain.internalDoFilter(ApplicationFilterChain.java:162)
	at org.apache.catalina.core.ApplicationFilterChain.doFilter(ApplicationFilterChain.java:138)
	at com.ohgiraffers.stability.section02.logging.config.LoggingConfig$1.doFilterInternal(LoggingConfig.java:74)
	at org.springframework.web.filter.OncePerRequestFilter.doFilter(OncePerRequestFilter.java:116)
	at org.apache.catalina.core.ApplicationFilterChain.internalDoFilter(ApplicationFilterChain.java:162)
	at org.apache.catalina.core.ApplicationFilterChain.doFilter(ApplicationFilterChain.java:138)
	at org.springframework.web.filter.RequestContextFilter.doFilterInternal(RequestContextFilter.java:100)
	at org.springframework.web.filter.OncePerRequestFilter.doFilter(OncePerRequestFilter.java:116)
	at org.apache.catalina.core.ApplicationFilterChain.internalDoFilter(ApplicationFilterChain.java:162)
	at org.apache.catalina.core.ApplicationFilterChain.doFilter(ApplicationFilterChain.java:138)
	at org.springframework.web.filter.FormContentFilter.doFilterInternal(FormContentFilter.java:93)
	at org.springframework.web.filter.OncePerRequestFilter.doFilter(OncePerRequestFilter.java:116)
	at org.apache.catalina.core.ApplicationFilterChain.internalDoFilter(ApplicationFilterChain.java:162)
	at org.apache.catalina.core.ApplicationFilterChain.doFilter(ApplicationFilterChain.java:138)
	at org.springframework.web.filter.CharacterEncodingFilter.doFilterInternal(CharacterEncodingFilter.java:201)
	at org.springframework.web.filter.OncePerRequestFilter.doFilter(OncePerRequestFilter.java:116)
	at org.apache.catalina.core.ApplicationFilterChain.internalDoFilter(ApplicationFilterChain.java:162)
	at org.apache.catalina.core.ApplicationFilterChain.doFilter(ApplicationFilterChain.java:138)
	at org.apache.catalina.core.StandardWrapperValve.invoke(StandardWrapperValve.java:165)
	at org.apache.catalina.core.StandardContextValve.invoke(StandardContextValve.java:88)
	at org.apache.catalina.authenticator.AuthenticatorBase.invoke(AuthenticatorBase.java:482)
	at org.apache.catalina.core.StandardHostValve.invoke(StandardHostValve.java:113)
	at org.apache.catalina.valves.ErrorReportValve.invoke(ErrorReportValve.java:83)
	at org.apache.catalina.core.StandardEngineValve.invoke(StandardEngineValve.java:72)
	at org.apache.catalina.connector.CoyoteAdapter.service(CoyoteAdapter.java:342)
	at org.apache.coyote.http11.Http11Processor.service(Http11Processor.java:399)
	at org.apache.coyote.AbstractProcessorLight.process(AbstractProcessorLight.java:63)
	at org.apache.coyote.AbstractProtocol$ConnectionHandler.process(AbstractProtocol.java:903)
	at org.apache.tomcat.util.net.NioEndpoint$SocketProcessor.doRun(NioEndpoint.java:1774)
	at org.apache.tomcat.util.net.SocketProcessorBase.run(SocketProcessorBase.java:52)
	at org.apache.tomcat.util.threads.ThreadPoolExecutor.runWorker(ThreadPoolExecutor.java:973)
	at org.apache.tomcat.util.threads.ThreadPoolExecutor$Worker.run(ThreadPoolExecutor.java:491)
	at org.apache.tomcat.util.threads.TaskThread$WrappingRunnable.run(TaskThread.java:63)
	at java.base/java.lang.Thread.run(Thread.java:840)
2026-04-29 11:09:33.769 [http-nio-8080-exec-9] DEBUG [585b5226] [GET] [/favicon.ico] [0:0:0:0:0:0:0:1] o.s.w.s.m.m.a.HttpEntityMethodProcessor - Using 'application/json;q=0.8', given [image/avif, image/webp, image/apng, image/svg+xml, image/*, */*;q=0.8] and supported [application/json, application/*+json]
2026-04-29 11:09:33.769 [http-nio-8080-exec-9] DEBUG [585b5226] [GET] [/favicon.ico] [0:0:0:0:0:0:0:1] o.s.w.s.m.m.a.HttpEntityMethodProcessor - Writing [ErrorResponse{errorCode='INTERNAL_SERVER_ERROR', message='서버 내부 오류가 발생했습니다.', timestamp=2026-04-29T1 (truncated)...]
2026-04-29 11:09:33.770 [http-nio-8080-exec-9] WARN  [585b5226] [GET] [/favicon.ico] [0:0:0:0:0:0:0:1] o.s.w.s.m.m.a.ExceptionHandlerExceptionResolver - Resolved [org.springframework.web.servlet.resource.NoResourceFoundException: No static resource favicon.ico.]
2026-04-29 11:09:33.770 [http-nio-8080-exec-9] DEBUG [585b5226] [GET] [/favicon.ico] [0:0:0:0:0:0:0:1] o.s.web.servlet.DispatcherServlet - Completed 500 INTERNAL_SERVER_ERROR
2026-04-29 11:09:33.924 [http-nio-8080-exec-1] DEBUG [ea03ac9c] [GET] [/favicon.ico] [0:0:0:0:0:0:0:1] o.s.web.servlet.DispatcherServlet - GET "/favicon.ico", parameters={}
2026-04-29 11:09:33.925 [http-nio-8080-exec-1] DEBUG [ea03ac9c] [GET] [/favicon.ico] [0:0:0:0:0:0:0:1] o.s.w.s.h.SimpleUrlHandlerMapping - Mapped to ResourceHttpRequestHandler [classpath [META-INF/resources/], classpath [resources/], classpath [static/], classpath [public/], ServletContext [/]]
2026-04-29 11:09:33.926 [http-nio-8080-exec-1] DEBUG [ea03ac9c] [GET] [/favicon.ico] [0:0:0:0:0:0:0:1] o.s.w.s.r.ResourceHttpRequestHandler - Resource not found
2026-04-29 11:09:33.926 [http-nio-8080-exec-1] DEBUG [ea03ac9c] [GET] [/favicon.ico] [0:0:0:0:0:0:0:1] o.s.w.s.m.m.a.ExceptionHandlerExceptionResolver - Using @ExceptionHandler com.ohgiraffers.stability.section01.exception.handler.GlobalExceptionHandler#handleGenericException(Exception, HttpServletRequest)
2026-04-29 11:09:33.927 [http-nio-8080-exec-1] ERROR [ea03ac9c] [GET] [/favicon.ico] [0:0:0:0:0:0:0:1] c.o.s.s.e.h.GlobalExceptionHandler - [s1][GlobalExceptionHandler] 예상하지 못한 오류 발생
org.springframework.web.servlet.resource.NoResourceFoundException: No static resource favicon.ico.
	at org.springframework.web.servlet.resource.ResourceHttpRequestHandler.handleRequest(ResourceHttpRequestHandler.java:585)
	at org.springframework.web.servlet.mvc.HttpRequestHandlerAdapter.handle(HttpRequestHandlerAdapter.java:52)
	at org.springframework.web.servlet.DispatcherServlet.doDispatch(DispatcherServlet.java:1089)
	at org.springframework.web.servlet.DispatcherServlet.doService(DispatcherServlet.java:979)
	at org.springframework.web.servlet.FrameworkServlet.processRequest(FrameworkServlet.java:1014)
	at org.springframework.web.servlet.FrameworkServlet.doGet(FrameworkServlet.java:903)
	at jakarta.servlet.http.HttpServlet.service(HttpServlet.java:564)
	at org.springframework.web.servlet.FrameworkServlet.service(FrameworkServlet.java:885)
	at jakarta.servlet.http.HttpServlet.service(HttpServlet.java:658)
	at org.apache.catalina.core.ApplicationFilterChain.internalDoFilter(ApplicationFilterChain.java:193)
	at org.apache.catalina.core.ApplicationFilterChain.doFilter(ApplicationFilterChain.java:138)
	at org.apache.tomcat.websocket.server.WsFilter.doFilter(WsFilter.java:51)
	at org.apache.catalina.core.ApplicationFilterChain.internalDoFilter(ApplicationFilterChain.java:162)
	at org.apache.catalina.core.ApplicationFilterChain.doFilter(ApplicationFilterChain.java:138)
	at com.ohgiraffers.stability.section02.logging.config.LoggingConfig$1.doFilterInternal(LoggingConfig.java:74)
	at org.springframework.web.filter.OncePerRequestFilter.doFilter(OncePerRequestFilter.java:116)
	at org.apache.catalina.core.ApplicationFilterChain.internalDoFilter(ApplicationFilterChain.java:162)
	at org.apache.catalina.core.ApplicationFilterChain.doFilter(ApplicationFilterChain.java:138)
	at org.springframework.web.filter.RequestContextFilter.doFilterInternal(RequestContextFilter.java:100)
	at org.springframework.web.filter.OncePerRequestFilter.doFilter(OncePerRequestFilter.java:116)
	at org.apache.catalina.core.ApplicationFilterChain.internalDoFilter(ApplicationFilterChain.java:162)
	at org.apache.catalina.core.ApplicationFilterChain.doFilter(ApplicationFilterChain.java:138)
	at org.springframework.web.filter.FormContentFilter.doFilterInternal(FormContentFilter.java:93)
	at org.springframework.web.filter.OncePerRequestFilter.doFilter(OncePerRequestFilter.java:116)
	at org.apache.catalina.core.ApplicationFilterChain.internalDoFilter(ApplicationFilterChain.java:162)
	at org.apache.catalina.core.ApplicationFilterChain.doFilter(ApplicationFilterChain.java:138)
	at org.springframework.web.filter.CharacterEncodingFilter.doFilterInternal(CharacterEncodingFilter.java:201)
	at org.springframework.web.filter.OncePerRequestFilter.doFilter(OncePerRequestFilter.java:116)
	at org.apache.catalina.core.ApplicationFilterChain.internalDoFilter(ApplicationFilterChain.java:162)
	at org.apache.catalina.core.ApplicationFilterChain.doFilter(ApplicationFilterChain.java:138)
	at org.apache.catalina.core.StandardWrapperValve.invoke(StandardWrapperValve.java:165)
	at org.apache.catalina.core.StandardContextValve.invoke(StandardContextValve.java:88)
	at org.apache.catalina.authenticator.AuthenticatorBase.invoke(AuthenticatorBase.java:482)
	at org.apache.catalina.core.StandardHostValve.invoke(StandardHostValve.java:113)
	at org.apache.catalina.valves.ErrorReportValve.invoke(ErrorReportValve.java:83)
	at org.apache.catalina.core.StandardEngineValve.invoke(StandardEngineValve.java:72)
	at org.apache.catalina.connector.CoyoteAdapter.service(CoyoteAdapter.java:342)
	at org.apache.coyote.http11.Http11Processor.service(Http11Processor.java:399)
	at org.apache.coyote.AbstractProcessorLight.process(AbstractProcessorLight.java:63)
	at org.apache.coyote.AbstractProtocol$ConnectionHandler.process(AbstractProtocol.java:903)
	at org.apache.tomcat.util.net.NioEndpoint$SocketProcessor.doRun(NioEndpoint.java:1774)
	at org.apache.tomcat.util.net.SocketProcessorBase.run(SocketProcessorBase.java:52)
	at org.apache.tomcat.util.threads.ThreadPoolExecutor.runWorker(ThreadPoolExecutor.java:973)
	at org.apache.tomcat.util.threads.ThreadPoolExecutor$Worker.run(ThreadPoolExecutor.java:491)
	at org.apache.tomcat.util.threads.TaskThread$WrappingRunnable.run(TaskThread.java:63)
	at java.base/java.lang.Thread.run(Thread.java:840)
2026-04-29 11:09:33.927 [http-nio-8080-exec-1] DEBUG [ea03ac9c] [GET] [/favicon.ico] [0:0:0:0:0:0:0:1] o.s.w.s.m.m.a.HttpEntityMethodProcessor - Using 'application/json;q=0.8', given [image/avif, image/webp, image/apng, image/svg+xml, image/*, */*;q=0.8] and supported [application/json, application/*+json]
2026-04-29 11:09:33.927 [http-nio-8080-exec-1] DEBUG [ea03ac9c] [GET] [/favicon.ico] [0:0:0:0:0:0:0:1] o.s.w.s.m.m.a.HttpEntityMethodProcessor - Writing [ErrorResponse{errorCode='INTERNAL_SERVER_ERROR', message='서버 내부 오류가 발생했습니다.', timestamp=2026-04-29T1 (truncated)...]
2026-04-29 11:09:33.927 [http-nio-8080-exec-1] WARN  [ea03ac9c] [GET] [/favicon.ico] [0:0:0:0:0:0:0:1] o.s.w.s.m.m.a.ExceptionHandlerExceptionResolver - Resolved [org.springframework.web.servlet.resource.NoResourceFoundException: No static resource favicon.ico.]
2026-04-29 11:09:33.928 [http-nio-8080-exec-1] DEBUG [ea03ac9c] [GET] [/favicon.ico] [0:0:0:0:0:0:0:1] o.s.web.servlet.DispatcherServlet - Completed 500 INTERNAL_SERVER_ERROR
2026-04-29 11:09:39.042 [http-nio-8080-exec-4] DEBUG [cc727c07] [GET] [/favicon.ico] [0:0:0:0:0:0:0:1] o.s.web.servlet.DispatcherServlet - GET "/favicon.ico", parameters={}
2026-04-29 11:09:39.043 [http-nio-8080-exec-4] DEBUG [cc727c07] [GET] [/favicon.ico] [0:0:0:0:0:0:0:1] o.s.w.s.h.SimpleUrlHandlerMapping - Mapped to ResourceHttpRequestHandler [classpath [META-INF/resources/], classpath [resources/], classpath [static/], classpath [public/], ServletContext [/]]
2026-04-29 11:09:39.044 [http-nio-8080-exec-4] DEBUG [cc727c07] [GET] [/favicon.ico] [0:0:0:0:0:0:0:1] o.s.w.s.r.ResourceHttpRequestHandler - Resource not found
2026-04-29 11:09:39.044 [http-nio-8080-exec-4] DEBUG [cc727c07] [GET] [/favicon.ico] [0:0:0:0:0:0:0:1] o.s.w.s.m.m.a.ExceptionHandlerExceptionResolver - Using @ExceptionHandler com.ohgiraffers.stability.section01.exception.handler.GlobalExceptionHandler#handleGenericException(Exception, HttpServletRequest)
2026-04-29 11:09:39.044 [http-nio-8080-exec-4] ERROR [cc727c07] [GET] [/favicon.ico] [0:0:0:0:0:0:0:1] c.o.s.s.e.h.GlobalExceptionHandler - [s1][GlobalExceptionHandler] 예상하지 못한 오류 발생
org.springframework.web.servlet.resource.NoResourceFoundException: No static resource favicon.ico.
	at org.springframework.web.servlet.resource.ResourceHttpRequestHandler.handleRequest(ResourceHttpRequestHandler.java:585)
	at org.springframework.web.servlet.mvc.HttpRequestHandlerAdapter.handle(HttpRequestHandlerAdapter.java:52)
	at org.springframework.web.servlet.DispatcherServlet.doDispatch(DispatcherServlet.java:1089)
	at org.springframework.web.servlet.DispatcherServlet.doService(DispatcherServlet.java:979)
	at org.springframework.web.servlet.FrameworkServlet.processRequest(FrameworkServlet.java:1014)
	at org.springframework.web.servlet.FrameworkServlet.doGet(FrameworkServlet.java:903)
	at jakarta.servlet.http.HttpServlet.service(HttpServlet.java:564)
	at org.springframework.web.servlet.FrameworkServlet.service(FrameworkServlet.java:885)
	at jakarta.servlet.http.HttpServlet.service(HttpServlet.java:658)
	at org.apache.catalina.core.ApplicationFilterChain.internalDoFilter(ApplicationFilterChain.java:193)
	at org.apache.catalina.core.ApplicationFilterChain.doFilter(ApplicationFilterChain.java:138)
	at org.apache.tomcat.websocket.server.WsFilter.doFilter(WsFilter.java:51)
	at org.apache.catalina.core.ApplicationFilterChain.internalDoFilter(ApplicationFilterChain.java:162)
	at org.apache.catalina.core.ApplicationFilterChain.doFilter(ApplicationFilterChain.java:138)
	at com.ohgiraffers.stability.section02.logging.config.LoggingConfig$1.doFilterInternal(LoggingConfig.java:74)
	at org.springframework.web.filter.OncePerRequestFilter.doFilter(OncePerRequestFilter.java:116)
	at org.apache.catalina.core.ApplicationFilterChain.internalDoFilter(ApplicationFilterChain.java:162)
	at org.apache.catalina.core.ApplicationFilterChain.doFilter(ApplicationFilterChain.java:138)
	at org.springframework.web.filter.RequestContextFilter.doFilterInternal(RequestContextFilter.java:100)
	at org.springframework.web.filter.OncePerRequestFilter.doFilter(OncePerRequestFilter.java:116)
	at org.apache.catalina.core.ApplicationFilterChain.internalDoFilter(ApplicationFilterChain.java:162)
	at org.apache.catalina.core.ApplicationFilterChain.doFilter(ApplicationFilterChain.java:138)
	at org.springframework.web.filter.FormContentFilter.doFilterInternal(FormContentFilter.java:93)
	at org.springframework.web.filter.OncePerRequestFilter.doFilter(OncePerRequestFilter.java:116)
	at org.apache.catalina.core.ApplicationFilterChain.internalDoFilter(ApplicationFilterChain.java:162)
	at org.apache.catalina.core.ApplicationFilterChain.doFilter(ApplicationFilterChain.java:138)
	at org.springframework.web.filter.CharacterEncodingFilter.doFilterInternal(CharacterEncodingFilter.java:201)
	at org.springframework.web.filter.OncePerRequestFilter.doFilter(OncePerRequestFilter.java:116)
	at org.apache.catalina.core.ApplicationFilterChain.internalDoFilter(ApplicationFilterChain.java:162)
	at org.apache.catalina.core.ApplicationFilterChain.doFilter(ApplicationFilterChain.java:138)
	at org.apache.catalina.core.StandardWrapperValve.invoke(StandardWrapperValve.java:165)
	at org.apache.catalina.core.StandardContextValve.invoke(StandardContextValve.java:88)
	at org.apache.catalina.authenticator.AuthenticatorBase.invoke(AuthenticatorBase.java:482)
	at org.apache.catalina.core.StandardHostValve.invoke(StandardHostValve.java:113)
	at org.apache.catalina.valves.ErrorReportValve.invoke(ErrorReportValve.java:83)
	at org.apache.catalina.core.StandardEngineValve.invoke(StandardEngineValve.java:72)
	at org.apache.catalina.connector.CoyoteAdapter.service(CoyoteAdapter.java:342)
	at org.apache.coyote.http11.Http11Processor.service(Http11Processor.java:399)
	at org.apache.coyote.AbstractProcessorLight.process(AbstractProcessorLight.java:63)
	at org.apache.coyote.AbstractProtocol$ConnectionHandler.process(AbstractProtocol.java:903)
	at org.apache.tomcat.util.net.NioEndpoint$SocketProcessor.doRun(NioEndpoint.java:1774)
	at org.apache.tomcat.util.net.SocketProcessorBase.run(SocketProcessorBase.java:52)
	at org.apache.tomcat.util.threads.ThreadPoolExecutor.runWorker(ThreadPoolExecutor.java:973)
	at org.apache.tomcat.util.threads.ThreadPoolExecutor$Worker.run(ThreadPoolExecutor.java:491)
	at org.apache.tomcat.util.threads.TaskThread$WrappingRunnable.run(TaskThread.java:63)
	at java.base/java.lang.Thread.run(Thread.java:840)
2026-04-29 11:09:39.045 [http-nio-8080-exec-4] DEBUG [cc727c07] [GET] [/favicon.ico] [0:0:0:0:0:0:0:1] o.s.w.s.m.m.a.HttpEntityMethodProcessor - Using 'application/json;q=0.8', given [image/avif, image/webp, image/apng, image/svg+xml, image/*, */*;q=0.8] and supported [application/json, application/*+json]
2026-04-29 11:09:39.045 [http-nio-8080-exec-4] DEBUG [cc727c07] [GET] [/favicon.ico] [0:0:0:0:0:0:0:1] o.s.w.s.m.m.a.HttpEntityMethodProcessor - Writing [ErrorResponse{errorCode='INTERNAL_SERVER_ERROR', message='서버 내부 오류가 발생했습니다.', timestamp=2026-04-29T1 (truncated)...]
2026-04-29 11:09:39.046 [http-nio-8080-exec-4] WARN  [cc727c07] [GET] [/favicon.ico] [0:0:0:0:0:0:0:1] o.s.w.s.m.m.a.ExceptionHandlerExceptionResolver - Resolved [org.springframework.web.servlet.resource.NoResourceFoundException: No static resource favicon.ico.]
2026-04-29 11:09:39.046 [http-nio-8080-exec-4] DEBUG [cc727c07] [GET] [/favicon.ico] [0:0:0:0:0:0:0:1] o.s.web.servlet.DispatcherServlet - Completed 500 INTERNAL_SERVER_ERROR
2026-04-29 11:09:45.897 [http-nio-8080-exec-8] DEBUG [a13e10d5] [GET] [/favicon.ico] [0:0:0:0:0:0:0:1] o.s.web.servlet.DispatcherServlet - GET "/favicon.ico", parameters={}
2026-04-29 11:09:45.898 [http-nio-8080-exec-8] DEBUG [a13e10d5] [GET] [/favicon.ico] [0:0:0:0:0:0:0:1] o.s.w.s.h.SimpleUrlHandlerMapping - Mapped to ResourceHttpRequestHandler [classpath [META-INF/resources/], classpath [resources/], classpath [static/], classpath [public/], ServletContext [/]]
2026-04-29 11:09:45.900 [http-nio-8080-exec-8] DEBUG [a13e10d5] [GET] [/favicon.ico] [0:0:0:0:0:0:0:1] o.s.w.s.r.ResourceHttpRequestHandler - Resource not found
2026-04-29 11:09:45.901 [http-nio-8080-exec-8] DEBUG [a13e10d5] [GET] [/favicon.ico] [0:0:0:0:0:0:0:1] o.s.w.s.m.m.a.ExceptionHandlerExceptionResolver - Using @ExceptionHandler com.ohgiraffers.stability.section01.exception.handler.GlobalExceptionHandler#handleGenericException(Exception, HttpServletRequest)
2026-04-29 11:09:45.901 [http-nio-8080-exec-8] ERROR [a13e10d5] [GET] [/favicon.ico] [0:0:0:0:0:0:0:1] c.o.s.s.e.h.GlobalExceptionHandler - [s1][GlobalExceptionHandler] 예상하지 못한 오류 발생
org.springframework.web.servlet.resource.NoResourceFoundException: No static resource favicon.ico.
	at org.springframework.web.servlet.resource.ResourceHttpRequestHandler.handleRequest(ResourceHttpRequestHandler.java:585)
	at org.springframework.web.servlet.mvc.HttpRequestHandlerAdapter.handle(HttpRequestHandlerAdapter.java:52)
	at org.springframework.web.servlet.DispatcherServlet.doDispatch(DispatcherServlet.java:1089)
	at org.springframework.web.servlet.DispatcherServlet.doService(DispatcherServlet.java:979)
	at org.springframework.web.servlet.FrameworkServlet.processRequest(FrameworkServlet.java:1014)
	at org.springframework.web.servlet.FrameworkServlet.doGet(FrameworkServlet.java:903)
	at jakarta.servlet.http.HttpServlet.service(HttpServlet.java:564)
	at org.springframework.web.servlet.FrameworkServlet.service(FrameworkServlet.java:885)
	at jakarta.servlet.http.HttpServlet.service(HttpServlet.java:658)
	at org.apache.catalina.core.ApplicationFilterChain.internalDoFilter(ApplicationFilterChain.java:193)
	at org.apache.catalina.core.ApplicationFilterChain.doFilter(ApplicationFilterChain.java:138)
	at org.apache.tomcat.websocket.server.WsFilter.doFilter(WsFilter.java:51)
	at org.apache.catalina.core.ApplicationFilterChain.internalDoFilter(ApplicationFilterChain.java:162)
	at org.apache.catalina.core.ApplicationFilterChain.doFilter(ApplicationFilterChain.java:138)
	at com.ohgiraffers.stability.section02.logging.config.LoggingConfig$1.doFilterInternal(LoggingConfig.java:74)
	at org.springframework.web.filter.OncePerRequestFilter.doFilter(OncePerRequestFilter.java:116)
	at org.apache.catalina.core.ApplicationFilterChain.internalDoFilter(ApplicationFilterChain.java:162)
	at org.apache.catalina.core.ApplicationFilterChain.doFilter(ApplicationFilterChain.java:138)
	at org.springframework.web.filter.RequestContextFilter.doFilterInternal(RequestContextFilter.java:100)
	at org.springframework.web.filter.OncePerRequestFilter.doFilter(OncePerRequestFilter.java:116)
	at org.apache.catalina.core.ApplicationFilterChain.internalDoFilter(ApplicationFilterChain.java:162)
	at org.apache.catalina.core.ApplicationFilterChain.doFilter(ApplicationFilterChain.java:138)
	at org.springframework.web.filter.FormContentFilter.doFilterInternal(FormContentFilter.java:93)
	at org.springframework.web.filter.OncePerRequestFilter.doFilter(OncePerRequestFilter.java:116)
	at org.apache.catalina.core.ApplicationFilterChain.internalDoFilter(ApplicationFilterChain.java:162)
	at org.apache.catalina.core.ApplicationFilterChain.doFilter(ApplicationFilterChain.java:138)
	at org.springframework.web.filter.CharacterEncodingFilter.doFilterInternal(CharacterEncodingFilter.java:201)
	at org.springframework.web.filter.OncePerRequestFilter.doFilter(OncePerRequestFilter.java:116)
	at org.apache.catalina.core.ApplicationFilterChain.internalDoFilter(ApplicationFilterChain.java:162)
	at org.apache.catalina.core.ApplicationFilterChain.doFilter(ApplicationFilterChain.java:138)
	at org.apache.catalina.core.StandardWrapperValve.invoke(StandardWrapperValve.java:165)
	at org.apache.catalina.core.StandardContextValve.invoke(StandardContextValve.java:88)
	at org.apache.catalina.authenticator.AuthenticatorBase.invoke(AuthenticatorBase.java:482)
	at org.apache.catalina.core.StandardHostValve.invoke(StandardHostValve.java:113)
	at org.apache.catalina.valves.ErrorReportValve.invoke(ErrorReportValve.java:83)
	at org.apache.catalina.core.StandardEngineValve.invoke(StandardEngineValve.java:72)
	at org.apache.catalina.connector.CoyoteAdapter.service(CoyoteAdapter.java:342)
	at org.apache.coyote.http11.Http11Processor.service(Http11Processor.java:399)
	at org.apache.coyote.AbstractProcessorLight.process(AbstractProcessorLight.java:63)
	at org.apache.coyote.AbstractProtocol$ConnectionHandler.process(AbstractProtocol.java:903)
	at org.apache.tomcat.util.net.NioEndpoint$SocketProcessor.doRun(NioEndpoint.java:1774)
	at org.apache.tomcat.util.net.SocketProcessorBase.run(SocketProcessorBase.java:52)
	at org.apache.tomcat.util.threads.ThreadPoolExecutor.runWorker(ThreadPoolExecutor.java:973)
	at org.apache.tomcat.util.threads.ThreadPoolExecutor$Worker.run(ThreadPoolExecutor.java:491)
	at org.apache.tomcat.util.threads.TaskThread$WrappingRunnable.run(TaskThread.java:63)
	at java.base/java.lang.Thread.run(Thread.java:840)
2026-04-29 11:09:45.901 [http-nio-8080-exec-8] DEBUG [a13e10d5] [GET] [/favicon.ico] [0:0:0:0:0:0:0:1] o.s.w.s.m.m.a.HttpEntityMethodProcessor - Using 'application/json;q=0.8', given [image/avif, image/webp, image/apng, image/svg+xml, image/*, */*;q=0.8] and supported [application/json, application/*+json]
2026-04-29 11:09:45.902 [http-nio-8080-exec-8] DEBUG [a13e10d5] [GET] [/favicon.ico] [0:0:0:0:0:0:0:1] o.s.w.s.m.m.a.HttpEntityMethodProcessor - Writing [ErrorResponse{errorCode='INTERNAL_SERVER_ERROR', message='서버 내부 오류가 발생했습니다.', timestamp=2026-04-29T1 (truncated)...]
2026-04-29 11:09:45.902 [http-nio-8080-exec-8] WARN  [a13e10d5] [GET] [/favicon.ico] [0:0:0:0:0:0:0:1] o.s.w.s.m.m.a.ExceptionHandlerExceptionResolver - Resolved [org.springframework.web.servlet.resource.NoResourceFoundException: No static resource favicon.ico.]
2026-04-29 11:09:45.902 [http-nio-8080-exec-8] DEBUG [a13e10d5] [GET] [/favicon.ico] [0:0:0:0:0:0:0:1] o.s.web.servlet.DispatcherServlet - Completed 500 INTERNAL_SERVER_ERROR
2026-04-29 11:09:50.341 [http-nio-8080-exec-1] DEBUG [7bac9b1b] [GET] [/favicon.ico] [0:0:0:0:0:0:0:1] o.s.web.servlet.DispatcherServlet - GET "/favicon.ico", parameters={}
2026-04-29 11:09:50.342 [http-nio-8080-exec-1] DEBUG [7bac9b1b] [GET] [/favicon.ico] [0:0:0:0:0:0:0:1] o.s.w.s.h.SimpleUrlHandlerMapping - Mapped to ResourceHttpRequestHandler [classpath [META-INF/resources/], classpath [resources/], classpath [static/], classpath [public/], ServletContext [/]]
2026-04-29 11:09:50.343 [http-nio-8080-exec-1] DEBUG [7bac9b1b] [GET] [/favicon.ico] [0:0:0:0:0:0:0:1] o.s.w.s.r.ResourceHttpRequestHandler - Resource not found
2026-04-29 11:09:50.344 [http-nio-8080-exec-1] DEBUG [7bac9b1b] [GET] [/favicon.ico] [0:0:0:0:0:0:0:1] o.s.w.s.m.m.a.ExceptionHandlerExceptionResolver - Using @ExceptionHandler com.ohgiraffers.stability.section01.exception.handler.GlobalExceptionHandler#handleGenericException(Exception, HttpServletRequest)
2026-04-29 11:09:50.344 [http-nio-8080-exec-1] ERROR [7bac9b1b] [GET] [/favicon.ico] [0:0:0:0:0:0:0:1] c.o.s.s.e.h.GlobalExceptionHandler - [s1][GlobalExceptionHandler] 예상하지 못한 오류 발생
org.springframework.web.servlet.resource.NoResourceFoundException: No static resource favicon.ico.
	at org.springframework.web.servlet.resource.ResourceHttpRequestHandler.handleRequest(ResourceHttpRequestHandler.java:585)
	at org.springframework.web.servlet.mvc.HttpRequestHandlerAdapter.handle(HttpRequestHandlerAdapter.java:52)
	at org.springframework.web.servlet.DispatcherServlet.doDispatch(DispatcherServlet.java:1089)
	at org.springframework.web.servlet.DispatcherServlet.doService(DispatcherServlet.java:979)
	at org.springframework.web.servlet.FrameworkServlet.processRequest(FrameworkServlet.java:1014)
	at org.springframework.web.servlet.FrameworkServlet.doGet(FrameworkServlet.java:903)
	at jakarta.servlet.http.HttpServlet.service(HttpServlet.java:564)
	at org.springframework.web.servlet.FrameworkServlet.service(FrameworkServlet.java:885)
	at jakarta.servlet.http.HttpServlet.service(HttpServlet.java:658)
	at org.apache.catalina.core.ApplicationFilterChain.internalDoFilter(ApplicationFilterChain.java:193)
	at org.apache.catalina.core.ApplicationFilterChain.doFilter(ApplicationFilterChain.java:138)
	at org.apache.tomcat.websocket.server.WsFilter.doFilter(WsFilter.java:51)
	at org.apache.catalina.core.ApplicationFilterChain.internalDoFilter(ApplicationFilterChain.java:162)
	at org.apache.catalina.core.ApplicationFilterChain.doFilter(ApplicationFilterChain.java:138)
	at com.ohgiraffers.stability.section02.logging.config.LoggingConfig$1.doFilterInternal(LoggingConfig.java:74)
	at org.springframework.web.filter.OncePerRequestFilter.doFilter(OncePerRequestFilter.java:116)
	at org.apache.catalina.core.ApplicationFilterChain.internalDoFilter(ApplicationFilterChain.java:162)
	at org.apache.catalina.core.ApplicationFilterChain.doFilter(ApplicationFilterChain.java:138)
	at org.springframework.web.filter.RequestContextFilter.doFilterInternal(RequestContextFilter.java:100)
	at org.springframework.web.filter.OncePerRequestFilter.doFilter(OncePerRequestFilter.java:116)
	at org.apache.catalina.core.ApplicationFilterChain.internalDoFilter(ApplicationFilterChain.java:162)
	at org.apache.catalina.core.ApplicationFilterChain.doFilter(ApplicationFilterChain.java:138)
	at org.springframework.web.filter.FormContentFilter.doFilterInternal(FormContentFilter.java:93)
	at org.springframework.web.filter.OncePerRequestFilter.doFilter(OncePerRequestFilter.java:116)
	at org.apache.catalina.core.ApplicationFilterChain.internalDoFilter(ApplicationFilterChain.java:162)
	at org.apache.catalina.core.ApplicationFilterChain.doFilter(ApplicationFilterChain.java:138)
	at org.springframework.web.filter.CharacterEncodingFilter.doFilterInternal(CharacterEncodingFilter.java:201)
	at org.springframework.web.filter.OncePerRequestFilter.doFilter(OncePerRequestFilter.java:116)
	at org.apache.catalina.core.ApplicationFilterChain.internalDoFilter(ApplicationFilterChain.java:162)
	at org.apache.catalina.core.ApplicationFilterChain.doFilter(ApplicationFilterChain.java:138)
	at org.apache.catalina.core.StandardWrapperValve.invoke(StandardWrapperValve.java:165)
	at org.apache.catalina.core.StandardContextValve.invoke(StandardContextValve.java:88)
	at org.apache.catalina.authenticator.AuthenticatorBase.invoke(AuthenticatorBase.java:482)
	at org.apache.catalina.core.StandardHostValve.invoke(StandardHostValve.java:113)
	at org.apache.catalina.valves.ErrorReportValve.invoke(ErrorReportValve.java:83)
	at org.apache.catalina.core.StandardEngineValve.invoke(StandardEngineValve.java:72)
	at org.apache.catalina.connector.CoyoteAdapter.service(CoyoteAdapter.java:342)
	at org.apache.coyote.http11.Http11Processor.service(Http11Processor.java:399)
	at org.apache.coyote.AbstractProcessorLight.process(AbstractProcessorLight.java:63)
	at org.apache.coyote.AbstractProtocol$ConnectionHandler.process(AbstractProtocol.java:903)
	at org.apache.tomcat.util.net.NioEndpoint$SocketProcessor.doRun(NioEndpoint.java:1774)
	at org.apache.tomcat.util.net.SocketProcessorBase.run(SocketProcessorBase.java:52)
	at org.apache.tomcat.util.threads.ThreadPoolExecutor.runWorker(ThreadPoolExecutor.java:973)
	at org.apache.tomcat.util.threads.ThreadPoolExecutor$Worker.run(ThreadPoolExecutor.java:491)
	at org.apache.tomcat.util.threads.TaskThread$WrappingRunnable.run(TaskThread.java:63)
	at java.base/java.lang.Thread.run(Thread.java:840)
2026-04-29 11:09:50.345 [http-nio-8080-exec-1] DEBUG [7bac9b1b] [GET] [/favicon.ico] [0:0:0:0:0:0:0:1] o.s.w.s.m.m.a.HttpEntityMethodProcessor - Using 'application/json;q=0.8', given [image/avif, image/webp, image/apng, image/svg+xml, image/*, */*;q=0.8] and supported [application/json, application/*+json]
2026-04-29 11:09:50.345 [http-nio-8080-exec-1] DEBUG [7bac9b1b] [GET] [/favicon.ico] [0:0:0:0:0:0:0:1] o.s.w.s.m.m.a.HttpEntityMethodProcessor - Writing [ErrorResponse{errorCode='INTERNAL_SERVER_ERROR', message='서버 내부 오류가 발생했습니다.', timestamp=2026-04-29T1 (truncated)...]
2026-04-29 11:09:50.345 [http-nio-8080-exec-1] WARN  [7bac9b1b] [GET] [/favicon.ico] [0:0:0:0:0:0:0:1] o.s.w.s.m.m.a.ExceptionHandlerExceptionResolver - Resolved [org.springframework.web.servlet.resource.NoResourceFoundException: No static resource favicon.ico.]
2026-04-29 11:09:50.345 [http-nio-8080-exec-1] DEBUG [7bac9b1b] [GET] [/favicon.ico] [0:0:0:0:0:0:0:1] o.s.web.servlet.DispatcherServlet - Completed 500 INTERNAL_SERVER_ERROR
2026-04-29 11:39:59.220 [File Watcher] INFO  [] [] [] [] o.s.b.d.a.LocalDevToolsAutoConfiguration$RestartingClassPathChangeChangedEventListener - Restarting due to 2 class path changes (0 additions, 0 deletions, 2 modifications)
2026-04-29 11:39:59.224 [Thread-5] INFO  [] [] [] [] o.s.b.w.e.tomcat.GracefulShutdown - Commencing graceful shutdown. Waiting for active requests to complete
2026-04-29 11:39:59.224 [tomcat-shutdown] INFO  [] [] [] [] o.a.coyote.http11.Http11NioProtocol - Pausing ProtocolHandler ["http-nio-8080"]
2026-04-29 11:39:59.315 [tomcat-shutdown] INFO  [] [] [] [] o.s.b.w.e.tomcat.GracefulShutdown - Graceful shutdown complete
2026-04-29 11:39:59.316 [Thread-5] INFO  [] [] [] [] o.a.coyote.http11.Http11NioProtocol - Stopping ProtocolHandler ["http-nio-8080"]
2026-04-29 11:39:59.319 [Thread-5] INFO  [] [] [] [] o.s.o.j.LocalContainerEntityManagerFactoryBean - Closing JPA EntityManagerFactory for persistence unit 'default'
2026-04-29 11:39:59.319 [Thread-5] DEBUG [] [] [] [] org.hibernate.SQL - 
    drop table if exists tbl_book cascade 
2026-04-29 11:39:59.321 [Thread-5] DEBUG [] [] [] [] org.hibernate.SQL - 
    drop table if exists tbl_loan cascade 
2026-04-29 11:39:59.322 [Thread-5] DEBUG [] [] [] [] org.hibernate.SQL - 
    drop table if exists tbl_member cascade 
2026-04-29 11:39:59.322 [Thread-5] DEBUG [] [] [] [] org.hibernate.SQL - 
    drop table if exists tbl_review cascade 
2026-04-29 11:39:59.326 [Thread-5] WARN  [] [] [] [] o.s.b.f.s.DisposableBeanAdapter - Invocation of destroy method failed on bean with name 'inMemoryDatabaseShutdownExecutor': org.h2.jdbc.JdbcSQLNonTransientConnectionException: Database is already closed (to disable automatic closing at VM shutdown, add ";DB_CLOSE_ON_EXIT=FALSE" to the db URL) [90121-232]
2026-04-29 11:39:59.327 [Thread-5] INFO  [] [] [] [] com.zaxxer.hikari.HikariDataSource - HikariPool-1 - Shutdown initiated...
2026-04-29 11:39:59.328 [Thread-5] INFO  [] [] [] [] com.zaxxer.hikari.HikariDataSource - HikariPool-1 - Shutdown completed.
2026-04-29 11:39:59.416 [restartedMain] INFO  [] [] [] [] c.o.s.Chap01SpringStabilityApplication - Starting Chap01SpringStabilityApplication using Java 17.0.18 with PID 17744 (C:\Lecture\10_Logging-Monitoring\module01-spring-stability\build\classes\java\main started by user in C:\Lecture\10_Logging-Monitoring\module01-spring-stability)
2026-04-29 11:39:59.417 [restartedMain] DEBUG [] [] [] [] c.o.s.Chap01SpringStabilityApplication - Running with Spring Boot v3.4.13, Spring v6.2.15
2026-04-29 11:39:59.417 [restartedMain] INFO  [] [] [] [] c.o.s.Chap01SpringStabilityApplication - The following 1 profile is active: "dev"
2026-04-29 11:39:59.567 [restartedMain] INFO  [] [] [] [] o.s.d.r.c.RepositoryConfigurationDelegate - Bootstrapping Spring Data JPA repositories in DEFAULT mode.
2026-04-29 11:39:59.585 [restartedMain] INFO  [] [] [] [] o.s.d.r.c.RepositoryConfigurationDelegate - Finished Spring Data repository scanning in 17 ms. Found 4 JPA repository interfaces.
2026-04-29 11:39:59.719 [restartedMain] INFO  [] [] [] [] o.s.b.w.e.tomcat.TomcatWebServer - Tomcat initialized with port 8080 (http)
2026-04-29 11:39:59.719 [restartedMain] INFO  [] [] [] [] o.a.coyote.http11.Http11NioProtocol - Initializing ProtocolHandler ["http-nio-8080"]
2026-04-29 11:39:59.720 [restartedMain] INFO  [] [] [] [] o.a.catalina.core.StandardService - Starting service [Tomcat]
2026-04-29 11:39:59.720 [restartedMain] INFO  [] [] [] [] o.a.catalina.core.StandardEngine - Starting Servlet engine: [Apache Tomcat/10.1.50]
2026-04-29 11:39:59.729 [restartedMain] INFO  [] [] [] [] o.a.c.c.C.[Tomcat].[localhost].[/] - Initializing Spring embedded WebApplicationContext
2026-04-29 11:39:59.729 [restartedMain] INFO  [] [] [] [] o.s.b.w.s.c.ServletWebServerApplicationContext - Root WebApplicationContext: initialization completed in 311 ms
2026-04-29 11:39:59.742 [restartedMain] DEBUG [] [] [] [] c.o.s.s.l.config.LoggingConfig$1 - Filter 'mdcLoggingFilter' configured for use
2026-04-29 11:39:59.782 [restartedMain] INFO  [] [] [] [] o.h.jpa.internal.util.LogHelper - HHH000204: Processing PersistenceUnitInfo [name: default]
2026-04-29 11:39:59.784 [restartedMain] INFO  [] [] [] [] o.h.c.i.RegionFactoryInitiator - HHH000026: Second-level cache disabled
2026-04-29 11:39:59.792 [restartedMain] INFO  [] [] [] [] o.s.o.j.p.SpringPersistenceUnitInfo - No LoadTimeWeaver setup: ignoring JPA class transformer
2026-04-29 11:39:59.793 [restartedMain] INFO  [] [] [] [] com.zaxxer.hikari.HikariDataSource - HikariPool-2 - Starting...
2026-04-29 11:39:59.794 [restartedMain] INFO  [] [] [] [] com.zaxxer.hikari.pool.HikariPool - HikariPool-2 - Added connection conn20: url=jdbc:h2:mem:library user=OHGIRAFFERS
2026-04-29 11:39:59.794 [restartedMain] INFO  [] [] [] [] com.zaxxer.hikari.HikariDataSource - HikariPool-2 - Start completed.
2026-04-29 11:39:59.795 [restartedMain] INFO  [] [] [] [] o.hibernate.orm.connections.pooling - HHH10001005: Database info:
	Database JDBC URL [Connecting through datasource 'HikariDataSource (HikariPool-2)']
	Database driver: undefined/unknown
	Database version: 2.3.232
	Autocommit mode: undefined/unknown
	Isolation level: undefined/unknown
	Minimum pool size: undefined/unknown
	Maximum pool size: undefined/unknown
2026-04-29 11:39:59.882 [restartedMain] INFO  [] [] [] [] o.h.e.t.j.p.i.JtaPlatformInitiator - HHH000489: No JTA platform available (set 'hibernate.transaction.jta.platform' to enable JTA platform integration)
2026-04-29 11:39:59.882 [restartedMain] DEBUG [] [] [] [] org.hibernate.SQL - 
    drop table if exists tbl_book cascade 
2026-04-29 11:39:59.883 [restartedMain] DEBUG [] [] [] [] org.hibernate.SQL - 
    drop table if exists tbl_loan cascade 
2026-04-29 11:39:59.883 [restartedMain] DEBUG [] [] [] [] org.hibernate.SQL - 
    drop table if exists tbl_member cascade 
2026-04-29 11:39:59.883 [restartedMain] DEBUG [] [] [] [] org.hibernate.SQL - 
    drop table if exists tbl_review cascade 
2026-04-29 11:39:59.883 [restartedMain] DEBUG [] [] [] [] org.hibernate.SQL - 
    create table tbl_book (
        available boolean not null,
        publish_date date not null,
        stock_quantity integer not null,
        book_id bigint generated by default as identity,
        isbn varchar(13) not null unique,
        author varchar(100) not null,
        publisher varchar(100) not null,
        title varchar(200) not null,
        primary key (book_id)
    )
2026-04-29 11:39:59.884 [restartedMain] DEBUG [] [] [] [] org.hibernate.SQL - 
    create table tbl_loan (
        fine_amount integer,
        overdue_days integer,
        book_id bigint not null,
        due_date timestamp(6) not null,
        loan_date timestamp(6) not null,
        loan_id bigint generated by default as identity,
        member_id bigint not null,
        return_date timestamp(6),
        status enum ('ACTIVE','OVERDUE','RETURNED') not null,
        primary key (loan_id)
    )
2026-04-29 11:39:59.885 [restartedMain] DEBUG [] [] [] [] org.hibernate.SQL - 
    create table tbl_member (
        active boolean not null,
        join_date timestamp(6) not null,
        member_id bigint generated by default as identity,
        phone varchar(20),
        member_name varchar(50) not null,
        email varchar(100) not null unique,
        primary key (member_id)
    )
2026-04-29 11:39:59.886 [restartedMain] DEBUG [] [] [] [] org.hibernate.SQL - 
    create table tbl_review (
        helpful_count integer not null check (helpful_count>=0),
        rating float(53) not null,
        verified_purchase boolean not null,
        book_id bigint not null,
        created_at timestamp(6) not null,
        member_id bigint not null,
        review_id bigint generated by default as identity,
        updated_at timestamp(6),
        title varchar(100) not null,
        content varchar(2000) not null,
        status enum ('ACTIVE','DELETED','HIDDEN') not null,
        primary key (review_id),
        unique (member_id, book_id)
    )
2026-04-29 11:39:59.887 [restartedMain] DEBUG [] [] [] [] org.hibernate.SQL - 
    alter table if exists tbl_loan 
       add constraint FK963g40utp85k5mww691e4ma6g 
       foreign key (book_id) 
       references tbl_book
2026-04-29 11:39:59.888 [restartedMain] DEBUG [] [] [] [] org.hibernate.SQL - 
    alter table if exists tbl_loan 
       add constraint FKqtnm703pqo6mnin10corsjsc 
       foreign key (member_id) 
       references tbl_member
2026-04-29 11:39:59.889 [restartedMain] DEBUG [] [] [] [] org.hibernate.SQL - 
    alter table if exists tbl_review 
       add constraint FK6ykodvsh8wis5tfouaxwi9qbc 
       foreign key (book_id) 
       references tbl_book
2026-04-29 11:39:59.889 [restartedMain] DEBUG [] [] [] [] org.hibernate.SQL - 
    alter table if exists tbl_review 
       add constraint FKcgs2lvcrlf9x3jtif9sskpx0 
       foreign key (member_id) 
       references tbl_member
2026-04-29 11:39:59.890 [restartedMain] INFO  [] [] [] [] o.s.o.j.LocalContainerEntityManagerFactoryBean - Initialized JPA EntityManagerFactory for persistence unit 'default'
2026-04-29 11:40:00.106 [restartedMain] WARN  [] [] [] [] o.s.b.a.o.j.JpaBaseConfiguration$JpaWebConfiguration - spring.jpa.open-in-view is enabled by default. Therefore, database queries may be performed during view rendering. Explicitly configure spring.jpa.open-in-view to disable this warning
2026-04-29 11:40:00.148 [restartedMain] DEBUG [] [] [] [] o.s.w.s.m.m.a.RequestMappingHandlerMapping - 29 mappings in 'requestMappingHandlerMapping'
2026-04-29 11:40:00.213 [restartedMain] DEBUG [] [] [] [] o.s.w.s.h.SimpleUrlHandlerMapping - Patterns [/webjars/**, /**] in 'resourceHandlerMapping'
2026-04-29 11:40:00.226 [restartedMain] DEBUG [] [] [] [] o.s.w.s.m.m.a.RequestMappingHandlerAdapter - ControllerAdvice beans: 0 @ModelAttribute, 0 @InitBinder, 1 RequestBodyAdvice, 1 ResponseBodyAdvice
2026-04-29 11:40:00.238 [restartedMain] DEBUG [] [] [] [] o.s.w.s.m.m.a.ExceptionHandlerExceptionResolver - ControllerAdvice beans: 2 @ExceptionHandler, 1 ResponseBodyAdvice
2026-04-29 11:40:00.271 [restartedMain] INFO  [] [] [] [] o.s.b.a.h.H2ConsoleAutoConfiguration - H2 console available at '/h2-console'. Database available at 'jdbc:h2:mem:library'
2026-04-29 11:40:00.316 [restartedMain] INFO  [] [] [] [] o.s.b.d.a.OptionalLiveReloadServer - LiveReload server is running on port 35729
2026-04-29 11:40:00.324 [restartedMain] INFO  [] [] [] [] o.a.coyote.http11.Http11NioProtocol - Starting ProtocolHandler ["http-nio-8080"]
2026-04-29 11:40:00.326 [restartedMain] INFO  [] [] [] [] o.s.b.w.e.tomcat.TomcatWebServer - Tomcat started on port 8080 (http) with context path '/'
2026-04-29 11:40:00.330 [restartedMain] INFO  [] [] [] [] c.o.s.Chap01SpringStabilityApplication - Started Chap01SpringStabilityApplication in 0.955 seconds (process running for 2168.201)
2026-04-29 11:40:00.332 [restartedMain] INFO  [] [] [] [] o.s.b.d.a.ConditionEvaluationDeltaLoggingListener - Condition evaluation unchanged
2026-04-29 11:42:10.573 [File Watcher] INFO  [] [] [] [] o.s.b.d.a.LocalDevToolsAutoConfiguration$RestartingClassPathChangeChangedEventListener - Restarting due to 2 class path changes (0 additions, 0 deletions, 2 modifications)
2026-04-29 11:42:10.574 [Thread-7] INFO  [] [] [] [] o.s.b.w.e.tomcat.GracefulShutdown - Commencing graceful shutdown. Waiting for active requests to complete
2026-04-29 11:42:10.575 [tomcat-shutdown] INFO  [] [] [] [] o.a.coyote.http11.Http11NioProtocol - Pausing ProtocolHandler ["http-nio-8080"]
2026-04-29 11:42:10.667 [tomcat-shutdown] INFO  [] [] [] [] o.s.b.w.e.tomcat.GracefulShutdown - Graceful shutdown complete
2026-04-29 11:42:10.667 [Thread-7] INFO  [] [] [] [] o.a.coyote.http11.Http11NioProtocol - Stopping ProtocolHandler ["http-nio-8080"]
2026-04-29 11:42:10.669 [Thread-7] INFO  [] [] [] [] o.s.o.j.LocalContainerEntityManagerFactoryBean - Closing JPA EntityManagerFactory for persistence unit 'default'
2026-04-29 11:42:10.669 [Thread-7] DEBUG [] [] [] [] org.hibernate.SQL - 
    drop table if exists tbl_book cascade 
2026-04-29 11:42:10.670 [Thread-7] DEBUG [] [] [] [] org.hibernate.SQL - 
    drop table if exists tbl_loan cascade 
2026-04-29 11:42:10.670 [Thread-7] DEBUG [] [] [] [] org.hibernate.SQL - 
    drop table if exists tbl_member cascade 
2026-04-29 11:42:10.671 [Thread-7] DEBUG [] [] [] [] org.hibernate.SQL - 
    drop table if exists tbl_review cascade 
2026-04-29 11:42:10.672 [Thread-7] WARN  [] [] [] [] o.s.b.f.s.DisposableBeanAdapter - Invocation of destroy method failed on bean with name 'inMemoryDatabaseShutdownExecutor': org.h2.jdbc.JdbcSQLNonTransientConnectionException: Database is already closed (to disable automatic closing at VM shutdown, add ";DB_CLOSE_ON_EXIT=FALSE" to the db URL) [90121-232]
2026-04-29 11:42:10.672 [Thread-7] INFO  [] [] [] [] com.zaxxer.hikari.HikariDataSource - HikariPool-2 - Shutdown initiated...
2026-04-29 11:42:10.672 [Thread-7] INFO  [] [] [] [] com.zaxxer.hikari.HikariDataSource - HikariPool-2 - Shutdown completed.
2026-04-29 11:42:10.748 [restartedMain] INFO  [] [] [] [] c.o.s.Chap01SpringStabilityApplication - Starting Chap01SpringStabilityApplication using Java 17.0.18 with PID 17744 (C:\Lecture\10_Logging-Monitoring\module01-spring-stability\build\classes\java\main started by user in C:\Lecture\10_Logging-Monitoring\module01-spring-stability)
2026-04-29 11:42:10.748 [restartedMain] DEBUG [] [] [] [] c.o.s.Chap01SpringStabilityApplication - Running with Spring Boot v3.4.13, Spring v6.2.15
2026-04-29 11:42:10.748 [restartedMain] INFO  [] [] [] [] c.o.s.Chap01SpringStabilityApplication - The following 1 profile is active: "dev"
2026-04-29 11:42:10.867 [restartedMain] INFO  [] [] [] [] o.s.d.r.c.RepositoryConfigurationDelegate - Bootstrapping Spring Data JPA repositories in DEFAULT mode.
2026-04-29 11:42:10.885 [restartedMain] INFO  [] [] [] [] o.s.d.r.c.RepositoryConfigurationDelegate - Finished Spring Data repository scanning in 17 ms. Found 4 JPA repository interfaces.
2026-04-29 11:42:10.968 [restartedMain] INFO  [] [] [] [] o.s.b.w.e.tomcat.TomcatWebServer - Tomcat initialized with port 8080 (http)
2026-04-29 11:42:10.968 [restartedMain] INFO  [] [] [] [] o.a.coyote.http11.Http11NioProtocol - Initializing ProtocolHandler ["http-nio-8080"]
2026-04-29 11:42:10.968 [restartedMain] INFO  [] [] [] [] o.a.catalina.core.StandardService - Starting service [Tomcat]
2026-04-29 11:42:10.968 [restartedMain] INFO  [] [] [] [] o.a.catalina.core.StandardEngine - Starting Servlet engine: [Apache Tomcat/10.1.50]
2026-04-29 11:42:10.980 [restartedMain] INFO  [] [] [] [] o.a.c.c.C.[Tomcat].[localhost].[/] - Initializing Spring embedded WebApplicationContext
2026-04-29 11:42:10.981 [restartedMain] INFO  [] [] [] [] o.s.b.w.s.c.ServletWebServerApplicationContext - Root WebApplicationContext: initialization completed in 232 ms
2026-04-29 11:42:10.994 [restartedMain] DEBUG [] [] [] [] c.o.s.s.l.config.LoggingConfig$1 - Filter 'mdcLoggingFilter' configured for use
2026-04-29 11:42:11.022 [restartedMain] INFO  [] [] [] [] o.h.jpa.internal.util.LogHelper - HHH000204: Processing PersistenceUnitInfo [name: default]
2026-04-29 11:42:11.024 [restartedMain] INFO  [] [] [] [] o.h.c.i.RegionFactoryInitiator - HHH000026: Second-level cache disabled
2026-04-29 11:42:11.029 [restartedMain] INFO  [] [] [] [] o.s.o.j.p.SpringPersistenceUnitInfo - No LoadTimeWeaver setup: ignoring JPA class transformer
2026-04-29 11:42:11.030 [restartedMain] INFO  [] [] [] [] com.zaxxer.hikari.HikariDataSource - HikariPool-3 - Starting...
2026-04-29 11:42:11.031 [restartedMain] INFO  [] [] [] [] com.zaxxer.hikari.pool.HikariPool - HikariPool-3 - Added connection conn30: url=jdbc:h2:mem:library user=OHGIRAFFERS
2026-04-29 11:42:11.031 [restartedMain] INFO  [] [] [] [] com.zaxxer.hikari.HikariDataSource - HikariPool-3 - Start completed.
2026-04-29 11:42:11.032 [restartedMain] INFO  [] [] [] [] o.hibernate.orm.connections.pooling - HHH10001005: Database info:
	Database JDBC URL [Connecting through datasource 'HikariDataSource (HikariPool-3)']
	Database driver: undefined/unknown
	Database version: 2.3.232
	Autocommit mode: undefined/unknown
	Isolation level: undefined/unknown
	Minimum pool size: undefined/unknown
	Maximum pool size: undefined/unknown
2026-04-29 11:42:11.097 [restartedMain] INFO  [] [] [] [] o.h.e.t.j.p.i.JtaPlatformInitiator - HHH000489: No JTA platform available (set 'hibernate.transaction.jta.platform' to enable JTA platform integration)
2026-04-29 11:42:11.097 [restartedMain] DEBUG [] [] [] [] org.hibernate.SQL - 
    drop table if exists tbl_book cascade 
2026-04-29 11:42:11.097 [restartedMain] DEBUG [] [] [] [] org.hibernate.SQL - 
    drop table if exists tbl_loan cascade 
2026-04-29 11:42:11.097 [restartedMain] DEBUG [] [] [] [] org.hibernate.SQL - 
    drop table if exists tbl_member cascade 
2026-04-29 11:42:11.097 [restartedMain] DEBUG [] [] [] [] org.hibernate.SQL - 
    drop table if exists tbl_review cascade 
2026-04-29 11:42:11.098 [restartedMain] DEBUG [] [] [] [] org.hibernate.SQL - 
    create table tbl_book (
        available boolean not null,
        publish_date date not null,
        stock_quantity integer not null,
        book_id bigint generated by default as identity,
        isbn varchar(13) not null unique,
        author varchar(100) not null,
        publisher varchar(100) not null,
        title varchar(200) not null,
        primary key (book_id)
    )
2026-04-29 11:42:11.098 [restartedMain] DEBUG [] [] [] [] org.hibernate.SQL - 
    create table tbl_loan (
        fine_amount integer,
        overdue_days integer,
        book_id bigint not null,
        due_date timestamp(6) not null,
        loan_date timestamp(6) not null,
        loan_id bigint generated by default as identity,
        member_id bigint not null,
        return_date timestamp(6),
        status enum ('ACTIVE','OVERDUE','RETURNED') not null,
        primary key (loan_id)
    )
2026-04-29 11:42:11.099 [restartedMain] DEBUG [] [] [] [] org.hibernate.SQL - 
    create table tbl_member (
        active boolean not null,
        join_date timestamp(6) not null,
        member_id bigint generated by default as identity,
        phone varchar(20),
        member_name varchar(50) not null,
        email varchar(100) not null unique,
        primary key (member_id)
    )
2026-04-29 11:42:11.099 [restartedMain] DEBUG [] [] [] [] org.hibernate.SQL - 
    create table tbl_review (
        helpful_count integer not null check (helpful_count>=0),
        rating float(53) not null,
        verified_purchase boolean not null,
        book_id bigint not null,
        created_at timestamp(6) not null,
        member_id bigint not null,
        review_id bigint generated by default as identity,
        updated_at timestamp(6),
        title varchar(100) not null,
        content varchar(2000) not null,
        status enum ('ACTIVE','DELETED','HIDDEN') not null,
        primary key (review_id),
        unique (member_id, book_id)
    )
2026-04-29 11:42:11.100 [restartedMain] DEBUG [] [] [] [] org.hibernate.SQL - 
    alter table if exists tbl_loan 
       add constraint FK963g40utp85k5mww691e4ma6g 
       foreign key (book_id) 
       references tbl_book
2026-04-29 11:42:11.101 [restartedMain] DEBUG [] [] [] [] org.hibernate.SQL - 
    alter table if exists tbl_loan 
       add constraint FKqtnm703pqo6mnin10corsjsc 
       foreign key (member_id) 
       references tbl_member
2026-04-29 11:42:11.101 [restartedMain] DEBUG [] [] [] [] org.hibernate.SQL - 
    alter table if exists tbl_review 
       add constraint FK6ykodvsh8wis5tfouaxwi9qbc 
       foreign key (book_id) 
       references tbl_book
2026-04-29 11:42:11.102 [restartedMain] DEBUG [] [] [] [] org.hibernate.SQL - 
    alter table if exists tbl_review 
       add constraint FKcgs2lvcrlf9x3jtif9sskpx0 
       foreign key (member_id) 
       references tbl_member
2026-04-29 11:42:11.103 [restartedMain] INFO  [] [] [] [] o.s.o.j.LocalContainerEntityManagerFactoryBean - Initialized JPA EntityManagerFactory for persistence unit 'default'
2026-04-29 11:42:11.296 [restartedMain] WARN  [] [] [] [] o.s.b.a.o.j.JpaBaseConfiguration$JpaWebConfiguration - spring.jpa.open-in-view is enabled by default. Therefore, database queries may be performed during view rendering. Explicitly configure spring.jpa.open-in-view to disable this warning
2026-04-29 11:42:11.333 [restartedMain] DEBUG [] [] [] [] o.s.w.s.m.m.a.RequestMappingHandlerMapping - 29 mappings in 'requestMappingHandlerMapping'
2026-04-29 11:42:11.390 [restartedMain] DEBUG [] [] [] [] o.s.w.s.h.SimpleUrlHandlerMapping - Patterns [/webjars/**, /**] in 'resourceHandlerMapping'
2026-04-29 11:42:11.403 [restartedMain] DEBUG [] [] [] [] o.s.w.s.m.m.a.RequestMappingHandlerAdapter - ControllerAdvice beans: 0 @ModelAttribute, 0 @InitBinder, 1 RequestBodyAdvice, 1 ResponseBodyAdvice
2026-04-29 11:42:11.416 [restartedMain] DEBUG [] [] [] [] o.s.w.s.m.m.a.ExceptionHandlerExceptionResolver - ControllerAdvice beans: 2 @ExceptionHandler, 1 ResponseBodyAdvice
2026-04-29 11:42:11.447 [restartedMain] INFO  [] [] [] [] o.s.b.a.h.H2ConsoleAutoConfiguration - H2 console available at '/h2-console'. Database available at 'jdbc:h2:mem:library'
2026-04-29 11:42:11.495 [restartedMain] INFO  [] [] [] [] o.s.b.d.a.OptionalLiveReloadServer - LiveReload server is running on port 35729
2026-04-29 11:42:11.501 [restartedMain] INFO  [] [] [] [] o.a.coyote.http11.Http11NioProtocol - Starting ProtocolHandler ["http-nio-8080"]
2026-04-29 11:42:11.503 [restartedMain] INFO  [] [] [] [] o.s.b.w.e.tomcat.TomcatWebServer - Tomcat started on port 8080 (http) with context path '/'
2026-04-29 11:42:11.506 [restartedMain] INFO  [] [] [] [] c.o.s.Chap01SpringStabilityApplication - Started Chap01SpringStabilityApplication in 0.784 seconds (process running for 2299.378)
2026-04-29 11:42:11.507 [restartedMain] INFO  [] [] [] [] o.s.b.d.a.ConditionEvaluationDeltaLoggingListener - Condition evaluation unchanged
2026-04-29 11:50:54.643 [File Watcher] INFO  [] [] [] [] o.s.b.d.a.LocalDevToolsAutoConfiguration$RestartingClassPathChangeChangedEventListener - Restarting due to 2 class path changes (0 additions, 0 deletions, 2 modifications)
2026-04-29 11:50:54.645 [Thread-12] INFO  [] [] [] [] o.s.b.w.e.tomcat.GracefulShutdown - Commencing graceful shutdown. Waiting for active requests to complete
2026-04-29 11:50:54.645 [tomcat-shutdown] INFO  [] [] [] [] o.a.coyote.http11.Http11NioProtocol - Pausing ProtocolHandler ["http-nio-8080"]
2026-04-29 11:50:54.735 [tomcat-shutdown] INFO  [] [] [] [] o.s.b.w.e.tomcat.GracefulShutdown - Graceful shutdown complete
2026-04-29 11:50:54.735 [Thread-12] INFO  [] [] [] [] o.a.coyote.http11.Http11NioProtocol - Stopping ProtocolHandler ["http-nio-8080"]
2026-04-29 11:50:54.736 [Thread-12] INFO  [] [] [] [] o.s.o.j.LocalContainerEntityManagerFactoryBean - Closing JPA EntityManagerFactory for persistence unit 'default'
2026-04-29 11:50:54.736 [Thread-12] DEBUG [] [] [] [] org.hibernate.SQL - 
    drop table if exists tbl_book cascade 
2026-04-29 11:50:54.737 [Thread-12] DEBUG [] [] [] [] org.hibernate.SQL - 
    drop table if exists tbl_loan cascade 
2026-04-29 11:50:54.737 [Thread-12] DEBUG [] [] [] [] org.hibernate.SQL - 
    drop table if exists tbl_member cascade 
2026-04-29 11:50:54.737 [Thread-12] DEBUG [] [] [] [] org.hibernate.SQL - 
    drop table if exists tbl_review cascade 
2026-04-29 11:50:54.738 [Thread-12] WARN  [] [] [] [] o.s.b.f.s.DisposableBeanAdapter - Invocation of destroy method failed on bean with name 'inMemoryDatabaseShutdownExecutor': org.h2.jdbc.JdbcSQLNonTransientConnectionException: Database is already closed (to disable automatic closing at VM shutdown, add ";DB_CLOSE_ON_EXIT=FALSE" to the db URL) [90121-232]
2026-04-29 11:50:54.738 [Thread-12] INFO  [] [] [] [] com.zaxxer.hikari.HikariDataSource - HikariPool-3 - Shutdown initiated...
2026-04-29 11:50:54.738 [Thread-12] INFO  [] [] [] [] com.zaxxer.hikari.HikariDataSource - HikariPool-3 - Shutdown completed.
2026-04-29 11:50:54.799 [restartedMain] INFO  [] [] [] [] c.o.s.Chap01SpringStabilityApplication - Starting Chap01SpringStabilityApplication using Java 17.0.18 with PID 17744 (C:\Lecture\10_Logging-Monitoring\module01-spring-stability\build\classes\java\main started by user in C:\Lecture\10_Logging-Monitoring\module01-spring-stability)
2026-04-29 11:50:54.799 [restartedMain] DEBUG [] [] [] [] c.o.s.Chap01SpringStabilityApplication - Running with Spring Boot v3.4.13, Spring v6.2.15
2026-04-29 11:50:54.799 [restartedMain] INFO  [] [] [] [] c.o.s.Chap01SpringStabilityApplication - The following 1 profile is active: "dev"
2026-04-29 11:50:54.920 [restartedMain] INFO  [] [] [] [] o.s.d.r.c.RepositoryConfigurationDelegate - Bootstrapping Spring Data JPA repositories in DEFAULT mode.
2026-04-29 11:50:54.938 [restartedMain] INFO  [] [] [] [] o.s.d.r.c.RepositoryConfigurationDelegate - Finished Spring Data repository scanning in 16 ms. Found 4 JPA repository interfaces.
2026-04-29 11:50:55.025 [restartedMain] INFO  [] [] [] [] o.s.b.w.e.tomcat.TomcatWebServer - Tomcat initialized with port 8080 (http)
2026-04-29 11:50:55.026 [restartedMain] INFO  [] [] [] [] o.a.coyote.http11.Http11NioProtocol - Initializing ProtocolHandler ["http-nio-8080"]
2026-04-29 11:50:55.026 [restartedMain] INFO  [] [] [] [] o.a.catalina.core.StandardService - Starting service [Tomcat]
2026-04-29 11:50:55.026 [restartedMain] INFO  [] [] [] [] o.a.catalina.core.StandardEngine - Starting Servlet engine: [Apache Tomcat/10.1.50]
2026-04-29 11:50:55.059 [restartedMain] INFO  [] [] [] [] o.a.c.c.C.[Tomcat].[localhost].[/] - Initializing Spring embedded WebApplicationContext
2026-04-29 11:50:55.059 [restartedMain] INFO  [] [] [] [] o.s.b.w.s.c.ServletWebServerApplicationContext - Root WebApplicationContext: initialization completed in 259 ms
2026-04-29 11:50:55.071 [restartedMain] DEBUG [] [] [] [] c.o.s.s.l.config.LoggingConfig$1 - Filter 'mdcLoggingFilter' configured for use
2026-04-29 11:50:55.098 [restartedMain] INFO  [] [] [] [] o.h.jpa.internal.util.LogHelper - HHH000204: Processing PersistenceUnitInfo [name: default]
2026-04-29 11:50:55.101 [restartedMain] INFO  [] [] [] [] o.h.c.i.RegionFactoryInitiator - HHH000026: Second-level cache disabled
2026-04-29 11:50:55.109 [restartedMain] INFO  [] [] [] [] o.s.o.j.p.SpringPersistenceUnitInfo - No LoadTimeWeaver setup: ignoring JPA class transformer
2026-04-29 11:50:55.110 [restartedMain] INFO  [] [] [] [] com.zaxxer.hikari.HikariDataSource - HikariPool-4 - Starting...
2026-04-29 11:50:55.112 [restartedMain] INFO  [] [] [] [] com.zaxxer.hikari.pool.HikariPool - HikariPool-4 - Added connection conn40: url=jdbc:h2:mem:library user=OHGIRAFFERS
2026-04-29 11:50:55.112 [restartedMain] INFO  [] [] [] [] com.zaxxer.hikari.HikariDataSource - HikariPool-4 - Start completed.
2026-04-29 11:50:55.113 [restartedMain] INFO  [] [] [] [] o.hibernate.orm.connections.pooling - HHH10001005: Database info:
	Database JDBC URL [Connecting through datasource 'HikariDataSource (HikariPool-4)']
	Database driver: undefined/unknown
	Database version: 2.3.232
	Autocommit mode: undefined/unknown
	Isolation level: undefined/unknown
	Minimum pool size: undefined/unknown
	Maximum pool size: undefined/unknown
2026-04-29 11:50:55.191 [restartedMain] INFO  [] [] [] [] o.h.e.t.j.p.i.JtaPlatformInitiator - HHH000489: No JTA platform available (set 'hibernate.transaction.jta.platform' to enable JTA platform integration)
2026-04-29 11:50:55.192 [restartedMain] DEBUG [] [] [] [] org.hibernate.SQL - 
    drop table if exists tbl_book cascade 
2026-04-29 11:50:55.192 [restartedMain] DEBUG [] [] [] [] org.hibernate.SQL - 
    drop table if exists tbl_loan cascade 
2026-04-29 11:50:55.192 [restartedMain] DEBUG [] [] [] [] org.hibernate.SQL - 
    drop table if exists tbl_member cascade 
2026-04-29 11:50:55.192 [restartedMain] DEBUG [] [] [] [] org.hibernate.SQL - 
    drop table if exists tbl_review cascade 
2026-04-29 11:50:55.192 [restartedMain] DEBUG [] [] [] [] org.hibernate.SQL - 
    create table tbl_book (
        available boolean not null,
        publish_date date not null,
        stock_quantity integer not null,
        book_id bigint generated by default as identity,
        isbn varchar(13) not null unique,
        author varchar(100) not null,
        publisher varchar(100) not null,
        title varchar(200) not null,
        primary key (book_id)
    )
2026-04-29 11:50:55.193 [restartedMain] DEBUG [] [] [] [] org.hibernate.SQL - 
    create table tbl_loan (
        fine_amount integer,
        overdue_days integer,
        book_id bigint not null,
        due_date timestamp(6) not null,
        loan_date timestamp(6) not null,
        loan_id bigint generated by default as identity,
        member_id bigint not null,
        return_date timestamp(6),
        status enum ('ACTIVE','OVERDUE','RETURNED') not null,
        primary key (loan_id)
    )
2026-04-29 11:50:55.194 [restartedMain] DEBUG [] [] [] [] org.hibernate.SQL - 
    create table tbl_member (
        active boolean not null,
        join_date timestamp(6) not null,
        member_id bigint generated by default as identity,
        phone varchar(20),
        member_name varchar(50) not null,
        email varchar(100) not null unique,
        primary key (member_id)
    )
2026-04-29 11:50:55.195 [restartedMain] DEBUG [] [] [] [] org.hibernate.SQL - 
    create table tbl_review (
        helpful_count integer not null check (helpful_count>=0),
        rating float(53) not null,
        verified_purchase boolean not null,
        book_id bigint not null,
        created_at timestamp(6) not null,
        member_id bigint not null,
        review_id bigint generated by default as identity,
        updated_at timestamp(6),
        title varchar(100) not null,
        content varchar(2000) not null,
        status enum ('ACTIVE','DELETED','HIDDEN') not null,
        primary key (review_id),
        unique (member_id, book_id)
    )
2026-04-29 11:50:55.196 [restartedMain] DEBUG [] [] [] [] org.hibernate.SQL - 
    alter table if exists tbl_loan 
       add constraint FK963g40utp85k5mww691e4ma6g 
       foreign key (book_id) 
       references tbl_book
2026-04-29 11:50:55.199 [restartedMain] DEBUG [] [] [] [] org.hibernate.SQL - 
    alter table if exists tbl_loan 
       add constraint FKqtnm703pqo6mnin10corsjsc 
       foreign key (member_id) 
       references tbl_member
2026-04-29 11:50:55.200 [restartedMain] DEBUG [] [] [] [] org.hibernate.SQL - 
    alter table if exists tbl_review 
       add constraint FK6ykodvsh8wis5tfouaxwi9qbc 
       foreign key (book_id) 
       references tbl_book
2026-04-29 11:50:55.201 [restartedMain] DEBUG [] [] [] [] org.hibernate.SQL - 
    alter table if exists tbl_review 
       add constraint FKcgs2lvcrlf9x3jtif9sskpx0 
       foreign key (member_id) 
       references tbl_member
2026-04-29 11:50:55.204 [restartedMain] INFO  [] [] [] [] o.s.o.j.LocalContainerEntityManagerFactoryBean - Initialized JPA EntityManagerFactory for persistence unit 'default'
2026-04-29 11:50:55.508 [restartedMain] WARN  [] [] [] [] o.s.b.a.o.j.JpaBaseConfiguration$JpaWebConfiguration - spring.jpa.open-in-view is enabled by default. Therefore, database queries may be performed during view rendering. Explicitly configure spring.jpa.open-in-view to disable this warning
2026-04-29 11:50:55.558 [restartedMain] DEBUG [] [] [] [] o.s.w.s.m.m.a.RequestMappingHandlerMapping - 29 mappings in 'requestMappingHandlerMapping'
2026-04-29 11:50:55.651 [restartedMain] DEBUG [] [] [] [] o.s.w.s.h.SimpleUrlHandlerMapping - Patterns [/webjars/**, /**] in 'resourceHandlerMapping'
2026-04-29 11:50:55.678 [restartedMain] DEBUG [] [] [] [] o.s.w.s.m.m.a.RequestMappingHandlerAdapter - ControllerAdvice beans: 0 @ModelAttribute, 0 @InitBinder, 1 RequestBodyAdvice, 1 ResponseBodyAdvice
2026-04-29 11:50:55.702 [restartedMain] DEBUG [] [] [] [] o.s.w.s.m.m.a.ExceptionHandlerExceptionResolver - ControllerAdvice beans: 2 @ExceptionHandler, 1 ResponseBodyAdvice
2026-04-29 11:50:55.753 [restartedMain] INFO  [] [] [] [] o.s.b.a.h.H2ConsoleAutoConfiguration - H2 console available at '/h2-console'. Database available at 'jdbc:h2:mem:library'
2026-04-29 11:50:55.805 [restartedMain] INFO  [] [] [] [] o.s.b.d.a.OptionalLiveReloadServer - LiveReload server is running on port 35729
2026-04-29 11:50:55.814 [restartedMain] INFO  [] [] [] [] o.a.coyote.http11.Http11NioProtocol - Starting ProtocolHandler ["http-nio-8080"]
2026-04-29 11:50:55.817 [restartedMain] INFO  [] [] [] [] o.s.b.w.e.tomcat.TomcatWebServer - Tomcat started on port 8080 (http) with context path '/'
2026-04-29 11:50:55.820 [restartedMain] INFO  [] [] [] [] c.o.s.Chap01SpringStabilityApplication - Started Chap01SpringStabilityApplication in 1.046 seconds (process running for 2823.692)
2026-04-29 11:50:55.821 [restartedMain] INFO  [] [] [] [] o.s.b.d.a.ConditionEvaluationDeltaLoggingListener - Condition evaluation unchanged
2026-04-29 12:10:27.176 [File Watcher] INFO  [] [] [] [] o.s.b.d.a.LocalDevToolsAutoConfiguration$RestartingClassPathChangeChangedEventListener - Restarting due to 2 class path changes (0 additions, 0 deletions, 2 modifications)
2026-04-29 12:10:27.177 [Thread-16] INFO  [] [] [] [] o.s.b.w.e.tomcat.GracefulShutdown - Commencing graceful shutdown. Waiting for active requests to complete
2026-04-29 12:10:27.178 [tomcat-shutdown] INFO  [] [] [] [] o.a.coyote.http11.Http11NioProtocol - Pausing ProtocolHandler ["http-nio-8080"]
2026-04-29 12:10:27.301 [tomcat-shutdown] INFO  [] [] [] [] o.s.b.w.e.tomcat.GracefulShutdown - Graceful shutdown complete
2026-04-29 12:10:27.301 [Thread-16] INFO  [] [] [] [] o.a.coyote.http11.Http11NioProtocol - Stopping ProtocolHandler ["http-nio-8080"]
2026-04-29 12:10:27.303 [Thread-16] INFO  [] [] [] [] o.s.o.j.LocalContainerEntityManagerFactoryBean - Closing JPA EntityManagerFactory for persistence unit 'default'
2026-04-29 12:10:27.303 [Thread-16] DEBUG [] [] [] [] org.hibernate.SQL - 
    drop table if exists tbl_book cascade 
2026-04-29 12:10:27.304 [Thread-16] DEBUG [] [] [] [] org.hibernate.SQL - 
    drop table if exists tbl_loan cascade 
2026-04-29 12:10:27.304 [Thread-16] DEBUG [] [] [] [] org.hibernate.SQL - 
    drop table if exists tbl_member cascade 
2026-04-29 12:10:27.305 [Thread-16] DEBUG [] [] [] [] org.hibernate.SQL - 
    drop table if exists tbl_review cascade 
2026-04-29 12:10:27.305 [Thread-16] WARN  [] [] [] [] o.s.b.f.s.DisposableBeanAdapter - Invocation of destroy method failed on bean with name 'inMemoryDatabaseShutdownExecutor': org.h2.jdbc.JdbcSQLNonTransientConnectionException: Database is already closed (to disable automatic closing at VM shutdown, add ";DB_CLOSE_ON_EXIT=FALSE" to the db URL) [90121-232]
2026-04-29 12:10:27.306 [Thread-16] INFO  [] [] [] [] com.zaxxer.hikari.HikariDataSource - HikariPool-4 - Shutdown initiated...
2026-04-29 12:10:27.306 [Thread-16] INFO  [] [] [] [] com.zaxxer.hikari.HikariDataSource - HikariPool-4 - Shutdown completed.
2026-04-29 12:10:27.395 [restartedMain] INFO  [] [] [] [] c.o.s.Chap01SpringStabilityApplication - Starting Chap01SpringStabilityApplication using Java 17.0.18 with PID 17744 (C:\Lecture\10_Logging-Monitoring\module01-spring-stability\build\classes\java\main started by user in C:\Lecture\10_Logging-Monitoring\module01-spring-stability)
2026-04-29 12:10:27.396 [restartedMain] DEBUG [] [] [] [] c.o.s.Chap01SpringStabilityApplication - Running with Spring Boot v3.4.13, Spring v6.2.15
2026-04-29 12:10:27.396 [restartedMain] INFO  [] [] [] [] c.o.s.Chap01SpringStabilityApplication - The following 1 profile is active: "dev"
2026-04-29 12:10:27.511 [restartedMain] INFO  [] [] [] [] o.s.d.r.c.RepositoryConfigurationDelegate - Bootstrapping Spring Data JPA repositories in DEFAULT mode.
2026-04-29 12:10:27.532 [restartedMain] INFO  [] [] [] [] o.s.d.r.c.RepositoryConfigurationDelegate - Finished Spring Data repository scanning in 19 ms. Found 4 JPA repository interfaces.
2026-04-29 12:10:27.631 [restartedMain] INFO  [] [] [] [] o.s.b.w.e.tomcat.TomcatWebServer - Tomcat initialized with port 8080 (http)
2026-04-29 12:10:27.632 [restartedMain] INFO  [] [] [] [] o.a.coyote.http11.Http11NioProtocol - Initializing ProtocolHandler ["http-nio-8080"]
2026-04-29 12:10:27.632 [restartedMain] INFO  [] [] [] [] o.a.catalina.core.StandardService - Starting service [Tomcat]
2026-04-29 12:10:27.633 [restartedMain] INFO  [] [] [] [] o.a.catalina.core.StandardEngine - Starting Servlet engine: [Apache Tomcat/10.1.50]
2026-04-29 12:10:27.645 [restartedMain] INFO  [] [] [] [] o.a.c.c.C.[Tomcat].[localhost].[/] - Initializing Spring embedded WebApplicationContext
2026-04-29 12:10:27.645 [restartedMain] INFO  [] [] [] [] o.s.b.w.s.c.ServletWebServerApplicationContext - Root WebApplicationContext: initialization completed in 248 ms
2026-04-29 12:10:27.657 [restartedMain] DEBUG [] [] [] [] c.o.s.s.l.config.LoggingConfig$1 - Filter 'mdcLoggingFilter' configured for use
2026-04-29 12:10:27.686 [restartedMain] INFO  [] [] [] [] o.h.jpa.internal.util.LogHelper - HHH000204: Processing PersistenceUnitInfo [name: default]
2026-04-29 12:10:27.689 [restartedMain] INFO  [] [] [] [] o.h.c.i.RegionFactoryInitiator - HHH000026: Second-level cache disabled
2026-04-29 12:10:27.695 [restartedMain] INFO  [] [] [] [] o.s.o.j.p.SpringPersistenceUnitInfo - No LoadTimeWeaver setup: ignoring JPA class transformer
2026-04-29 12:10:27.696 [restartedMain] INFO  [] [] [] [] com.zaxxer.hikari.HikariDataSource - HikariPool-5 - Starting...
2026-04-29 12:10:27.696 [restartedMain] INFO  [] [] [] [] com.zaxxer.hikari.pool.HikariPool - HikariPool-5 - Added connection conn50: url=jdbc:h2:mem:library user=OHGIRAFFERS
2026-04-29 12:10:27.697 [restartedMain] INFO  [] [] [] [] com.zaxxer.hikari.HikariDataSource - HikariPool-5 - Start completed.
2026-04-29 12:10:27.697 [restartedMain] INFO  [] [] [] [] o.hibernate.orm.connections.pooling - HHH10001005: Database info:
	Database JDBC URL [Connecting through datasource 'HikariDataSource (HikariPool-5)']
	Database driver: undefined/unknown
	Database version: 2.3.232
	Autocommit mode: undefined/unknown
	Isolation level: undefined/unknown
	Minimum pool size: undefined/unknown
	Maximum pool size: undefined/unknown
2026-04-29 12:10:27.751 [restartedMain] INFO  [] [] [] [] o.h.e.t.j.p.i.JtaPlatformInitiator - HHH000489: No JTA platform available (set 'hibernate.transaction.jta.platform' to enable JTA platform integration)
2026-04-29 12:10:27.751 [restartedMain] DEBUG [] [] [] [] org.hibernate.SQL - 
    drop table if exists tbl_book cascade 
2026-04-29 12:10:27.751 [restartedMain] DEBUG [] [] [] [] org.hibernate.SQL - 
    drop table if exists tbl_loan cascade 
2026-04-29 12:10:27.751 [restartedMain] DEBUG [] [] [] [] org.hibernate.SQL - 
    drop table if exists tbl_member cascade 
2026-04-29 12:10:27.751 [restartedMain] DEBUG [] [] [] [] org.hibernate.SQL - 
    drop table if exists tbl_review cascade 
2026-04-29 12:10:27.752 [restartedMain] DEBUG [] [] [] [] org.hibernate.SQL - 
    create table tbl_book (
        available boolean not null,
        publish_date date not null,
        stock_quantity integer not null,
        book_id bigint generated by default as identity,
        isbn varchar(13) not null unique,
        author varchar(100) not null,
        publisher varchar(100) not null,
        title varchar(200) not null,
        primary key (book_id)
    )
2026-04-29 12:10:27.752 [restartedMain] DEBUG [] [] [] [] org.hibernate.SQL - 
    create table tbl_loan (
        fine_amount integer,
        overdue_days integer,
        book_id bigint not null,
        due_date timestamp(6) not null,
        loan_date timestamp(6) not null,
        loan_id bigint generated by default as identity,
        member_id bigint not null,
        return_date timestamp(6),
        status enum ('ACTIVE','OVERDUE','RETURNED') not null,
        primary key (loan_id)
    )
2026-04-29 12:10:27.753 [restartedMain] DEBUG [] [] [] [] org.hibernate.SQL - 
    create table tbl_member (
        active boolean not null,
        join_date timestamp(6) not null,
        member_id bigint generated by default as identity,
        phone varchar(20),
        member_name varchar(50) not null,
        email varchar(100) not null unique,
        primary key (member_id)
    )
2026-04-29 12:10:27.753 [restartedMain] DEBUG [] [] [] [] org.hibernate.SQL - 
    create table tbl_review (
        helpful_count integer not null check (helpful_count>=0),
        rating float(53) not null,
        verified_purchase boolean not null,
        book_id bigint not null,
        created_at timestamp(6) not null,
        member_id bigint not null,
        review_id bigint generated by default as identity,
        updated_at timestamp(6),
        title varchar(100) not null,
        content varchar(2000) not null,
        status enum ('ACTIVE','DELETED','HIDDEN') not null,
        primary key (review_id),
        unique (member_id, book_id)
    )
2026-04-29 12:10:27.754 [restartedMain] DEBUG [] [] [] [] org.hibernate.SQL - 
    alter table if exists tbl_loan 
       add constraint FK963g40utp85k5mww691e4ma6g 
       foreign key (book_id) 
       references tbl_book
2026-04-29 12:10:27.755 [restartedMain] DEBUG [] [] [] [] org.hibernate.SQL - 
    alter table if exists tbl_loan 
       add constraint FKqtnm703pqo6mnin10corsjsc 
       foreign key (member_id) 
       references tbl_member
2026-04-29 12:10:27.756 [restartedMain] DEBUG [] [] [] [] org.hibernate.SQL - 
    alter table if exists tbl_review 
       add constraint FK6ykodvsh8wis5tfouaxwi9qbc 
       foreign key (book_id) 
       references tbl_book
2026-04-29 12:10:27.756 [restartedMain] DEBUG [] [] [] [] org.hibernate.SQL - 
    alter table if exists tbl_review 
       add constraint FKcgs2lvcrlf9x3jtif9sskpx0 
       foreign key (member_id) 
       references tbl_member
2026-04-29 12:10:27.757 [restartedMain] INFO  [] [] [] [] o.s.o.j.LocalContainerEntityManagerFactoryBean - Initialized JPA EntityManagerFactory for persistence unit 'default'
2026-04-29 12:10:27.971 [restartedMain] WARN  [] [] [] [] o.s.b.a.o.j.JpaBaseConfiguration$JpaWebConfiguration - spring.jpa.open-in-view is enabled by default. Therefore, database queries may be performed during view rendering. Explicitly configure spring.jpa.open-in-view to disable this warning
2026-04-29 12:10:28.007 [restartedMain] DEBUG [] [] [] [] o.s.w.s.m.m.a.RequestMappingHandlerMapping - 29 mappings in 'requestMappingHandlerMapping'
2026-04-29 12:10:28.077 [restartedMain] DEBUG [] [] [] [] o.s.w.s.h.SimpleUrlHandlerMapping - Patterns [/webjars/**, /**] in 'resourceHandlerMapping'
2026-04-29 12:10:28.093 [restartedMain] DEBUG [] [] [] [] o.s.w.s.m.m.a.RequestMappingHandlerAdapter - ControllerAdvice beans: 0 @ModelAttribute, 0 @InitBinder, 1 RequestBodyAdvice, 1 ResponseBodyAdvice
2026-04-29 12:10:28.107 [restartedMain] DEBUG [] [] [] [] o.s.w.s.m.m.a.ExceptionHandlerExceptionResolver - ControllerAdvice beans: 2 @ExceptionHandler, 1 ResponseBodyAdvice
2026-04-29 12:10:28.140 [restartedMain] INFO  [] [] [] [] o.s.b.a.h.H2ConsoleAutoConfiguration - H2 console available at '/h2-console'. Database available at 'jdbc:h2:mem:library'
2026-04-29 12:10:28.194 [restartedMain] INFO  [] [] [] [] o.s.b.d.a.OptionalLiveReloadServer - LiveReload server is running on port 35729
2026-04-29 12:10:28.201 [restartedMain] INFO  [] [] [] [] o.a.coyote.http11.Http11NioProtocol - Starting ProtocolHandler ["http-nio-8080"]
2026-04-29 12:10:28.203 [restartedMain] INFO  [] [] [] [] o.s.b.w.e.tomcat.TomcatWebServer - Tomcat started on port 8080 (http) with context path '/'
2026-04-29 12:10:28.205 [restartedMain] INFO  [] [] [] [] c.o.s.Chap01SpringStabilityApplication - Started Chap01SpringStabilityApplication in 0.84 seconds (process running for 3996.077)
2026-04-29 12:10:28.206 [restartedMain] INFO  [] [] [] [] o.s.b.d.a.ConditionEvaluationDeltaLoggingListener - Condition evaluation unchanged
2026-04-29 12:15:01.053 [http-nio-8080-exec-1] INFO  [] [] [] [] o.a.c.c.C.[Tomcat].[localhost].[/] - Initializing Spring DispatcherServlet 'dispatcherServlet'
2026-04-29 12:15:01.053 [http-nio-8080-exec-1] INFO  [] [] [] [] o.s.web.servlet.DispatcherServlet - Initializing Servlet 'dispatcherServlet'
2026-04-29 12:15:01.053 [http-nio-8080-exec-1] DEBUG [] [] [] [] o.s.web.servlet.DispatcherServlet - Detected StandardServletMultipartResolver
2026-04-29 12:15:01.053 [http-nio-8080-exec-1] DEBUG [] [] [] [] o.s.web.servlet.DispatcherServlet - Detected AcceptHeaderLocaleResolver
2026-04-29 12:15:01.053 [http-nio-8080-exec-1] DEBUG [] [] [] [] o.s.web.servlet.DispatcherServlet - Detected FixedThemeResolver
2026-04-29 12:15:01.054 [http-nio-8080-exec-1] DEBUG [] [] [] [] o.s.web.servlet.DispatcherServlet - Detected org.springframework.web.servlet.view.DefaultRequestToViewNameTranslator@197e42da
2026-04-29 12:15:01.054 [http-nio-8080-exec-1] DEBUG [] [] [] [] o.s.web.servlet.DispatcherServlet - Detected org.springframework.web.servlet.support.SessionFlashMapManager@3b0f7e40
2026-04-29 12:15:01.054 [http-nio-8080-exec-1] DEBUG [] [] [] [] o.s.web.servlet.DispatcherServlet - enableLoggingRequestDetails='false': request parameters and headers will be masked to prevent unsafe logging of potentially sensitive data
2026-04-29 12:15:01.054 [http-nio-8080-exec-1] INFO  [] [] [] [] o.s.web.servlet.DispatcherServlet - Completed initialization in 1 ms
2026-04-29 12:15:01.055 [http-nio-8080-exec-1] DEBUG [b16356a5] [POST] [/api/v1/books] [127.0.0.1] o.s.web.servlet.DispatcherServlet - POST "/api/v1/books", parameters={}
2026-04-29 12:15:01.056 [http-nio-8080-exec-1] DEBUG [b16356a5] [POST] [/api/v1/books] [127.0.0.1] o.s.w.s.m.m.a.RequestMappingHandlerMapping - Mapped to com.ohgiraffers.stability.section01.exception.controller.BookController#registerBook(BookDTO)
2026-04-29 12:15:01.095 [http-nio-8080-exec-1] DEBUG [b16356a5] [POST] [/api/v1/books] [127.0.0.1] o.s.w.s.m.m.a.RequestResponseBodyMethodProcessor - Read "application/json;charset=UTF-8" to [BookDTO{bookId=null, isbn='9791162243685', title='Clean Code 클린 코드', author='로버트 C. 마틴', publisher=' (truncated)...]
2026-04-29 12:15:01.099 [http-nio-8080-exec-1] INFO  [b16356a5] [POST] [/api/v1/books] [127.0.0.1] c.o.s.s.e.controller.BookController - [s1][BookController] 도서 등록 요청 - ISBN: 9791162243685, 제목: Clean Code 클린 코드
2026-04-29 12:15:01.105 [http-nio-8080-exec-1] DEBUG [b16356a5] [POST] [/api/v1/books] [127.0.0.1] c.o.s.s.e.service.BookService - 도서 등록 시작 - ISBN: 9791162243685, 제목: Clean Code 클린 코드
2026-04-29 12:15:01.154 [http-nio-8080-exec-1] DEBUG [b16356a5] [POST] [/api/v1/books] [127.0.0.1] org.hibernate.SQL - 
    select
        b1_0.book_id 
    from
        tbl_book b1_0 
    where
        b1_0.isbn=? 
    fetch
        first ? rows only
2026-04-29 12:15:01.202 [http-nio-8080-exec-1] DEBUG [b16356a5] [POST] [/api/v1/books] [127.0.0.1] org.hibernate.SQL - 
    insert 
    into
        tbl_book
        (author, available, isbn, publish_date, publisher, stock_quantity, title, book_id) 
    values
        (?, ?, ?, ?, ?, ?, ?, default)
2026-04-29 12:15:01.217 [http-nio-8080-exec-1] INFO  [b16356a5] [POST] [/api/v1/books] [127.0.0.1] c.o.s.s.e.service.BookService - [s1][BookService] 도서 등록 완료 - ID: 1, 제목: Clean Code 클린 코드
2026-04-29 12:15:01.223 [http-nio-8080-exec-1] INFO  [b16356a5] [POST] [/api/v1/books] [127.0.0.1] c.o.s.s.e.controller.BookController - [s1][BookController] 도서 등록 완료 - ID: 1, 제목: Clean Code 클린 코드
2026-04-29 12:15:01.225 [http-nio-8080-exec-1] DEBUG [b16356a5] [POST] [/api/v1/books] [127.0.0.1] o.s.w.s.m.m.a.HttpEntityMethodProcessor - Using 'application/json', given [*/*] and supported [application/json, application/*+json]
2026-04-29 12:15:01.225 [http-nio-8080-exec-1] DEBUG [b16356a5] [POST] [/api/v1/books] [127.0.0.1] o.s.w.s.m.m.a.HttpEntityMethodProcessor - Writing [BookDTO{bookId=1, isbn='9791162243685', title='Clean Code 클린 코드', author='로버트 C. 마틴', publisher='인사이 (truncated)...]
2026-04-29 12:15:01.228 [http-nio-8080-exec-1] DEBUG [b16356a5] [POST] [/api/v1/books] [127.0.0.1] o.s.web.servlet.DispatcherServlet - Completed 201 CREATED
2026-04-29 12:15:42.537 [File Watcher] INFO  [] [] [] [] o.s.b.d.a.LocalDevToolsAutoConfiguration$RestartingClassPathChangeChangedEventListener - Restarting due to 1 class path change (0 additions, 0 deletions, 1 modification)
2026-04-29 12:15:42.538 [Thread-20] INFO  [] [] [] [] o.s.b.w.e.tomcat.GracefulShutdown - Commencing graceful shutdown. Waiting for active requests to complete
2026-04-29 12:15:42.538 [tomcat-shutdown] INFO  [] [] [] [] o.a.coyote.http11.Http11NioProtocol - Pausing ProtocolHandler ["http-nio-8080"]
2026-04-29 12:15:42.648 [tomcat-shutdown] INFO  [] [] [] [] o.s.b.w.e.tomcat.GracefulShutdown - Graceful shutdown complete
2026-04-29 12:15:42.648 [Thread-20] INFO  [] [] [] [] o.a.coyote.http11.Http11NioProtocol - Stopping ProtocolHandler ["http-nio-8080"]
2026-04-29 12:15:42.650 [Thread-20] INFO  [] [] [] [] o.s.o.j.LocalContainerEntityManagerFactoryBean - Closing JPA EntityManagerFactory for persistence unit 'default'
2026-04-29 12:15:42.650 [Thread-20] DEBUG [] [] [] [] org.hibernate.SQL - 
    drop table if exists tbl_book cascade 
2026-04-29 12:15:42.650 [Thread-20] DEBUG [] [] [] [] org.hibernate.SQL - 
    drop table if exists tbl_loan cascade 
2026-04-29 12:15:42.650 [Thread-20] DEBUG [] [] [] [] org.hibernate.SQL - 
    drop table if exists tbl_member cascade 
2026-04-29 12:15:42.651 [Thread-20] DEBUG [] [] [] [] org.hibernate.SQL - 
    drop table if exists tbl_review cascade 
2026-04-29 12:15:42.651 [Thread-20] WARN  [] [] [] [] o.s.b.f.s.DisposableBeanAdapter - Invocation of destroy method failed on bean with name 'inMemoryDatabaseShutdownExecutor': org.h2.jdbc.JdbcSQLNonTransientConnectionException: Database is already closed (to disable automatic closing at VM shutdown, add ";DB_CLOSE_ON_EXIT=FALSE" to the db URL) [90121-232]
2026-04-29 12:15:42.651 [Thread-20] INFO  [] [] [] [] com.zaxxer.hikari.HikariDataSource - HikariPool-5 - Shutdown initiated...
2026-04-29 12:15:42.652 [Thread-20] INFO  [] [] [] [] com.zaxxer.hikari.HikariDataSource - HikariPool-5 - Shutdown completed.
2026-04-29 12:15:42.729 [restartedMain] INFO  [] [] [] [] c.o.s.Chap01SpringStabilityApplication - Starting Chap01SpringStabilityApplication using Java 17.0.18 with PID 17744 (C:\Lecture\10_Logging-Monitoring\module01-spring-stability\build\classes\java\main started by user in C:\Lecture\10_Logging-Monitoring\module01-spring-stability)
2026-04-29 12:15:42.729 [restartedMain] DEBUG [] [] [] [] c.o.s.Chap01SpringStabilityApplication - Running with Spring Boot v3.4.13, Spring v6.2.15
2026-04-29 12:15:42.730 [restartedMain] INFO  [] [] [] [] c.o.s.Chap01SpringStabilityApplication - The following 1 profile is active: "dev"
2026-04-29 12:15:42.880 [restartedMain] INFO  [] [] [] [] o.s.d.r.c.RepositoryConfigurationDelegate - Bootstrapping Spring Data JPA repositories in DEFAULT mode.
2026-04-29 12:15:42.896 [restartedMain] INFO  [] [] [] [] o.s.d.r.c.RepositoryConfigurationDelegate - Finished Spring Data repository scanning in 15 ms. Found 4 JPA repository interfaces.
2026-04-29 12:15:42.972 [restartedMain] INFO  [] [] [] [] o.s.b.w.e.tomcat.TomcatWebServer - Tomcat initialized with port 8080 (http)
2026-04-29 12:15:42.972 [restartedMain] INFO  [] [] [] [] o.a.coyote.http11.Http11NioProtocol - Initializing ProtocolHandler ["http-nio-8080"]
2026-04-29 12:15:42.972 [restartedMain] INFO  [] [] [] [] o.a.catalina.core.StandardService - Starting service [Tomcat]
2026-04-29 12:15:42.972 [restartedMain] INFO  [] [] [] [] o.a.catalina.core.StandardEngine - Starting Servlet engine: [Apache Tomcat/10.1.50]
2026-04-29 12:15:42.982 [restartedMain] INFO  [] [] [] [] o.a.c.c.C.[Tomcat].[localhost].[/] - Initializing Spring embedded WebApplicationContext
2026-04-29 12:15:42.982 [restartedMain] INFO  [] [] [] [] o.s.b.w.s.c.ServletWebServerApplicationContext - Root WebApplicationContext: initialization completed in 251 ms
2026-04-29 12:15:42.991 [restartedMain] DEBUG [] [] [] [] c.o.s.s.l.config.LoggingConfig$1 - Filter 'mdcLoggingFilter' configured for use
2026-04-29 12:15:43.017 [restartedMain] INFO  [] [] [] [] o.h.jpa.internal.util.LogHelper - HHH000204: Processing PersistenceUnitInfo [name: default]
2026-04-29 12:15:43.018 [restartedMain] INFO  [] [] [] [] o.h.c.i.RegionFactoryInitiator - HHH000026: Second-level cache disabled
2026-04-29 12:15:43.025 [restartedMain] INFO  [] [] [] [] o.s.o.j.p.SpringPersistenceUnitInfo - No LoadTimeWeaver setup: ignoring JPA class transformer
2026-04-29 12:15:43.025 [restartedMain] INFO  [] [] [] [] com.zaxxer.hikari.HikariDataSource - HikariPool-6 - Starting...
2026-04-29 12:15:43.026 [restartedMain] INFO  [] [] [] [] com.zaxxer.hikari.pool.HikariPool - HikariPool-6 - Added connection conn60: url=jdbc:h2:mem:library user=OHGIRAFFERS
2026-04-29 12:15:43.026 [restartedMain] INFO  [] [] [] [] com.zaxxer.hikari.HikariDataSource - HikariPool-6 - Start completed.
2026-04-29 12:15:43.027 [restartedMain] INFO  [] [] [] [] o.hibernate.orm.connections.pooling - HHH10001005: Database info:
	Database JDBC URL [Connecting through datasource 'HikariDataSource (HikariPool-6)']
	Database driver: undefined/unknown
	Database version: 2.3.232
	Autocommit mode: undefined/unknown
	Isolation level: undefined/unknown
	Minimum pool size: undefined/unknown
	Maximum pool size: undefined/unknown
2026-04-29 12:15:43.078 [restartedMain] INFO  [] [] [] [] o.h.e.t.j.p.i.JtaPlatformInitiator - HHH000489: No JTA platform available (set 'hibernate.transaction.jta.platform' to enable JTA platform integration)
2026-04-29 12:15:43.078 [restartedMain] DEBUG [] [] [] [] org.hibernate.SQL - 
    drop table if exists tbl_book cascade 
2026-04-29 12:15:43.078 [restartedMain] DEBUG [] [] [] [] org.hibernate.SQL - 
    drop table if exists tbl_loan cascade 
2026-04-29 12:15:43.078 [restartedMain] DEBUG [] [] [] [] org.hibernate.SQL - 
    drop table if exists tbl_member cascade 
2026-04-29 12:15:43.078 [restartedMain] DEBUG [] [] [] [] org.hibernate.SQL - 
    drop table if exists tbl_review cascade 
2026-04-29 12:15:43.079 [restartedMain] DEBUG [] [] [] [] org.hibernate.SQL - 
    create table tbl_book (
        available boolean not null,
        publish_date date not null,
        stock_quantity integer not null,
        book_id bigint generated by default as identity,
        isbn varchar(13) not null unique,
        author varchar(100) not null,
        publisher varchar(100) not null,
        title varchar(200) not null,
        primary key (book_id)
    )
2026-04-29 12:15:43.080 [restartedMain] DEBUG [] [] [] [] org.hibernate.SQL - 
    create table tbl_loan (
        fine_amount integer,
        overdue_days integer,
        book_id bigint not null,
        due_date timestamp(6) not null,
        loan_date timestamp(6) not null,
        loan_id bigint generated by default as identity,
        member_id bigint not null,
        return_date timestamp(6),
        status enum ('ACTIVE','OVERDUE','RETURNED') not null,
        primary key (loan_id)
    )
2026-04-29 12:15:43.080 [restartedMain] DEBUG [] [] [] [] org.hibernate.SQL - 
    create table tbl_member (
        active boolean not null,
        join_date timestamp(6) not null,
        member_id bigint generated by default as identity,
        phone varchar(20),
        member_name varchar(50) not null,
        email varchar(100) not null unique,
        primary key (member_id)
    )
2026-04-29 12:15:43.081 [restartedMain] DEBUG [] [] [] [] org.hibernate.SQL - 
    create table tbl_review (
        helpful_count integer not null check (helpful_count>=0),
        rating float(53) not null,
        verified_purchase boolean not null,
        book_id bigint not null,
        created_at timestamp(6) not null,
        member_id bigint not null,
        review_id bigint generated by default as identity,
        updated_at timestamp(6),
        title varchar(100) not null,
        content varchar(2000) not null,
        status enum ('ACTIVE','DELETED','HIDDEN') not null,
        primary key (review_id),
        unique (member_id, book_id)
    )
2026-04-29 12:15:43.081 [restartedMain] DEBUG [] [] [] [] org.hibernate.SQL - 
    alter table if exists tbl_loan 
       add constraint FK963g40utp85k5mww691e4ma6g 
       foreign key (book_id) 
       references tbl_book
2026-04-29 12:15:43.082 [restartedMain] DEBUG [] [] [] [] org.hibernate.SQL - 
    alter table if exists tbl_loan 
       add constraint FKqtnm703pqo6mnin10corsjsc 
       foreign key (member_id) 
       references tbl_member
2026-04-29 12:15:43.082 [restartedMain] DEBUG [] [] [] [] org.hibernate.SQL - 
    alter table if exists tbl_review 
       add constraint FK6ykodvsh8wis5tfouaxwi9qbc 
       foreign key (book_id) 
       references tbl_book
2026-04-29 12:15:43.083 [restartedMain] DEBUG [] [] [] [] org.hibernate.SQL - 
    alter table if exists tbl_review 
       add constraint FKcgs2lvcrlf9x3jtif9sskpx0 
       foreign key (member_id) 
       references tbl_member
2026-04-29 12:15:43.084 [restartedMain] INFO  [] [] [] [] o.s.o.j.LocalContainerEntityManagerFactoryBean - Initialized JPA EntityManagerFactory for persistence unit 'default'
2026-04-29 12:15:43.292 [restartedMain] WARN  [] [] [] [] o.s.b.a.o.j.JpaBaseConfiguration$JpaWebConfiguration - spring.jpa.open-in-view is enabled by default. Therefore, database queries may be performed during view rendering. Explicitly configure spring.jpa.open-in-view to disable this warning
2026-04-29 12:15:43.320 [restartedMain] DEBUG [] [] [] [] o.s.w.s.m.m.a.RequestMappingHandlerMapping - 29 mappings in 'requestMappingHandlerMapping'
2026-04-29 12:15:43.374 [restartedMain] DEBUG [] [] [] [] o.s.w.s.h.SimpleUrlHandlerMapping - Patterns [/webjars/**, /**] in 'resourceHandlerMapping'
2026-04-29 12:15:43.389 [restartedMain] DEBUG [] [] [] [] o.s.w.s.m.m.a.RequestMappingHandlerAdapter - ControllerAdvice beans: 0 @ModelAttribute, 0 @InitBinder, 1 RequestBodyAdvice, 1 ResponseBodyAdvice
2026-04-29 12:15:43.402 [restartedMain] DEBUG [] [] [] [] o.s.w.s.m.m.a.ExceptionHandlerExceptionResolver - ControllerAdvice beans: 2 @ExceptionHandler, 1 ResponseBodyAdvice
2026-04-29 12:15:43.438 [restartedMain] INFO  [] [] [] [] o.s.b.a.h.H2ConsoleAutoConfiguration - H2 console available at '/h2-console'. Database available at 'jdbc:h2:mem:library'
2026-04-29 12:15:43.476 [restartedMain] INFO  [] [] [] [] o.s.b.d.a.OptionalLiveReloadServer - LiveReload server is running on port 35729
2026-04-29 12:15:43.481 [restartedMain] INFO  [] [] [] [] o.a.coyote.http11.Http11NioProtocol - Starting ProtocolHandler ["http-nio-8080"]
2026-04-29 12:15:43.483 [restartedMain] INFO  [] [] [] [] o.s.b.w.e.tomcat.TomcatWebServer - Tomcat started on port 8080 (http) with context path '/'
2026-04-29 12:15:43.486 [restartedMain] INFO  [] [] [] [] c.o.s.Chap01SpringStabilityApplication - Started Chap01SpringStabilityApplication in 0.789 seconds (process running for 4311.357)
2026-04-29 12:15:43.487 [restartedMain] INFO  [] [] [] [] o.s.b.d.a.ConditionEvaluationDeltaLoggingListener - Condition evaluation unchanged
2026-04-29 12:16:50.663 [http-nio-8080-exec-1] INFO  [] [] [] [] o.a.c.c.C.[Tomcat].[localhost].[/] - Initializing Spring DispatcherServlet 'dispatcherServlet'
2026-04-29 12:16:50.663 [http-nio-8080-exec-1] INFO  [] [] [] [] o.s.web.servlet.DispatcherServlet - Initializing Servlet 'dispatcherServlet'
2026-04-29 12:16:50.663 [http-nio-8080-exec-1] DEBUG [] [] [] [] o.s.web.servlet.DispatcherServlet - Detected StandardServletMultipartResolver
2026-04-29 12:16:50.663 [http-nio-8080-exec-1] DEBUG [] [] [] [] o.s.web.servlet.DispatcherServlet - Detected AcceptHeaderLocaleResolver
2026-04-29 12:16:50.663 [http-nio-8080-exec-1] DEBUG [] [] [] [] o.s.web.servlet.DispatcherServlet - Detected FixedThemeResolver
2026-04-29 12:16:50.664 [http-nio-8080-exec-1] DEBUG [] [] [] [] o.s.web.servlet.DispatcherServlet - Detected org.springframework.web.servlet.view.DefaultRequestToViewNameTranslator@551034c4
2026-04-29 12:16:50.664 [http-nio-8080-exec-1] DEBUG [] [] [] [] o.s.web.servlet.DispatcherServlet - Detected org.springframework.web.servlet.support.SessionFlashMapManager@59f982fc
2026-04-29 12:16:50.664 [http-nio-8080-exec-1] DEBUG [] [] [] [] o.s.web.servlet.DispatcherServlet - enableLoggingRequestDetails='false': request parameters and headers will be masked to prevent unsafe logging of potentially sensitive data
2026-04-29 12:16:50.664 [http-nio-8080-exec-1] INFO  [] [] [] [] o.s.web.servlet.DispatcherServlet - Completed initialization in 1 ms
2026-04-29 12:16:50.665 [http-nio-8080-exec-1] DEBUG [cedecb55] [GET] [/api/v1/loans/status] [10.200.14.113] o.s.web.servlet.DispatcherServlet - GET "/api/v1/loans/status", parameters={}
2026-04-29 12:16:50.665 [http-nio-8080-exec-1] DEBUG [cedecb55] [GET] [/api/v1/loans/status] [10.200.14.113] o.s.w.s.m.m.a.RequestMappingHandlerMapping - Mapped to com.ohgiraffers.stability.section02.logging.controller.LoanController#getSystemStatus()
2026-04-29 12:16:50.667 [http-nio-8080-exec-1] INFO  [cedecb55] [GET] [/api/v1/loans/status] [10.200.14.113] c.o.s.s.l.controller.LoanController - [s2][LoanController] 대출 시스템 상태 확인 요청
2026-04-29 12:16:50.667 [http-nio-8080-exec-1] INFO  [cedecb55] [GET] [/api/v1/loans/status] [10.200.14.113] c.o.s.s.l.controller.LoanController - [s2][LoanController] 대출 시스템 상태 확인 완료 - 상태: HEALTHY
2026-04-29 12:16:50.672 [http-nio-8080-exec-1] DEBUG [cedecb55] [GET] [/api/v1/loans/status] [10.200.14.113] o.s.w.s.m.m.a.HttpEntityMethodProcessor - Using 'application/json', given [application/json] and supported [application/json, application/*+json]
2026-04-29 12:16:50.672 [http-nio-8080-exec-1] DEBUG [cedecb55] [GET] [/api/v1/loans/status] [10.200.14.113] o.s.w.s.m.m.a.HttpEntityMethodProcessor - Writing [{timestamp=2026-04-29T12:16:50.667534600, status=HEALTHY, message=대출 시스템이 정상적으로 동작 중입니다.}]
2026-04-29 12:16:50.675 [http-nio-8080-exec-1] DEBUG [cedecb55] [GET] [/api/v1/loans/status] [10.200.14.113] o.s.web.servlet.DispatcherServlet - Completed 200 OK
2026-04-29 12:20:33.045 [SpringApplicationShutdownHook] INFO  [] [] [] [] o.s.b.w.e.tomcat.GracefulShutdown - Commencing graceful shutdown. Waiting for active requests to complete
2026-04-29 12:20:33.129 [tomcat-shutdown] INFO  [] [] [] [] o.s.b.w.e.tomcat.GracefulShutdown - Graceful shutdown complete
2026-04-29 12:20:33.131 [SpringApplicationShutdownHook] INFO  [] [] [] [] o.s.o.j.LocalContainerEntityManagerFactoryBean - Closing JPA EntityManagerFactory for persistence unit 'default'
2026-04-29 12:20:33.131 [SpringApplicationShutdownHook] DEBUG [] [] [] [] org.hibernate.SQL - 
    drop table if exists tbl_book cascade 
2026-04-29 12:20:33.132 [SpringApplicationShutdownHook] DEBUG [] [] [] [] org.hibernate.SQL - 
    drop table if exists tbl_loan cascade 
2026-04-29 12:20:33.132 [SpringApplicationShutdownHook] DEBUG [] [] [] [] org.hibernate.SQL - 
    drop table if exists tbl_member cascade 
2026-04-29 12:20:33.133 [SpringApplicationShutdownHook] DEBUG [] [] [] [] org.hibernate.SQL - 
    drop table if exists tbl_review cascade 
2026-04-29 12:20:33.133 [SpringApplicationShutdownHook] WARN  [] [] [] [] o.s.b.f.s.DisposableBeanAdapter - Invocation of destroy method failed on bean with name 'inMemoryDatabaseShutdownExecutor': org.h2.jdbc.JdbcSQLNonTransientConnectionException: Database is already closed (to disable automatic closing at VM shutdown, add ";DB_CLOSE_ON_EXIT=FALSE" to the db URL) [90121-232]
2026-04-29 12:20:33.133 [SpringApplicationShutdownHook] INFO  [] [] [] [] com.zaxxer.hikari.HikariDataSource - HikariPool-6 - Shutdown initiated...
2026-04-29 12:20:33.134 [SpringApplicationShutdownHook] INFO  [] [] [] [] com.zaxxer.hikari.HikariDataSource - HikariPool-6 - Shutdown completed.
2026-04-29 12:20:34.876 [background-preinit] INFO  [] [] [] [] o.h.validator.internal.util.Version - HV000001: Hibernate Validator 8.0.3.Final
2026-04-29 12:20:34.911 [restartedMain] INFO  [] [] [] [] c.o.s.Chap01SpringStabilityApplication - Starting Chap01SpringStabilityApplication using Java 17.0.18 with PID 2264 (C:\Lecture\10_Logging-Monitoring\module01-spring-stability\build\classes\java\main started by user in C:\Lecture\10_Logging-Monitoring\module01-spring-stability)
2026-04-29 12:20:34.911 [restartedMain] DEBUG [] [] [] [] c.o.s.Chap01SpringStabilityApplication - Running with Spring Boot v3.4.13, Spring v6.2.15
2026-04-29 12:20:34.912 [restartedMain] INFO  [] [] [] [] c.o.s.Chap01SpringStabilityApplication - The following 1 profile is active: "dev"
2026-04-29 12:20:34.943 [restartedMain] INFO  [] [] [] [] o.s.b.d.e.DevToolsPropertyDefaultsPostProcessor - Devtools property defaults active! Set 'spring.devtools.add-properties' to 'false' to disable
2026-04-29 12:20:34.943 [restartedMain] INFO  [] [] [] [] o.s.b.d.e.DevToolsPropertyDefaultsPostProcessor - For additional web related logging consider setting the 'logging.level.web' property to 'DEBUG'
2026-04-29 12:20:35.386 [restartedMain] INFO  [] [] [] [] o.s.d.r.c.RepositoryConfigurationDelegate - Bootstrapping Spring Data JPA repositories in DEFAULT mode.
2026-04-29 12:20:35.438 [restartedMain] INFO  [] [] [] [] o.s.d.r.c.RepositoryConfigurationDelegate - Finished Spring Data repository scanning in 45 ms. Found 4 JPA repository interfaces.
2026-04-29 12:20:35.923 [restartedMain] INFO  [] [] [] [] o.s.b.w.e.tomcat.TomcatWebServer - Tomcat initialized with port 8080 (http)
2026-04-29 12:20:35.931 [restartedMain] INFO  [] [] [] [] o.a.coyote.http11.Http11NioProtocol - Initializing ProtocolHandler ["http-nio-8080"]
2026-04-29 12:20:35.933 [restartedMain] INFO  [] [] [] [] o.a.catalina.core.StandardService - Starting service [Tomcat]
2026-04-29 12:20:35.933 [restartedMain] INFO  [] [] [] [] o.a.catalina.core.StandardEngine - Starting Servlet engine: [Apache Tomcat/10.1.50]
2026-04-29 12:20:35.965 [restartedMain] INFO  [] [] [] [] o.a.c.c.C.[Tomcat].[localhost].[/] - Initializing Spring embedded WebApplicationContext
2026-04-29 12:20:35.965 [restartedMain] INFO  [] [] [] [] o.s.b.w.s.c.ServletWebServerApplicationContext - Root WebApplicationContext: initialization completed in 1022 ms
2026-04-29 12:20:36.009 [restartedMain] DEBUG [] [] [] [] c.o.s.s.l.config.LoggingConfig$1 - Filter 'mdcLoggingFilter' configured for use
2026-04-29 12:20:36.082 [restartedMain] INFO  [] [] [] [] o.h.jpa.internal.util.LogHelper - HHH000204: Processing PersistenceUnitInfo [name: default]
2026-04-29 12:20:36.120 [restartedMain] INFO  [] [] [] [] org.hibernate.Version - HHH000412: Hibernate ORM core version 6.6.39.Final
2026-04-29 12:20:36.148 [restartedMain] INFO  [] [] [] [] o.h.c.i.RegionFactoryInitiator - HHH000026: Second-level cache disabled
2026-04-29 12:20:36.344 [restartedMain] INFO  [] [] [] [] o.s.o.j.p.SpringPersistenceUnitInfo - No LoadTimeWeaver setup: ignoring JPA class transformer
2026-04-29 12:20:36.368 [restartedMain] INFO  [] [] [] [] com.zaxxer.hikari.HikariDataSource - HikariPool-1 - Starting...
2026-04-29 12:20:36.491 [restartedMain] INFO  [] [] [] [] com.zaxxer.hikari.pool.HikariPool - HikariPool-1 - Added connection conn0: url=jdbc:h2:mem:library user=OHGIRAFFERS
2026-04-29 12:20:36.493 [restartedMain] INFO  [] [] [] [] com.zaxxer.hikari.HikariDataSource - HikariPool-1 - Start completed.
2026-04-29 12:20:36.531 [restartedMain] INFO  [] [] [] [] o.hibernate.orm.connections.pooling - HHH10001005: Database info:
	Database JDBC URL [Connecting through datasource 'HikariDataSource (HikariPool-1)']
	Database driver: undefined/unknown
	Database version: 2.3.232
	Autocommit mode: undefined/unknown
	Isolation level: undefined/unknown
	Minimum pool size: undefined/unknown
	Maximum pool size: undefined/unknown
2026-04-29 12:20:37.185 [restartedMain] INFO  [] [] [] [] o.h.e.t.j.p.i.JtaPlatformInitiator - HHH000489: No JTA platform available (set 'hibernate.transaction.jta.platform' to enable JTA platform integration)
2026-04-29 12:20:37.195 [restartedMain] DEBUG [] [] [] [] org.hibernate.SQL - 
    drop table if exists tbl_book cascade 
2026-04-29 12:20:37.197 [restartedMain] DEBUG [] [] [] [] org.hibernate.SQL - 
    drop table if exists tbl_loan cascade 
2026-04-29 12:20:37.197 [restartedMain] DEBUG [] [] [] [] org.hibernate.SQL - 
    drop table if exists tbl_member cascade 
2026-04-29 12:20:37.197 [restartedMain] DEBUG [] [] [] [] org.hibernate.SQL - 
    drop table if exists tbl_review cascade 
2026-04-29 12:20:37.201 [restartedMain] DEBUG [] [] [] [] org.hibernate.SQL - 
    create table tbl_book (
        available boolean not null,
        publish_date date not null,
        stock_quantity integer not null,
        book_id bigint generated by default as identity,
        isbn varchar(13) not null unique,
        author varchar(100) not null,
        publisher varchar(100) not null,
        title varchar(200) not null,
        primary key (book_id)
    )
2026-04-29 12:20:37.210 [restartedMain] DEBUG [] [] [] [] org.hibernate.SQL - 
    create table tbl_loan (
        fine_amount integer,
        overdue_days integer,
        book_id bigint not null,
        due_date timestamp(6) not null,
        loan_date timestamp(6) not null,
        loan_id bigint generated by default as identity,
        member_id bigint not null,
        return_date timestamp(6),
        status enum ('ACTIVE','OVERDUE','RETURNED') not null,
        primary key (loan_id)
    )
2026-04-29 12:20:37.211 [restartedMain] DEBUG [] [] [] [] org.hibernate.SQL - 
    create table tbl_member (
        active boolean not null,
        join_date timestamp(6) not null,
        member_id bigint generated by default as identity,
        phone varchar(20),
        member_name varchar(50) not null,
        email varchar(100) not null unique,
        primary key (member_id)
    )
2026-04-29 12:20:37.213 [restartedMain] DEBUG [] [] [] [] org.hibernate.SQL - 
    create table tbl_review (
        helpful_count integer not null check (helpful_count>=0),
        rating float(53) not null,
        verified_purchase boolean not null,
        book_id bigint not null,
        created_at timestamp(6) not null,
        member_id bigint not null,
        review_id bigint generated by default as identity,
        updated_at timestamp(6),
        title varchar(100) not null,
        content varchar(2000) not null,
        status enum ('ACTIVE','DELETED','HIDDEN') not null,
        primary key (review_id),
        unique (member_id, book_id)
    )
2026-04-29 12:20:37.217 [restartedMain] DEBUG [] [] [] [] org.hibernate.SQL - 
    alter table if exists tbl_loan 
       add constraint FK963g40utp85k5mww691e4ma6g 
       foreign key (book_id) 
       references tbl_book
2026-04-29 12:20:37.225 [restartedMain] DEBUG [] [] [] [] org.hibernate.SQL - 
    alter table if exists tbl_loan 
       add constraint FKqtnm703pqo6mnin10corsjsc 
       foreign key (member_id) 
       references tbl_member
2026-04-29 12:20:37.226 [restartedMain] DEBUG [] [] [] [] org.hibernate.SQL - 
    alter table if exists tbl_review 
       add constraint FK6ykodvsh8wis5tfouaxwi9qbc 
       foreign key (book_id) 
       references tbl_book
2026-04-29 12:20:37.227 [restartedMain] DEBUG [] [] [] [] org.hibernate.SQL - 
    alter table if exists tbl_review 
       add constraint FKcgs2lvcrlf9x3jtif9sskpx0 
       foreign key (member_id) 
       references tbl_member
2026-04-29 12:20:37.231 [restartedMain] INFO  [] [] [] [] o.s.o.j.LocalContainerEntityManagerFactoryBean - Initialized JPA EntityManagerFactory for persistence unit 'default'
2026-04-29 12:20:37.483 [restartedMain] INFO  [] [] [] [] o.s.d.j.r.query.QueryEnhancerFactory - Hibernate is in classpath; If applicable, HQL parser will be used.
2026-04-29 12:20:37.975 [restartedMain] WARN  [] [] [] [] o.s.b.a.o.j.JpaBaseConfiguration$JpaWebConfiguration - spring.jpa.open-in-view is enabled by default. Therefore, database queries may be performed during view rendering. Explicitly configure spring.jpa.open-in-view to disable this warning
2026-04-29 12:20:38.058 [restartedMain] DEBUG [] [] [] [] o.s.w.s.m.m.a.RequestMappingHandlerMapping - 29 mappings in 'requestMappingHandlerMapping'
2026-04-29 12:20:38.155 [restartedMain] DEBUG [] [] [] [] o.s.w.s.h.SimpleUrlHandlerMapping - Patterns [/webjars/**, /**] in 'resourceHandlerMapping'
2026-04-29 12:20:38.184 [restartedMain] DEBUG [] [] [] [] o.s.w.s.m.m.a.RequestMappingHandlerAdapter - ControllerAdvice beans: 0 @ModelAttribute, 0 @InitBinder, 1 RequestBodyAdvice, 1 ResponseBodyAdvice
2026-04-29 12:20:38.224 [restartedMain] DEBUG [] [] [] [] o.s.w.s.m.m.a.ExceptionHandlerExceptionResolver - ControllerAdvice beans: 2 @ExceptionHandler, 1 ResponseBodyAdvice
2026-04-29 12:20:38.273 [restartedMain] INFO  [] [] [] [] o.s.b.a.h.H2ConsoleAutoConfiguration - H2 console available at '/h2-console'. Database available at 'jdbc:h2:mem:library'
2026-04-29 12:20:38.357 [restartedMain] INFO  [] [] [] [] o.s.b.d.a.OptionalLiveReloadServer - LiveReload server is running on port 35729
2026-04-29 12:20:38.371 [restartedMain] INFO  [] [] [] [] o.a.coyote.http11.Http11NioProtocol - Starting ProtocolHandler ["http-nio-8080"]
2026-04-29 12:20:38.383 [restartedMain] INFO  [] [] [] [] o.s.b.w.e.tomcat.TomcatWebServer - Tomcat started on port 8080 (http) with context path '/'
2026-04-29 12:20:38.390 [restartedMain] INFO  [] [] [] [] c.o.s.Chap01SpringStabilityApplication - Started Chap01SpringStabilityApplication in 3.885 seconds (process running for 4.284)
2026-04-29 12:21:02.162 [http-nio-8080-exec-1] INFO  [] [] [] [] o.a.c.c.C.[Tomcat].[localhost].[/] - Initializing Spring DispatcherServlet 'dispatcherServlet'
2026-04-29 12:21:02.163 [http-nio-8080-exec-1] INFO  [] [] [] [] o.s.web.servlet.DispatcherServlet - Initializing Servlet 'dispatcherServlet'
2026-04-29 12:21:02.163 [http-nio-8080-exec-1] DEBUG [] [] [] [] o.s.web.servlet.DispatcherServlet - Detected StandardServletMultipartResolver
2026-04-29 12:21:02.163 [http-nio-8080-exec-1] DEBUG [] [] [] [] o.s.web.servlet.DispatcherServlet - Detected AcceptHeaderLocaleResolver
2026-04-29 12:21:02.163 [http-nio-8080-exec-1] DEBUG [] [] [] [] o.s.web.servlet.DispatcherServlet - Detected FixedThemeResolver
2026-04-29 12:21:02.164 [http-nio-8080-exec-1] DEBUG [] [] [] [] o.s.web.servlet.DispatcherServlet - Detected org.springframework.web.servlet.view.DefaultRequestToViewNameTranslator@13553b50
2026-04-29 12:21:02.164 [http-nio-8080-exec-1] DEBUG [] [] [] [] o.s.web.servlet.DispatcherServlet - Detected org.springframework.web.servlet.support.SessionFlashMapManager@687a45fa
2026-04-29 12:21:02.164 [http-nio-8080-exec-1] DEBUG [] [] [] [] o.s.web.servlet.DispatcherServlet - enableLoggingRequestDetails='false': request parameters and headers will be masked to prevent unsafe logging of potentially sensitive data
2026-04-29 12:21:02.164 [http-nio-8080-exec-1] INFO  [] [] [] [] o.s.web.servlet.DispatcherServlet - Completed initialization in 1 ms
2026-04-29 12:21:02.173 [http-nio-8080-exec-1] DEBUG [441bd5b6] [GET] [/api/v1/loans/status] [10.200.14.113] o.s.web.servlet.DispatcherServlet - GET "/api/v1/loans/status", parameters={}
2026-04-29 12:21:02.180 [http-nio-8080-exec-1] DEBUG [441bd5b6] [GET] [/api/v1/loans/status] [10.200.14.113] o.s.w.s.m.m.a.RequestMappingHandlerMapping - Mapped to com.ohgiraffers.stability.section02.logging.controller.LoanController#getSystemStatus()
2026-04-29 12:21:02.192 [http-nio-8080-exec-1] INFO  [441bd5b6] [GET] [/api/v1/loans/status] [10.200.14.113] c.o.s.s.l.controller.LoanController - [s2][LoanController] 대출 시스템 상태 확인 요청
2026-04-29 12:21:02.192 [http-nio-8080-exec-1] INFO  [441bd5b6] [GET] [/api/v1/loans/status] [10.200.14.113] c.o.s.s.l.controller.LoanController - [s2][LoanController] 대출 시스템 상태 확인 완료 - 상태: HEALTHY
2026-04-29 12:21:02.219 [http-nio-8080-exec-1] DEBUG [441bd5b6] [GET] [/api/v1/loans/status] [10.200.14.113] o.s.w.s.m.m.a.HttpEntityMethodProcessor - Using 'application/json', given [application/json] and supported [application/json, application/*+json]
2026-04-29 12:21:02.221 [http-nio-8080-exec-1] DEBUG [441bd5b6] [GET] [/api/v1/loans/status] [10.200.14.113] o.s.w.s.m.m.a.HttpEntityMethodProcessor - Writing [{timestamp=2026-04-29T12:21:02.192513300, status=HEALTHY, message=대출 시스템이 정상적으로 동작 중입니다.}]
2026-04-29 12:21:02.235 [http-nio-8080-exec-1] DEBUG [441bd5b6] [GET] [/api/v1/loans/status] [10.200.14.113] o.s.web.servlet.DispatcherServlet - Completed 200 OK
2026-04-29 12:21:02.263 [http-nio-8080-exec-6] DEBUG [adf175cf] [POST] [/api/v1/books] [127.0.0.1] o.s.web.servlet.DispatcherServlet - POST "/api/v1/books", parameters={}
2026-04-29 12:21:02.263 [http-nio-8080-exec-6] DEBUG [adf175cf] [POST] [/api/v1/books] [127.0.0.1] o.s.w.s.m.m.a.RequestMappingHandlerMapping - Mapped to com.ohgiraffers.stability.section01.exception.controller.BookController#registerBook(BookDTO)
2026-04-29 12:21:02.299 [http-nio-8080-exec-6] DEBUG [adf175cf] [POST] [/api/v1/books] [127.0.0.1] o.s.w.s.m.m.a.RequestResponseBodyMethodProcessor - Read "application/json;charset=UTF-8" to [BookDTO{bookId=null, isbn='9781234567890', title='Spring Boot 완벽 가이드', author='김개발', publisher='테크출판 (truncated)...]
2026-04-29 12:21:02.304 [http-nio-8080-exec-6] INFO  [adf175cf] [POST] [/api/v1/books] [127.0.0.1] c.o.s.s.e.controller.BookController - [s1][BookController] 도서 등록 요청 - ISBN: 9781234567890, 제목: Spring Boot 완벽 가이드
2026-04-29 12:21:02.308 [http-nio-8080-exec-6] DEBUG [adf175cf] [POST] [/api/v1/books] [127.0.0.1] c.o.s.s.e.service.BookService - 도서 등록 시작 - ISBN: 9781234567890, 제목: Spring Boot 완벽 가이드
2026-04-29 12:21:02.355 [http-nio-8080-exec-6] DEBUG [adf175cf] [POST] [/api/v1/books] [127.0.0.1] org.hibernate.SQL - 
    select
        b1_0.book_id 
    from
        tbl_book b1_0 
    where
        b1_0.isbn=? 
    fetch
        first ? rows only
2026-04-29 12:21:02.392 [http-nio-8080-exec-6] DEBUG [adf175cf] [POST] [/api/v1/books] [127.0.0.1] org.hibernate.SQL - 
    insert 
    into
        tbl_book
        (author, available, isbn, publish_date, publisher, stock_quantity, title, book_id) 
    values
        (?, ?, ?, ?, ?, ?, ?, default)
2026-04-29 12:21:02.401 [http-nio-8080-exec-6] INFO  [adf175cf] [POST] [/api/v1/books] [127.0.0.1] c.o.s.s.e.service.BookService - [s1][BookService] 도서 등록 완료 - ID: 1, 제목: Spring Boot 완벽 가이드
2026-04-29 12:21:02.407 [http-nio-8080-exec-6] INFO  [adf175cf] [POST] [/api/v1/books] [127.0.0.1] c.o.s.s.e.controller.BookController - [s1][BookController] 도서 등록 완료 - ID: 1, 제목: Spring Boot 완벽 가이드
2026-04-29 12:21:02.414 [http-nio-8080-exec-6] DEBUG [adf175cf] [POST] [/api/v1/books] [127.0.0.1] o.s.w.s.m.m.a.HttpEntityMethodProcessor - Using 'application/json', given [*/*] and supported [application/json, application/*+json]
2026-04-29 12:21:02.414 [http-nio-8080-exec-6] DEBUG [adf175cf] [POST] [/api/v1/books] [127.0.0.1] o.s.w.s.m.m.a.HttpEntityMethodProcessor - Writing [BookDTO{bookId=1, isbn='9781234567890', title='Spring Boot 완벽 가이드', author='김개발', publisher='테크출판사', (truncated)...]
2026-04-29 12:21:02.416 [http-nio-8080-exec-6] DEBUG [adf175cf] [POST] [/api/v1/books] [127.0.0.1] o.s.web.servlet.DispatcherServlet - Completed 201 CREATED
2026-04-29 12:21:02.455 [http-nio-8080-exec-8] DEBUG [2dddeaff] [POST] [/api/v1/books] [127.0.0.1] o.s.web.servlet.DispatcherServlet - POST "/api/v1/books", parameters={}
2026-04-29 12:21:02.455 [http-nio-8080-exec-8] DEBUG [2dddeaff] [POST] [/api/v1/books] [127.0.0.1] o.s.w.s.m.m.a.RequestMappingHandlerMapping - Mapped to com.ohgiraffers.stability.section01.exception.controller.BookController#registerBook(BookDTO)
2026-04-29 12:21:02.456 [http-nio-8080-exec-8] DEBUG [2dddeaff] [POST] [/api/v1/books] [127.0.0.1] o.s.w.s.m.m.a.RequestResponseBodyMethodProcessor - Read "application/json;charset=UTF-8" to [BookDTO{bookId=null, isbn='9780987654321', title='Java 프로그래밍 입문', author='박자바', publisher='코딩출판사', p (truncated)...]
2026-04-29 12:21:02.456 [http-nio-8080-exec-8] INFO  [2dddeaff] [POST] [/api/v1/books] [127.0.0.1] c.o.s.s.e.controller.BookController - [s1][BookController] 도서 등록 요청 - ISBN: 9780987654321, 제목: Java 프로그래밍 입문
2026-04-29 12:21:02.456 [http-nio-8080-exec-8] DEBUG [2dddeaff] [POST] [/api/v1/books] [127.0.0.1] c.o.s.s.e.service.BookService - 도서 등록 시작 - ISBN: 9780987654321, 제목: Java 프로그래밍 입문
2026-04-29 12:21:02.457 [http-nio-8080-exec-8] DEBUG [2dddeaff] [POST] [/api/v1/books] [127.0.0.1] org.hibernate.SQL - 
    select
        b1_0.book_id 
    from
        tbl_book b1_0 
    where
        b1_0.isbn=? 
    fetch
        first ? rows only
2026-04-29 12:21:02.459 [http-nio-8080-exec-8] DEBUG [2dddeaff] [POST] [/api/v1/books] [127.0.0.1] org.hibernate.SQL - 
    insert 
    into
        tbl_book
        (author, available, isbn, publish_date, publisher, stock_quantity, title, book_id) 
    values
        (?, ?, ?, ?, ?, ?, ?, default)
2026-04-29 12:21:02.459 [http-nio-8080-exec-8] INFO  [2dddeaff] [POST] [/api/v1/books] [127.0.0.1] c.o.s.s.e.service.BookService - [s1][BookService] 도서 등록 완료 - ID: 2, 제목: Java 프로그래밍 입문
2026-04-29 12:21:02.460 [http-nio-8080-exec-8] INFO  [2dddeaff] [POST] [/api/v1/books] [127.0.0.1] c.o.s.s.e.controller.BookController - [s1][BookController] 도서 등록 완료 - ID: 2, 제목: Java 프로그래밍 입문
2026-04-29 12:21:02.460 [http-nio-8080-exec-8] DEBUG [2dddeaff] [POST] [/api/v1/books] [127.0.0.1] o.s.w.s.m.m.a.HttpEntityMethodProcessor - Using 'application/json', given [*/*] and supported [application/json, application/*+json]
2026-04-29 12:21:02.460 [http-nio-8080-exec-8] DEBUG [2dddeaff] [POST] [/api/v1/books] [127.0.0.1] o.s.w.s.m.m.a.HttpEntityMethodProcessor - Writing [BookDTO{bookId=2, isbn='9780987654321', title='Java 프로그래밍 입문', author='박자바', publisher='코딩출판사', publ (truncated)...]
2026-04-29 12:21:02.461 [http-nio-8080-exec-8] DEBUG [2dddeaff] [POST] [/api/v1/books] [127.0.0.1] o.s.web.servlet.DispatcherServlet - Completed 201 CREATED
2026-04-29 12:21:02.477 [http-nio-8080-exec-10] DEBUG [f9d24a3e] [POST] [/api/v1/books] [127.0.0.1] o.s.web.servlet.DispatcherServlet - POST "/api/v1/books", parameters={}
2026-04-29 12:21:02.478 [http-nio-8080-exec-10] DEBUG [f9d24a3e] [POST] [/api/v1/books] [127.0.0.1] o.s.w.s.m.m.a.RequestMappingHandlerMapping - Mapped to com.ohgiraffers.stability.section01.exception.controller.BookController#registerBook(BookDTO)
2026-04-29 12:21:02.479 [http-nio-8080-exec-10] DEBUG [f9d24a3e] [POST] [/api/v1/books] [127.0.0.1] o.s.w.s.m.m.a.RequestResponseBodyMethodProcessor - Read "application/json;charset=UTF-8" to [BookDTO{bookId=null, isbn='9788966262281', title='Clean Code', author='로버트 마틴', publisher='인사이트', pu (truncated)...]
2026-04-29 12:21:02.479 [http-nio-8080-exec-10] INFO  [f9d24a3e] [POST] [/api/v1/books] [127.0.0.1] c.o.s.s.e.controller.BookController - [s1][BookController] 도서 등록 요청 - ISBN: 9788966262281, 제목: Clean Code
2026-04-29 12:21:02.479 [http-nio-8080-exec-10] DEBUG [f9d24a3e] [POST] [/api/v1/books] [127.0.0.1] c.o.s.s.e.service.BookService - 도서 등록 시작 - ISBN: 9788966262281, 제목: Clean Code
2026-04-29 12:21:02.480 [http-nio-8080-exec-10] DEBUG [f9d24a3e] [POST] [/api/v1/books] [127.0.0.1] org.hibernate.SQL - 
    select
        b1_0.book_id 
    from
        tbl_book b1_0 
    where
        b1_0.isbn=? 
    fetch
        first ? rows only
2026-04-29 12:21:02.482 [http-nio-8080-exec-10] DEBUG [f9d24a3e] [POST] [/api/v1/books] [127.0.0.1] org.hibernate.SQL - 
    insert 
    into
        tbl_book
        (author, available, isbn, publish_date, publisher, stock_quantity, title, book_id) 
    values
        (?, ?, ?, ?, ?, ?, ?, default)
2026-04-29 12:21:02.483 [http-nio-8080-exec-10] INFO  [f9d24a3e] [POST] [/api/v1/books] [127.0.0.1] c.o.s.s.e.service.BookService - [s1][BookService] 도서 등록 완료 - ID: 3, 제목: Clean Code
2026-04-29 12:21:02.483 [http-nio-8080-exec-10] INFO  [f9d24a3e] [POST] [/api/v1/books] [127.0.0.1] c.o.s.s.e.controller.BookController - [s1][BookController] 도서 등록 완료 - ID: 3, 제목: Clean Code
2026-04-29 12:21:02.483 [http-nio-8080-exec-10] DEBUG [f9d24a3e] [POST] [/api/v1/books] [127.0.0.1] o.s.w.s.m.m.a.HttpEntityMethodProcessor - Using 'application/json', given [*/*] and supported [application/json, application/*+json]
2026-04-29 12:21:02.483 [http-nio-8080-exec-10] DEBUG [f9d24a3e] [POST] [/api/v1/books] [127.0.0.1] o.s.w.s.m.m.a.HttpEntityMethodProcessor - Writing [BookDTO{bookId=3, isbn='9788966262281', title='Clean Code', author='로버트 마틴', publisher='인사이트', publi (truncated)...]
2026-04-29 12:21:02.484 [http-nio-8080-exec-10] DEBUG [f9d24a3e] [POST] [/api/v1/books] [127.0.0.1] o.s.web.servlet.DispatcherServlet - Completed 201 CREATED
2026-04-29 12:21:02.502 [http-nio-8080-exec-5] DEBUG [fa92c4a9] [GET] [/api/v1/books] [127.0.0.1] o.s.web.servlet.DispatcherServlet - GET "/api/v1/books", parameters={}
2026-04-29 12:21:02.502 [http-nio-8080-exec-5] DEBUG [fa92c4a9] [GET] [/api/v1/books] [127.0.0.1] o.s.w.s.m.m.a.RequestMappingHandlerMapping - Mapped to com.ohgiraffers.stability.section01.exception.controller.BookController#getAllBooks()
2026-04-29 12:21:02.503 [http-nio-8080-exec-5] INFO  [fa92c4a9] [GET] [/api/v1/books] [127.0.0.1] c.o.s.s.e.controller.BookController - [s1][BookController] 전체 도서 목록 조회 요청
2026-04-29 12:21:02.503 [http-nio-8080-exec-5] DEBUG [fa92c4a9] [GET] [/api/v1/books] [127.0.0.1] c.o.s.s.e.service.BookService - 전체 도서 목록 조회 시작
2026-04-29 12:21:02.508 [http-nio-8080-exec-5] DEBUG [fa92c4a9] [GET] [/api/v1/books] [127.0.0.1] org.hibernate.SQL - 
    select
        b1_0.book_id,
        b1_0.author,
        b1_0.available,
        b1_0.isbn,
        b1_0.publish_date,
        b1_0.publisher,
        b1_0.stock_quantity,
        b1_0.title 
    from
        tbl_book b1_0
2026-04-29 12:21:02.517 [http-nio-8080-exec-5] DEBUG [fa92c4a9] [GET] [/api/v1/books] [127.0.0.1] c.o.s.s.e.service.BookService - 전체 도서 목록 조회 완료 - 총 3권
2026-04-29 12:21:02.518 [http-nio-8080-exec-5] DEBUG [fa92c4a9] [GET] [/api/v1/books] [127.0.0.1] c.o.s.s.e.service.BookService - 전체 도서 목록 조회 종료
2026-04-29 12:21:02.518 [http-nio-8080-exec-5] INFO  [fa92c4a9] [GET] [/api/v1/books] [127.0.0.1] c.o.s.s.e.controller.BookController - [s1][BookController] 전체 도서 목록 조회 완료 - 총 3권
2026-04-29 12:21:02.519 [http-nio-8080-exec-5] DEBUG [fa92c4a9] [GET] [/api/v1/books] [127.0.0.1] o.s.w.s.m.m.a.HttpEntityMethodProcessor - Using 'application/json', given [application/json] and supported [application/json, application/*+json]
2026-04-29 12:21:02.520 [http-nio-8080-exec-5] DEBUG [fa92c4a9] [GET] [/api/v1/books] [127.0.0.1] o.s.w.s.m.m.a.HttpEntityMethodProcessor - Writing [[BookDTO{bookId=1, isbn='9781234567890', title='Spring Boot 완벽 가이드', author='김개발', publisher='테크출판사' (truncated)...]
2026-04-29 12:21:02.521 [http-nio-8080-exec-5] DEBUG [fa92c4a9] [GET] [/api/v1/books] [127.0.0.1] o.s.web.servlet.DispatcherServlet - Completed 200 OK
2026-04-29 12:21:02.544 [http-nio-8080-exec-2] DEBUG [a60e4026] [POST] [/api/v1/loans] [127.0.0.1] o.s.web.servlet.DispatcherServlet - POST "/api/v1/loans?memberId=1&bookId=1", parameters={masked}
2026-04-29 12:21:02.544 [http-nio-8080-exec-2] DEBUG [a60e4026] [POST] [/api/v1/loans] [127.0.0.1] o.s.w.s.m.m.a.RequestMappingHandlerMapping - Mapped to com.ohgiraffers.stability.section02.logging.controller.LoanController#createLoan(Long, Long)
2026-04-29 12:21:02.546 [http-nio-8080-exec-2] INFO  [a60e4026] [POST] [/api/v1/loans] [127.0.0.1] c.o.s.s.l.controller.LoanController - [s2][LoanController] 대출 요청 접수 - 회원 ID: 1, 도서 ID: 1
2026-04-29 12:21:02.554 [http-nio-8080-exec-2] DEBUG [a60e4026] [POST] [/api/v1/loans] [127.0.0.1] org.hibernate.SQL - 
    select
        m1_0.member_id,
        m1_0.active,
        m1_0.email,
        m1_0.join_date,
        m1_0.member_name,
        m1_0.phone 
    from
        tbl_member m1_0 
    where
        m1_0.member_id=?
2026-04-29 12:21:02.556 [http-nio-8080-exec-2] DEBUG [a60e4026] [POST] [/api/v1/loans] [127.0.0.1] org.hibernate.SQL - 
    select
        b1_0.book_id,
        b1_0.author,
        b1_0.available,
        b1_0.isbn,
        b1_0.publish_date,
        b1_0.publisher,
        b1_0.stock_quantity,
        b1_0.title 
    from
        tbl_book b1_0 
    where
        b1_0.book_id=?
2026-04-29 12:21:02.567 [http-nio-8080-exec-2] DEBUG [a60e4026] [POST] [/api/v1/loans] [127.0.0.1] org.hibernate.SQL - 
    select
        count(l1_0.loan_id) 
    from
        tbl_loan l1_0 
    where
        l1_0.member_id=? 
        and l1_0.status='ACTIVE'
2026-04-29 12:21:02.575 [http-nio-8080-exec-2] DEBUG [a60e4026] [POST] [/api/v1/loans] [127.0.0.1] org.hibernate.SQL - 
    select
        count(l1_0.loan_id)>0 
    from
        tbl_loan l1_0 
    where
        l1_0.book_id=? 
        and l1_0.status='ACTIVE'
2026-04-29 12:21:02.577 [http-nio-8080-exec-2] DEBUG [a60e4026] [POST] [/api/v1/loans] [127.0.0.1] org.hibernate.SQL - 
    insert 
    into
        tbl_loan
        (book_id, due_date, fine_amount, loan_date, member_id, overdue_days, return_date, status, loan_id) 
    values
        (?, ?, ?, ?, ?, ?, ?, ?, default)
2026-04-29 12:21:02.589 [http-nio-8080-exec-2] DEBUG [a60e4026] [POST] [/api/v1/loans] [127.0.0.1] org.hibernate.SQL - 
    update
        tbl_book 
    set
        author=?,
        available=?,
        isbn=?,
        publish_date=?,
        publisher=?,
        stock_quantity=?,
        title=? 
    where
        book_id=?
2026-04-29 12:21:02.592 [http-nio-8080-exec-2] INFO  [a60e4026] [POST] [/api/v1/loans] [127.0.0.1] c.o.s.s.l.controller.LoanController - [s2][LoanController] 대출 요청 처리 완료 - 대출 ID: 1
2026-04-29 12:21:02.597 [http-nio-8080-exec-2] DEBUG [a60e4026] [POST] [/api/v1/loans] [127.0.0.1] o.s.w.s.m.m.a.HttpEntityMethodProcessor - Using 'application/json', given [application/json] and supported [application/json, application/*+json]
2026-04-29 12:21:02.598 [http-nio-8080-exec-2] DEBUG [a60e4026] [POST] [/api/v1/loans] [127.0.0.1] o.s.w.s.m.m.a.HttpEntityMethodProcessor - Writing [LoanDTO{loanId=1, memberId=1, memberName='김도서', bookId=1, bookTitle='Spring Boot 완벽 가이드', bookIsbn=' (truncated)...]
2026-04-29 12:21:02.599 [http-nio-8080-exec-2] DEBUG [a60e4026] [POST] [/api/v1/loans] [127.0.0.1] o.s.web.servlet.DispatcherServlet - Completed 201 CREATED
2026-04-29 12:21:02.629 [http-nio-8080-exec-7] DEBUG [eed1deff] [POST] [/api/v1/loans] [127.0.0.1] o.s.web.servlet.DispatcherServlet - POST "/api/v1/loans?memberId=1&bookId=2", parameters={masked}
2026-04-29 12:21:02.630 [http-nio-8080-exec-7] DEBUG [eed1deff] [POST] [/api/v1/loans] [127.0.0.1] o.s.w.s.m.m.a.RequestMappingHandlerMapping - Mapped to com.ohgiraffers.stability.section02.logging.controller.LoanController#createLoan(Long, Long)
2026-04-29 12:21:02.630 [http-nio-8080-exec-7] INFO  [eed1deff] [POST] [/api/v1/loans] [127.0.0.1] c.o.s.s.l.controller.LoanController - [s2][LoanController] 대출 요청 접수 - 회원 ID: 1, 도서 ID: 2
2026-04-29 12:21:02.631 [http-nio-8080-exec-7] DEBUG [eed1deff] [POST] [/api/v1/loans] [127.0.0.1] org.hibernate.SQL - 
    select
        m1_0.member_id,
        m1_0.active,
        m1_0.email,
        m1_0.join_date,
        m1_0.member_name,
        m1_0.phone 
    from
        tbl_member m1_0 
    where
        m1_0.member_id=?
2026-04-29 12:21:02.632 [http-nio-8080-exec-7] DEBUG [eed1deff] [POST] [/api/v1/loans] [127.0.0.1] org.hibernate.SQL - 
    select
        b1_0.book_id,
        b1_0.author,
        b1_0.available,
        b1_0.isbn,
        b1_0.publish_date,
        b1_0.publisher,
        b1_0.stock_quantity,
        b1_0.title 
    from
        tbl_book b1_0 
    where
        b1_0.book_id=?
2026-04-29 12:21:02.634 [http-nio-8080-exec-7] DEBUG [eed1deff] [POST] [/api/v1/loans] [127.0.0.1] org.hibernate.SQL - 
    select
        count(l1_0.loan_id) 
    from
        tbl_loan l1_0 
    where
        l1_0.member_id=? 
        and l1_0.status='ACTIVE'
2026-04-29 12:21:02.635 [http-nio-8080-exec-7] DEBUG [eed1deff] [POST] [/api/v1/loans] [127.0.0.1] org.hibernate.SQL - 
    select
        count(l1_0.loan_id)>0 
    from
        tbl_loan l1_0 
    where
        l1_0.book_id=? 
        and l1_0.status='ACTIVE'
2026-04-29 12:21:02.636 [http-nio-8080-exec-7] DEBUG [eed1deff] [POST] [/api/v1/loans] [127.0.0.1] org.hibernate.SQL - 
    insert 
    into
        tbl_loan
        (book_id, due_date, fine_amount, loan_date, member_id, overdue_days, return_date, status, loan_id) 
    values
        (?, ?, ?, ?, ?, ?, ?, ?, default)
2026-04-29 12:21:02.637 [http-nio-8080-exec-7] DEBUG [eed1deff] [POST] [/api/v1/loans] [127.0.0.1] org.hibernate.SQL - 
    update
        tbl_book 
    set
        author=?,
        available=?,
        isbn=?,
        publish_date=?,
        publisher=?,
        stock_quantity=?,
        title=? 
    where
        book_id=?
2026-04-29 12:21:02.639 [http-nio-8080-exec-7] INFO  [eed1deff] [POST] [/api/v1/loans] [127.0.0.1] c.o.s.s.l.controller.LoanController - [s2][LoanController] 대출 요청 처리 완료 - 대출 ID: 2
2026-04-29 12:21:02.639 [http-nio-8080-exec-7] DEBUG [eed1deff] [POST] [/api/v1/loans] [127.0.0.1] o.s.w.s.m.m.a.HttpEntityMethodProcessor - Using 'application/json', given [application/json] and supported [application/json, application/*+json]
2026-04-29 12:21:02.640 [http-nio-8080-exec-7] DEBUG [eed1deff] [POST] [/api/v1/loans] [127.0.0.1] o.s.w.s.m.m.a.HttpEntityMethodProcessor - Writing [LoanDTO{loanId=2, memberId=1, memberName='김도서', bookId=2, bookTitle='Java 프로그래밍 입문', bookIsbn='97809 (truncated)...]
2026-04-29 12:21:02.640 [http-nio-8080-exec-7] DEBUG [eed1deff] [POST] [/api/v1/loans] [127.0.0.1] o.s.web.servlet.DispatcherServlet - Completed 201 CREATED
2026-04-29 12:21:02.657 [http-nio-8080-exec-3] DEBUG [e308236d] [GET] [/api/v1/loans/member/1] [127.0.0.1] o.s.web.servlet.DispatcherServlet - GET "/api/v1/loans/member/1", parameters={}
2026-04-29 12:21:02.659 [http-nio-8080-exec-3] DEBUG [e308236d] [GET] [/api/v1/loans/member/1] [127.0.0.1] o.s.w.s.m.m.a.RequestMappingHandlerMapping - Mapped to com.ohgiraffers.stability.section02.logging.controller.LoanController#getLoansByMember(Long)
2026-04-29 12:21:02.660 [http-nio-8080-exec-3] INFO  [e308236d] [GET] [/api/v1/loans/member/1] [127.0.0.1] c.o.s.s.l.controller.LoanController - [s2][LoanController] 회원별 대출 목록 조회 요청 - 회원 ID: 1
2026-04-29 12:21:02.661 [http-nio-8080-exec-3] DEBUG [e308236d] [GET] [/api/v1/loans/member/1] [127.0.0.1] org.hibernate.SQL - 
    select
        m1_0.member_id,
        m1_0.active,
        m1_0.email,
        m1_0.join_date,
        m1_0.member_name,
        m1_0.phone 
    from
        tbl_member m1_0 
    where
        m1_0.member_id=?
2026-04-29 12:21:02.664 [http-nio-8080-exec-3] DEBUG [e308236d] [GET] [/api/v1/loans/member/1] [127.0.0.1] org.hibernate.SQL - 
    select
        l1_0.loan_id,
        l1_0.book_id,
        l1_0.due_date,
        l1_0.fine_amount,
        l1_0.loan_date,
        l1_0.member_id,
        l1_0.overdue_days,
        l1_0.return_date,
        l1_0.status 
    from
        tbl_loan l1_0 
    where
        l1_0.member_id=?
2026-04-29 12:21:02.670 [http-nio-8080-exec-3] DEBUG [e308236d] [GET] [/api/v1/loans/member/1] [127.0.0.1] org.hibernate.SQL - 
    select
        b1_0.book_id,
        b1_0.author,
        b1_0.available,
        b1_0.isbn,
        b1_0.publish_date,
        b1_0.publisher,
        b1_0.stock_quantity,
        b1_0.title 
    from
        tbl_book b1_0 
    where
        b1_0.book_id=?
2026-04-29 12:21:02.671 [http-nio-8080-exec-3] DEBUG [e308236d] [GET] [/api/v1/loans/member/1] [127.0.0.1] org.hibernate.SQL - 
    select
        b1_0.book_id,
        b1_0.author,
        b1_0.available,
        b1_0.isbn,
        b1_0.publish_date,
        b1_0.publisher,
        b1_0.stock_quantity,
        b1_0.title 
    from
        tbl_book b1_0 
    where
        b1_0.book_id=?
2026-04-29 12:21:02.672 [http-nio-8080-exec-3] INFO  [e308236d] [GET] [/api/v1/loans/member/1] [127.0.0.1] c.o.s.s.l.controller.LoanController - [s2][LoanController] 회원별 대출 목록 조회 완료 - 회원 ID: 1, 대출 수: 2건
2026-04-29 12:21:02.672 [http-nio-8080-exec-3] DEBUG [e308236d] [GET] [/api/v1/loans/member/1] [127.0.0.1] o.s.w.s.m.m.a.HttpEntityMethodProcessor - Using 'application/json', given [application/json] and supported [application/json, application/*+json]
2026-04-29 12:21:02.672 [http-nio-8080-exec-3] DEBUG [e308236d] [GET] [/api/v1/loans/member/1] [127.0.0.1] o.s.w.s.m.m.a.HttpEntityMethodProcessor - Writing [[LoanDTO{loanId=1, memberId=1, memberName='김도서', bookId=1, bookTitle='Spring Boot 완벽 가이드', bookIsbn= (truncated)...]
2026-04-29 12:21:02.673 [http-nio-8080-exec-3] DEBUG [e308236d] [GET] [/api/v1/loans/member/1] [127.0.0.1] o.s.web.servlet.DispatcherServlet - Completed 200 OK
2026-04-29 12:21:02.700 [http-nio-8080-exec-9] DEBUG [7f8e239e] [PATCH] [/api/v1/loans/1/extend] [127.0.0.1] o.s.web.servlet.DispatcherServlet - PATCH "/api/v1/loans/1/extend?extensionDays=7", parameters={masked}
2026-04-29 12:21:02.701 [http-nio-8080-exec-9] DEBUG [7f8e239e] [PATCH] [/api/v1/loans/1/extend] [127.0.0.1] o.s.w.s.m.m.a.RequestMappingHandlerMapping - Mapped to com.ohgiraffers.stability.section02.logging.controller.LoanController#extendLoan(Long, int)
2026-04-29 12:21:02.702 [http-nio-8080-exec-9] INFO  [7f8e239e] [PATCH] [/api/v1/loans/1/extend] [127.0.0.1] c.o.s.s.l.controller.LoanController - [s2][LoanController] 대출 연장 요청 접수 - 대출 ID: 1, 연장 일수: 7일
2026-04-29 12:21:02.703 [http-nio-8080-exec-9] DEBUG [7f8e239e] [PATCH] [/api/v1/loans/1/extend] [127.0.0.1] org.hibernate.SQL - 
    select
        l1_0.loan_id,
        l1_0.book_id,
        l1_0.due_date,
        l1_0.fine_amount,
        l1_0.loan_date,
        l1_0.member_id,
        l1_0.overdue_days,
        l1_0.return_date,
        l1_0.status 
    from
        tbl_loan l1_0 
    where
        l1_0.loan_id=?
2026-04-29 12:21:02.705 [http-nio-8080-exec-9] DEBUG [7f8e239e] [PATCH] [/api/v1/loans/1/extend] [127.0.0.1] org.hibernate.SQL - 
    select
        m1_0.member_id,
        m1_0.active,
        m1_0.email,
        m1_0.join_date,
        m1_0.member_name,
        m1_0.phone 
    from
        tbl_member m1_0 
    where
        m1_0.member_id=?
2026-04-29 12:21:02.706 [http-nio-8080-exec-9] DEBUG [7f8e239e] [PATCH] [/api/v1/loans/1/extend] [127.0.0.1] org.hibernate.SQL - 
    select
        b1_0.book_id,
        b1_0.author,
        b1_0.available,
        b1_0.isbn,
        b1_0.publish_date,
        b1_0.publisher,
        b1_0.stock_quantity,
        b1_0.title 
    from
        tbl_book b1_0 
    where
        b1_0.book_id=?
2026-04-29 12:21:02.707 [http-nio-8080-exec-9] DEBUG [7f8e239e] [PATCH] [/api/v1/loans/1/extend] [127.0.0.1] org.hibernate.SQL - 
    update
        tbl_loan 
    set
        book_id=?,
        due_date=?,
        fine_amount=?,
        loan_date=?,
        member_id=?,
        overdue_days=?,
        return_date=?,
        status=? 
    where
        loan_id=?
2026-04-29 12:21:02.707 [http-nio-8080-exec-9] INFO  [7f8e239e] [PATCH] [/api/v1/loans/1/extend] [127.0.0.1] c.o.s.s.l.controller.LoanController - [s2][LoanController] 대출 연장 요청 처리 완료 - 대출 ID: 1
2026-04-29 12:21:02.709 [http-nio-8080-exec-9] DEBUG [7f8e239e] [PATCH] [/api/v1/loans/1/extend] [127.0.0.1] o.s.w.s.m.m.a.HttpEntityMethodProcessor - Using 'application/json', given [application/json] and supported [application/json, application/*+json]
2026-04-29 12:21:02.709 [http-nio-8080-exec-9] DEBUG [7f8e239e] [PATCH] [/api/v1/loans/1/extend] [127.0.0.1] o.s.w.s.m.m.a.HttpEntityMethodProcessor - Writing [LoanDTO{loanId=1, memberId=1, memberName='김도서', bookId=1, bookTitle='Spring Boot 완벽 가이드', bookIsbn=' (truncated)...]
2026-04-29 12:21:02.710 [http-nio-8080-exec-9] DEBUG [7f8e239e] [PATCH] [/api/v1/loans/1/extend] [127.0.0.1] o.s.web.servlet.DispatcherServlet - Completed 200 OK
2026-04-29 12:21:02.731 [http-nio-8080-exec-4] DEBUG [a9c7237d] [PATCH] [/api/v1/loans/1/return] [127.0.0.1] o.s.web.servlet.DispatcherServlet - PATCH "/api/v1/loans/1/return", parameters={}
2026-04-29 12:21:02.731 [http-nio-8080-exec-4] DEBUG [a9c7237d] [PATCH] [/api/v1/loans/1/return] [127.0.0.1] o.s.w.s.m.m.a.RequestMappingHandlerMapping - Mapped to com.ohgiraffers.stability.section02.logging.controller.LoanController#returnBook(Long)
2026-04-29 12:21:02.732 [http-nio-8080-exec-4] INFO  [a9c7237d] [PATCH] [/api/v1/loans/1/return] [127.0.0.1] c.o.s.s.l.controller.LoanController - [s2][LoanController] 반납 요청 접수 - 대출 ID: 1
2026-04-29 12:21:02.733 [http-nio-8080-exec-4] DEBUG [a9c7237d] [PATCH] [/api/v1/loans/1/return] [127.0.0.1] org.hibernate.SQL - 
    select
        l1_0.loan_id,
        l1_0.book_id,
        l1_0.due_date,
        l1_0.fine_amount,
        l1_0.loan_date,
        l1_0.member_id,
        l1_0.overdue_days,
        l1_0.return_date,
        l1_0.status 
    from
        tbl_loan l1_0 
    where
        l1_0.loan_id=?
2026-04-29 12:21:02.734 [http-nio-8080-exec-4] DEBUG [a9c7237d] [PATCH] [/api/v1/loans/1/return] [127.0.0.1] org.hibernate.SQL - 
    select
        b1_0.book_id,
        b1_0.author,
        b1_0.available,
        b1_0.isbn,
        b1_0.publish_date,
        b1_0.publisher,
        b1_0.stock_quantity,
        b1_0.title 
    from
        tbl_book b1_0 
    where
        b1_0.book_id=?
2026-04-29 12:21:02.735 [http-nio-8080-exec-4] DEBUG [a9c7237d] [PATCH] [/api/v1/loans/1/return] [127.0.0.1] org.hibernate.SQL - 
    select
        m1_0.member_id,
        m1_0.active,
        m1_0.email,
        m1_0.join_date,
        m1_0.member_name,
        m1_0.phone 
    from
        tbl_member m1_0 
    where
        m1_0.member_id=?
2026-04-29 12:21:02.737 [http-nio-8080-exec-4] DEBUG [a9c7237d] [PATCH] [/api/v1/loans/1/return] [127.0.0.1] org.hibernate.SQL - 
    update
        tbl_loan 
    set
        book_id=?,
        due_date=?,
        fine_amount=?,
        loan_date=?,
        member_id=?,
        overdue_days=?,
        return_date=?,
        status=? 
    where
        loan_id=?
2026-04-29 12:21:02.738 [http-nio-8080-exec-4] DEBUG [a9c7237d] [PATCH] [/api/v1/loans/1/return] [127.0.0.1] org.hibernate.SQL - 
    update
        tbl_book 
    set
        author=?,
        available=?,
        isbn=?,
        publish_date=?,
        publisher=?,
        stock_quantity=?,
        title=? 
    where
        book_id=?
2026-04-29 12:21:02.739 [http-nio-8080-exec-4] INFO  [a9c7237d] [PATCH] [/api/v1/loans/1/return] [127.0.0.1] c.o.s.s.l.controller.LoanController - [s2][LoanController] 반납 요청 처리 완료 - 대출 ID: 1
2026-04-29 12:21:02.740 [http-nio-8080-exec-4] DEBUG [a9c7237d] [PATCH] [/api/v1/loans/1/return] [127.0.0.1] o.s.w.s.m.m.a.HttpEntityMethodProcessor - Using 'application/json', given [application/json] and supported [application/json, application/*+json]
2026-04-29 12:21:02.740 [http-nio-8080-exec-4] DEBUG [a9c7237d] [PATCH] [/api/v1/loans/1/return] [127.0.0.1] o.s.w.s.m.m.a.HttpEntityMethodProcessor - Writing [LoanDTO{loanId=1, memberId=1, memberName='김도서', bookId=1, bookTitle='Spring Boot 완벽 가이드', bookIsbn=' (truncated)...]
2026-04-29 12:21:02.741 [http-nio-8080-exec-4] DEBUG [a9c7237d] [PATCH] [/api/v1/loans/1/return] [127.0.0.1] o.s.web.servlet.DispatcherServlet - Completed 200 OK
2026-04-29 12:21:02.763 [http-nio-8080-exec-1] DEBUG [56acfa1c] [GET] [/api/v1/loans/overdue] [127.0.0.1] o.s.web.servlet.DispatcherServlet - GET "/api/v1/loans/overdue", parameters={}
2026-04-29 12:21:02.764 [http-nio-8080-exec-1] DEBUG [56acfa1c] [GET] [/api/v1/loans/overdue] [127.0.0.1] o.s.w.s.m.m.a.RequestMappingHandlerMapping - Mapped to com.ohgiraffers.stability.section02.logging.controller.LoanController#getOverdueLoans()
2026-04-29 12:21:02.765 [http-nio-8080-exec-1] INFO  [56acfa1c] [GET] [/api/v1/loans/overdue] [127.0.0.1] c.o.s.s.l.controller.LoanController - [s2][LoanController] 연체 대출 목록 조회 요청
2026-04-29 12:21:02.767 [http-nio-8080-exec-1] DEBUG [56acfa1c] [GET] [/api/v1/loans/overdue] [127.0.0.1] org.hibernate.SQL - 
    select
        l1_0.loan_id,
        l1_0.book_id,
        l1_0.due_date,
        l1_0.fine_amount,
        l1_0.loan_date,
        l1_0.member_id,
        l1_0.overdue_days,
        l1_0.return_date,
        l1_0.status 
    from
        tbl_loan l1_0 
    where
        l1_0.status='ACTIVE' 
        and l1_0.due_date<?
2026-04-29 12:21:02.771 [http-nio-8080-exec-1] INFO  [56acfa1c] [GET] [/api/v1/loans/overdue] [127.0.0.1] c.o.s.s.l.controller.LoanController - [s2][LoanController] 연체 대출 목록 조회 완료 - 연체 건수: 0건
2026-04-29 12:21:02.771 [http-nio-8080-exec-1] DEBUG [56acfa1c] [GET] [/api/v1/loans/overdue] [127.0.0.1] o.s.w.s.m.m.a.HttpEntityMethodProcessor - Using 'application/json', given [application/json] and supported [application/json, application/*+json]
2026-04-29 12:21:02.771 [http-nio-8080-exec-1] DEBUG [56acfa1c] [GET] [/api/v1/loans/overdue] [127.0.0.1] o.s.w.s.m.m.a.HttpEntityMethodProcessor - Writing [[]]
2026-04-29 12:21:02.772 [http-nio-8080-exec-1] DEBUG [56acfa1c] [GET] [/api/v1/loans/overdue] [127.0.0.1] o.s.web.servlet.DispatcherServlet - Completed 200 OK
2026-04-29 12:21:02.796 [http-nio-8080-exec-6] DEBUG [f857275d] [POST] [/api/v1/loans/overdue/process] [127.0.0.1] o.s.web.servlet.DispatcherServlet - POST "/api/v1/loans/overdue/process", parameters={}
2026-04-29 12:21:02.797 [http-nio-8080-exec-6] DEBUG [f857275d] [POST] [/api/v1/loans/overdue/process] [127.0.0.1] o.s.w.s.m.m.a.RequestMappingHandlerMapping - Mapped to com.ohgiraffers.stability.section02.logging.controller.LoanController#processOverdueLoans()
2026-04-29 12:21:02.797 [http-nio-8080-exec-6] INFO  [f857275d] [POST] [/api/v1/loans/overdue/process] [127.0.0.1] c.o.s.s.l.controller.LoanController - [s2][LoanController] 연체 대출 일괄 처리 요청
2026-04-29 12:21:02.797 [http-nio-8080-exec-6] DEBUG [f857275d] [POST] [/api/v1/loans/overdue/process] [127.0.0.1] org.hibernate.SQL - 
    select
        l1_0.loan_id,
        l1_0.book_id,
        l1_0.due_date,
        l1_0.fine_amount,
        l1_0.loan_date,
        l1_0.member_id,
        l1_0.overdue_days,
        l1_0.return_date,
        l1_0.status 
    from
        tbl_loan l1_0 
    where
        l1_0.status='ACTIVE' 
        and l1_0.due_date<?
2026-04-29 12:21:02.798 [http-nio-8080-exec-6] INFO  [f857275d] [POST] [/api/v1/loans/overdue/process] [127.0.0.1] c.o.s.s.l.controller.LoanController - [s2][LoanController] 연체 대출 일괄 처리 완료 - 처리 건수: 0건
2026-04-29 12:21:02.799 [http-nio-8080-exec-6] DEBUG [f857275d] [POST] [/api/v1/loans/overdue/process] [127.0.0.1] o.s.w.s.m.m.a.HttpEntityMethodProcessor - Using 'application/json', given [application/json] and supported [application/json, application/*+json]
2026-04-29 12:21:02.799 [http-nio-8080-exec-6] DEBUG [f857275d] [POST] [/api/v1/loans/overdue/process] [127.0.0.1] o.s.w.s.m.m.a.HttpEntityMethodProcessor - Writing [{message=연체 대출 일괄 처리가 완료되었습니다., processedCount=0}]
2026-04-29 12:21:02.800 [http-nio-8080-exec-6] DEBUG [f857275d] [POST] [/api/v1/loans/overdue/process] [127.0.0.1] o.s.web.servlet.DispatcherServlet - Completed 200 OK
2026-04-29 12:21:02.827 [http-nio-8080-exec-8] DEBUG [d4ee5089] [POST] [/api/v1/loans/test/logging] [127.0.0.1] o.s.web.servlet.DispatcherServlet - POST "/api/v1/loans/test/logging?level=debug&message=%EB%94%94%EB%B2%84%EA%B7%B8+%EB%A1%9C%EA%B7%B8+%ED%85%8C%EC%8A%A4%ED%8A%B8%EC%9E%85%EB%8B%88%EB%8B%A4", parameters={masked}
2026-04-29 12:21:02.827 [http-nio-8080-exec-8] DEBUG [d4ee5089] [POST] [/api/v1/loans/test/logging] [127.0.0.1] o.s.w.s.m.m.a.RequestMappingHandlerMapping - Mapped to com.ohgiraffers.stability.section02.logging.controller.LoanController#testLogging(String, String)
2026-04-29 12:21:02.831 [http-nio-8080-exec-8] INFO  [d4ee5089] [POST] [/api/v1/loans/test/logging] [127.0.0.1] c.o.s.s.l.controller.LoanController - [s2][LoanController] 로깅 테스트 요청 - 레벨: debug, 메시지: 디버그 로그 테스트입니다
2026-04-29 12:21:02.831 [http-nio-8080-exec-8] DEBUG [d4ee5089] [POST] [/api/v1/loans/test/logging] [127.0.0.1] c.o.s.s.l.controller.LoanController - [s2][LoanController] DEBUG 테스트: 디버그 로그 테스트입니다
2026-04-29 12:21:02.832 [http-nio-8080-exec-8] DEBUG [d4ee5089] [POST] [/api/v1/loans/test/logging] [127.0.0.1] o.s.w.s.m.m.a.HttpEntityMethodProcessor - Using 'application/json', given [application/json] and supported [application/json, application/*+json]
2026-04-29 12:21:02.832 [http-nio-8080-exec-8] DEBUG [d4ee5089] [POST] [/api/v1/loans/test/logging] [127.0.0.1] o.s.w.s.m.m.a.HttpEntityMethodProcessor - Writing [{level=debug, message=디버그 로그 테스트입니다, result=로깅 테스트가 완료되었습니다.}]
2026-04-29 12:21:02.833 [http-nio-8080-exec-8] DEBUG [d4ee5089] [POST] [/api/v1/loans/test/logging] [127.0.0.1] o.s.web.servlet.DispatcherServlet - Completed 200 OK
2026-04-29 12:21:02.880 [http-nio-8080-exec-10] DEBUG [59ccc915] [POST] [/api/v1/loans/test/logging] [127.0.0.1] o.s.web.servlet.DispatcherServlet - POST "/api/v1/loans/test/logging?level=info&message=%EC%A0%95%EB%B3%B4+%EB%A1%9C%EA%B7%B8+%ED%85%8C%EC%8A%A4%ED%8A%B8%EC%9E%85%EB%8B%88%EB%8B%A4", parameters={masked}
2026-04-29 12:21:02.880 [http-nio-8080-exec-10] DEBUG [59ccc915] [POST] [/api/v1/loans/test/logging] [127.0.0.1] o.s.w.s.m.m.a.RequestMappingHandlerMapping - Mapped to com.ohgiraffers.stability.section02.logging.controller.LoanController#testLogging(String, String)
2026-04-29 12:21:02.881 [http-nio-8080-exec-10] INFO  [59ccc915] [POST] [/api/v1/loans/test/logging] [127.0.0.1] c.o.s.s.l.controller.LoanController - [s2][LoanController] 로깅 테스트 요청 - 레벨: info, 메시지: 정보 로그 테스트입니다
2026-04-29 12:21:02.881 [http-nio-8080-exec-10] INFO  [59ccc915] [POST] [/api/v1/loans/test/logging] [127.0.0.1] c.o.s.s.l.controller.LoanController - [s2][LoanController] INFO 테스트: 정보 로그 테스트입니다
2026-04-29 12:21:02.882 [http-nio-8080-exec-10] DEBUG [59ccc915] [POST] [/api/v1/loans/test/logging] [127.0.0.1] o.s.w.s.m.m.a.HttpEntityMethodProcessor - Using 'application/json', given [application/json] and supported [application/json, application/*+json]
2026-04-29 12:21:02.882 [http-nio-8080-exec-10] DEBUG [59ccc915] [POST] [/api/v1/loans/test/logging] [127.0.0.1] o.s.w.s.m.m.a.HttpEntityMethodProcessor - Writing [{level=info, message=정보 로그 테스트입니다, result=로깅 테스트가 완료되었습니다.}]
2026-04-29 12:21:02.883 [http-nio-8080-exec-10] DEBUG [59ccc915] [POST] [/api/v1/loans/test/logging] [127.0.0.1] o.s.web.servlet.DispatcherServlet - Completed 200 OK
2026-04-29 12:21:02.924 [http-nio-8080-exec-5] DEBUG [1a850ac4] [POST] [/api/v1/loans/test/logging] [127.0.0.1] o.s.web.servlet.DispatcherServlet - POST "/api/v1/loans/test/logging?level=warn&message=%EA%B2%BD%EA%B3%A0+%EB%A1%9C%EA%B7%B8+%ED%85%8C%EC%8A%A4%ED%8A%B8%EC%9E%85%EB%8B%88%EB%8B%A4", parameters={masked}
2026-04-29 12:21:02.925 [http-nio-8080-exec-5] DEBUG [1a850ac4] [POST] [/api/v1/loans/test/logging] [127.0.0.1] o.s.w.s.m.m.a.RequestMappingHandlerMapping - Mapped to com.ohgiraffers.stability.section02.logging.controller.LoanController#testLogging(String, String)
2026-04-29 12:21:02.926 [http-nio-8080-exec-5] INFO  [1a850ac4] [POST] [/api/v1/loans/test/logging] [127.0.0.1] c.o.s.s.l.controller.LoanController - [s2][LoanController] 로깅 테스트 요청 - 레벨: warn, 메시지: 경고 로그 테스트입니다
2026-04-29 12:21:02.926 [http-nio-8080-exec-5] WARN  [1a850ac4] [POST] [/api/v1/loans/test/logging] [127.0.0.1] c.o.s.s.l.controller.LoanController - [s2][LoanController] WARN 테스트: 경고 로그 테스트입니다
2026-04-29 12:21:02.927 [http-nio-8080-exec-5] DEBUG [1a850ac4] [POST] [/api/v1/loans/test/logging] [127.0.0.1] o.s.w.s.m.m.a.HttpEntityMethodProcessor - Using 'application/json', given [application/json] and supported [application/json, application/*+json]
2026-04-29 12:21:02.927 [http-nio-8080-exec-5] DEBUG [1a850ac4] [POST] [/api/v1/loans/test/logging] [127.0.0.1] o.s.w.s.m.m.a.HttpEntityMethodProcessor - Writing [{level=warn, message=경고 로그 테스트입니다, result=로깅 테스트가 완료되었습니다.}]
2026-04-29 12:21:02.927 [http-nio-8080-exec-5] DEBUG [1a850ac4] [POST] [/api/v1/loans/test/logging] [127.0.0.1] o.s.web.servlet.DispatcherServlet - Completed 200 OK
2026-04-29 12:21:03.023 [http-nio-8080-exec-2] DEBUG [18e1f7d8] [POST] [/api/v1/loans/test/logging] [127.0.0.1] o.s.web.servlet.DispatcherServlet - POST "/api/v1/loans/test/logging?level=error&message=%EC%97%90%EB%9F%AC+%EB%A1%9C%EA%B7%B8+%ED%85%8C%EC%8A%A4%ED%8A%B8%EC%9E%85%EB%8B%88%EB%8B%A4", parameters={masked}
2026-04-29 12:21:03.023 [http-nio-8080-exec-2] DEBUG [18e1f7d8] [POST] [/api/v1/loans/test/logging] [127.0.0.1] o.s.w.s.m.m.a.RequestMappingHandlerMapping - Mapped to com.ohgiraffers.stability.section02.logging.controller.LoanController#testLogging(String, String)
2026-04-29 12:21:03.023 [http-nio-8080-exec-2] INFO  [18e1f7d8] [POST] [/api/v1/loans/test/logging] [127.0.0.1] c.o.s.s.l.controller.LoanController - [s2][LoanController] 로깅 테스트 요청 - 레벨: error, 메시지: 에러 로그 테스트입니다
2026-04-29 12:21:03.023 [http-nio-8080-exec-2] ERROR [18e1f7d8] [POST] [/api/v1/loans/test/logging] [127.0.0.1] c.o.s.s.l.controller.LoanController - [s2][LoanController] ERROR 테스트: 에러 로그 테스트입니다
2026-04-29 12:21:03.024 [http-nio-8080-exec-2] DEBUG [18e1f7d8] [POST] [/api/v1/loans/test/logging] [127.0.0.1] o.s.w.s.m.m.a.HttpEntityMethodProcessor - Using 'application/json', given [application/json] and supported [application/json, application/*+json]
2026-04-29 12:21:03.024 [http-nio-8080-exec-2] DEBUG [18e1f7d8] [POST] [/api/v1/loans/test/logging] [127.0.0.1] o.s.w.s.m.m.a.HttpEntityMethodProcessor - Writing [{level=error, message=에러 로그 테스트입니다, result=로깅 테스트가 완료되었습니다.}]
2026-04-29 12:21:03.025 [http-nio-8080-exec-2] DEBUG [18e1f7d8] [POST] [/api/v1/loans/test/logging] [127.0.0.1] o.s.web.servlet.DispatcherServlet - Completed 200 OK
2026-04-29 12:21:03.051 [http-nio-8080-exec-7] DEBUG [8b370dd9] [POST] [/api/v1/loans] [127.0.0.1] o.s.web.servlet.DispatcherServlet - POST "/api/v1/loans?memberId=999&bookId=1", parameters={masked}
2026-04-29 12:21:03.051 [http-nio-8080-exec-7] DEBUG [8b370dd9] [POST] [/api/v1/loans] [127.0.0.1] o.s.w.s.m.m.a.RequestMappingHandlerMapping - Mapped to com.ohgiraffers.stability.section02.logging.controller.LoanController#createLoan(Long, Long)
2026-04-29 12:21:03.052 [http-nio-8080-exec-7] INFO  [8b370dd9] [POST] [/api/v1/loans] [127.0.0.1] c.o.s.s.l.controller.LoanController - [s2][LoanController] 대출 요청 접수 - 회원 ID: 999, 도서 ID: 1
2026-04-29 12:21:03.052 [http-nio-8080-exec-7] DEBUG [8b370dd9] [POST] [/api/v1/loans] [127.0.0.1] org.hibernate.SQL - 
    select
        m1_0.member_id,
        m1_0.active,
        m1_0.email,
        m1_0.join_date,
        m1_0.member_name,
        m1_0.phone 
    from
        tbl_member m1_0 
    where
        m1_0.member_id=?
2026-04-29 12:21:03.056 [http-nio-8080-exec-7] DEBUG [8b370dd9] [POST] [/api/v1/loans] [127.0.0.1] o.s.w.s.m.m.a.ExceptionHandlerExceptionResolver - Using @ExceptionHandler com.ohgiraffers.stability.section01.exception.handler.GlobalExceptionHandler#handleIllegalArgumentException(IllegalArgumentException, HttpServletRequest)
2026-04-29 12:21:03.056 [http-nio-8080-exec-7] WARN  [8b370dd9] [POST] [/api/v1/loans] [127.0.0.1] c.o.s.s.e.h.GlobalExceptionHandler - [s1][GlobalExceptionHandler] 잘못된 인수: 존재하지 않는 회원입니다: 999
2026-04-29 12:21:03.058 [http-nio-8080-exec-7] DEBUG [8b370dd9] [POST] [/api/v1/loans] [127.0.0.1] o.s.w.s.m.m.a.HttpEntityMethodProcessor - Using 'application/json', given [application/json] and supported [application/json, application/*+json]
2026-04-29 12:21:03.059 [http-nio-8080-exec-7] DEBUG [8b370dd9] [POST] [/api/v1/loans] [127.0.0.1] o.s.w.s.m.m.a.HttpEntityMethodProcessor - Writing [ErrorResponse{errorCode='INVALID_ARGUMENT', message='존재하지 않는 회원입니다: 999', timestamp=2026-04-29T12:21 (truncated)...]
2026-04-29 12:21:03.059 [http-nio-8080-exec-7] WARN  [8b370dd9] [POST] [/api/v1/loans] [127.0.0.1] o.s.w.s.m.m.a.ExceptionHandlerExceptionResolver - Resolved [java.lang.IllegalArgumentException: 존재하지 않는 회원입니다: 999]
2026-04-29 12:21:03.060 [http-nio-8080-exec-7] DEBUG [8b370dd9] [POST] [/api/v1/loans] [127.0.0.1] o.s.web.servlet.DispatcherServlet - Completed 400 BAD_REQUEST
2026-04-29 12:21:03.080 [http-nio-8080-exec-3] DEBUG [9156df68] [POST] [/api/v1/loans] [127.0.0.1] o.s.web.servlet.DispatcherServlet - POST "/api/v1/loans?memberId=1&bookId=999", parameters={masked}
2026-04-29 12:21:03.081 [http-nio-8080-exec-3] DEBUG [9156df68] [POST] [/api/v1/loans] [127.0.0.1] o.s.w.s.m.m.a.RequestMappingHandlerMapping - Mapped to com.ohgiraffers.stability.section02.logging.controller.LoanController#createLoan(Long, Long)
2026-04-29 12:21:03.081 [http-nio-8080-exec-3] INFO  [9156df68] [POST] [/api/v1/loans] [127.0.0.1] c.o.s.s.l.controller.LoanController - [s2][LoanController] 대출 요청 접수 - 회원 ID: 1, 도서 ID: 999
2026-04-29 12:21:03.082 [http-nio-8080-exec-3] DEBUG [9156df68] [POST] [/api/v1/loans] [127.0.0.1] org.hibernate.SQL - 
    select
        m1_0.member_id,
        m1_0.active,
        m1_0.email,
        m1_0.join_date,
        m1_0.member_name,
        m1_0.phone 
    from
        tbl_member m1_0 
    where
        m1_0.member_id=?
2026-04-29 12:21:03.084 [http-nio-8080-exec-3] DEBUG [9156df68] [POST] [/api/v1/loans] [127.0.0.1] org.hibernate.SQL - 
    select
        b1_0.book_id,
        b1_0.author,
        b1_0.available,
        b1_0.isbn,
        b1_0.publish_date,
        b1_0.publisher,
        b1_0.stock_quantity,
        b1_0.title 
    from
        tbl_book b1_0 
    where
        b1_0.book_id=?
2026-04-29 12:21:03.085 [http-nio-8080-exec-3] DEBUG [9156df68] [POST] [/api/v1/loans] [127.0.0.1] o.s.w.s.m.m.a.ExceptionHandlerExceptionResolver - Using @ExceptionHandler com.ohgiraffers.stability.section01.exception.handler.GlobalExceptionHandler#handleBookNotFoundException(BookNotFoundException, HttpServletRequest)
2026-04-29 12:21:03.085 [http-nio-8080-exec-3] WARN  [9156df68] [POST] [/api/v1/loans] [127.0.0.1] c.o.s.s.e.h.GlobalExceptionHandler - [s1][GlobalExceptionHandler] 도서 조회 실패: 해당 ID의 도서를 찾을 수 없습니다: 999
2026-04-29 12:21:03.086 [http-nio-8080-exec-3] DEBUG [9156df68] [POST] [/api/v1/loans] [127.0.0.1] o.s.w.s.m.m.a.HttpEntityMethodProcessor - Using 'application/json', given [application/json] and supported [application/json, application/*+json]
2026-04-29 12:21:03.086 [http-nio-8080-exec-3] DEBUG [9156df68] [POST] [/api/v1/loans] [127.0.0.1] o.s.w.s.m.m.a.HttpEntityMethodProcessor - Writing [ErrorResponse{errorCode='BOOK_NOT_FOUND_BY_ID', message='해당 ID의 도서를 찾을 수 없습니다: 999', timestamp=2026- (truncated)...]
2026-04-29 12:21:03.087 [http-nio-8080-exec-3] WARN  [9156df68] [POST] [/api/v1/loans] [127.0.0.1] o.s.w.s.m.m.a.ExceptionHandlerExceptionResolver - Resolved [com.ohgiraffers.stability.section01.exception.exception.BookNotFoundException: 해당 ID의 도서를 찾을 수 없습니다: 999]
2026-04-29 12:21:03.087 [http-nio-8080-exec-3] DEBUG [9156df68] [POST] [/api/v1/loans] [127.0.0.1] o.s.web.servlet.DispatcherServlet - Completed 404 NOT_FOUND
2026-04-29 12:21:03.106 [http-nio-8080-exec-9] DEBUG [5c726ba9] [PATCH] [/api/v1/loans/1/return] [127.0.0.1] o.s.web.servlet.DispatcherServlet - PATCH "/api/v1/loans/1/return", parameters={}
2026-04-29 12:21:03.106 [http-nio-8080-exec-9] DEBUG [5c726ba9] [PATCH] [/api/v1/loans/1/return] [127.0.0.1] o.s.w.s.m.m.a.RequestMappingHandlerMapping - Mapped to com.ohgiraffers.stability.section02.logging.controller.LoanController#returnBook(Long)
2026-04-29 12:21:03.107 [http-nio-8080-exec-9] INFO  [5c726ba9] [PATCH] [/api/v1/loans/1/return] [127.0.0.1] c.o.s.s.l.controller.LoanController - [s2][LoanController] 반납 요청 접수 - 대출 ID: 1
2026-04-29 12:21:03.107 [http-nio-8080-exec-9] DEBUG [5c726ba9] [PATCH] [/api/v1/loans/1/return] [127.0.0.1] org.hibernate.SQL - 
    select
        l1_0.loan_id,
        l1_0.book_id,
        l1_0.due_date,
        l1_0.fine_amount,
        l1_0.loan_date,
        l1_0.member_id,
        l1_0.overdue_days,
        l1_0.return_date,
        l1_0.status 
    from
        tbl_loan l1_0 
    where
        l1_0.loan_id=?
2026-04-29 12:21:03.110 [http-nio-8080-exec-9] DEBUG [5c726ba9] [PATCH] [/api/v1/loans/1/return] [127.0.0.1] o.s.w.s.m.m.a.ExceptionHandlerExceptionResolver - Using @ExceptionHandler com.ohgiraffers.stability.section01.exception.handler.GlobalExceptionHandler#handleIllegalArgumentException(IllegalArgumentException, HttpServletRequest)
2026-04-29 12:21:03.110 [http-nio-8080-exec-9] WARN  [5c726ba9] [PATCH] [/api/v1/loans/1/return] [127.0.0.1] c.o.s.s.e.h.GlobalExceptionHandler - [s1][GlobalExceptionHandler] 잘못된 인수: 이미 반납된 도서입니다: 1
2026-04-29 12:21:03.110 [http-nio-8080-exec-9] DEBUG [5c726ba9] [PATCH] [/api/v1/loans/1/return] [127.0.0.1] o.s.w.s.m.m.a.HttpEntityMethodProcessor - Using 'application/json', given [application/json] and supported [application/json, application/*+json]
2026-04-29 12:21:03.111 [http-nio-8080-exec-9] DEBUG [5c726ba9] [PATCH] [/api/v1/loans/1/return] [127.0.0.1] o.s.w.s.m.m.a.HttpEntityMethodProcessor - Writing [ErrorResponse{errorCode='INVALID_ARGUMENT', message='이미 반납된 도서입니다: 1', timestamp=2026-04-29T12:21:03 (truncated)...]
2026-04-29 12:21:03.111 [http-nio-8080-exec-9] WARN  [5c726ba9] [PATCH] [/api/v1/loans/1/return] [127.0.0.1] o.s.w.s.m.m.a.ExceptionHandlerExceptionResolver - Resolved [java.lang.IllegalArgumentException: 이미 반납된 도서입니다: 1]
2026-04-29 12:21:03.111 [http-nio-8080-exec-9] DEBUG [5c726ba9] [PATCH] [/api/v1/loans/1/return] [127.0.0.1] o.s.web.servlet.DispatcherServlet - Completed 400 BAD_REQUEST
2026-04-29 12:21:03.136 [http-nio-8080-exec-4] DEBUG [d3bf083c] [PATCH] [/api/v1/loans/2/extend] [127.0.0.1] o.s.web.servlet.DispatcherServlet - PATCH "/api/v1/loans/2/extend?extensionDays=30", parameters={masked}
2026-04-29 12:21:03.137 [http-nio-8080-exec-4] DEBUG [d3bf083c] [PATCH] [/api/v1/loans/2/extend] [127.0.0.1] o.s.w.s.m.m.a.RequestMappingHandlerMapping - Mapped to com.ohgiraffers.stability.section02.logging.controller.LoanController#extendLoan(Long, int)
2026-04-29 12:21:03.137 [http-nio-8080-exec-4] INFO  [d3bf083c] [PATCH] [/api/v1/loans/2/extend] [127.0.0.1] c.o.s.s.l.controller.LoanController - [s2][LoanController] 대출 연장 요청 접수 - 대출 ID: 2, 연장 일수: 30일
2026-04-29 12:21:03.138 [http-nio-8080-exec-4] DEBUG [d3bf083c] [PATCH] [/api/v1/loans/2/extend] [127.0.0.1] org.hibernate.SQL - 
    select
        l1_0.loan_id,
        l1_0.book_id,
        l1_0.due_date,
        l1_0.fine_amount,
        l1_0.loan_date,
        l1_0.member_id,
        l1_0.overdue_days,
        l1_0.return_date,
        l1_0.status 
    from
        tbl_loan l1_0 
    where
        l1_0.loan_id=?
2026-04-29 12:21:03.140 [http-nio-8080-exec-4] DEBUG [d3bf083c] [PATCH] [/api/v1/loans/2/extend] [127.0.0.1] o.s.w.s.m.m.a.ExceptionHandlerExceptionResolver - Using @ExceptionHandler com.ohgiraffers.stability.section01.exception.handler.GlobalExceptionHandler#handleIllegalArgumentException(IllegalArgumentException, HttpServletRequest)
2026-04-29 12:21:03.140 [http-nio-8080-exec-4] WARN  [d3bf083c] [PATCH] [/api/v1/loans/2/extend] [127.0.0.1] c.o.s.s.e.h.GlobalExceptionHandler - [s1][GlobalExceptionHandler] 잘못된 인수: 연장 일수는 1일 이상 14일 이하여야 합니다: 30
2026-04-29 12:21:03.140 [http-nio-8080-exec-4] DEBUG [d3bf083c] [PATCH] [/api/v1/loans/2/extend] [127.0.0.1] o.s.w.s.m.m.a.HttpEntityMethodProcessor - Using 'application/json', given [application/json] and supported [application/json, application/*+json]
2026-04-29 12:21:03.140 [http-nio-8080-exec-4] DEBUG [d3bf083c] [PATCH] [/api/v1/loans/2/extend] [127.0.0.1] o.s.w.s.m.m.a.HttpEntityMethodProcessor - Writing [ErrorResponse{errorCode='INVALID_ARGUMENT', message='연장 일수는 1일 이상 14일 이하여야 합니다: 30', timestamp=2026- (truncated)...]
2026-04-29 12:21:03.140 [http-nio-8080-exec-4] WARN  [d3bf083c] [PATCH] [/api/v1/loans/2/extend] [127.0.0.1] o.s.w.s.m.m.a.ExceptionHandlerExceptionResolver - Resolved [java.lang.IllegalArgumentException: 연장 일수는 1일 이상 14일 이하여야 합니다: 30]
2026-04-29 12:21:03.141 [http-nio-8080-exec-4] DEBUG [d3bf083c] [PATCH] [/api/v1/loans/2/extend] [127.0.0.1] o.s.web.servlet.DispatcherServlet - Completed 400 BAD_REQUEST
2026-04-29 12:21:03.168 [http-nio-8080-exec-1] DEBUG [6e31dab2] [GET] [/api/v1/loans/member/1] [127.0.0.1] o.s.web.servlet.DispatcherServlet - GET "/api/v1/loans/member/1", parameters={}
2026-04-29 12:21:03.168 [http-nio-8080-exec-1] DEBUG [6e31dab2] [GET] [/api/v1/loans/member/1] [127.0.0.1] o.s.w.s.m.m.a.RequestMappingHandlerMapping - Mapped to com.ohgiraffers.stability.section02.logging.controller.LoanController#getLoansByMember(Long)
2026-04-29 12:21:03.169 [http-nio-8080-exec-1] INFO  [6e31dab2] [GET] [/api/v1/loans/member/1] [127.0.0.1] c.o.s.s.l.controller.LoanController - [s2][LoanController] 회원별 대출 목록 조회 요청 - 회원 ID: 1
2026-04-29 12:21:03.169 [http-nio-8080-exec-1] DEBUG [6e31dab2] [GET] [/api/v1/loans/member/1] [127.0.0.1] org.hibernate.SQL - 
    select
        m1_0.member_id,
        m1_0.active,
        m1_0.email,
        m1_0.join_date,
        m1_0.member_name,
        m1_0.phone 
    from
        tbl_member m1_0 
    where
        m1_0.member_id=?
2026-04-29 12:21:03.172 [http-nio-8080-exec-1] DEBUG [6e31dab2] [GET] [/api/v1/loans/member/1] [127.0.0.1] org.hibernate.SQL - 
    select
        l1_0.loan_id,
        l1_0.book_id,
        l1_0.due_date,
        l1_0.fine_amount,
        l1_0.loan_date,
        l1_0.member_id,
        l1_0.overdue_days,
        l1_0.return_date,
        l1_0.status 
    from
        tbl_loan l1_0 
    where
        l1_0.member_id=?
2026-04-29 12:21:03.174 [http-nio-8080-exec-1] DEBUG [6e31dab2] [GET] [/api/v1/loans/member/1] [127.0.0.1] org.hibernate.SQL - 
    select
        b1_0.book_id,
        b1_0.author,
        b1_0.available,
        b1_0.isbn,
        b1_0.publish_date,
        b1_0.publisher,
        b1_0.stock_quantity,
        b1_0.title 
    from
        tbl_book b1_0 
    where
        b1_0.book_id=?
2026-04-29 12:21:03.175 [http-nio-8080-exec-1] DEBUG [6e31dab2] [GET] [/api/v1/loans/member/1] [127.0.0.1] org.hibernate.SQL - 
    select
        b1_0.book_id,
        b1_0.author,
        b1_0.available,
        b1_0.isbn,
        b1_0.publish_date,
        b1_0.publisher,
        b1_0.stock_quantity,
        b1_0.title 
    from
        tbl_book b1_0 
    where
        b1_0.book_id=?
2026-04-29 12:21:03.176 [http-nio-8080-exec-1] INFO  [6e31dab2] [GET] [/api/v1/loans/member/1] [127.0.0.1] c.o.s.s.l.controller.LoanController - [s2][LoanController] 회원별 대출 목록 조회 완료 - 회원 ID: 1, 대출 수: 2건
2026-04-29 12:21:03.176 [http-nio-8080-exec-1] DEBUG [6e31dab2] [GET] [/api/v1/loans/member/1] [127.0.0.1] o.s.w.s.m.m.a.HttpEntityMethodProcessor - Using 'application/json', given [application/json] and supported [application/json, application/*+json]
2026-04-29 12:21:03.177 [http-nio-8080-exec-1] DEBUG [6e31dab2] [GET] [/api/v1/loans/member/1] [127.0.0.1] o.s.w.s.m.m.a.HttpEntityMethodProcessor - Writing [[LoanDTO{loanId=1, memberId=1, memberName='김도서', bookId=1, bookTitle='Spring Boot 완벽 가이드', bookIsbn= (truncated)...]
2026-04-29 12:21:03.177 [http-nio-8080-exec-1] DEBUG [6e31dab2] [GET] [/api/v1/loans/member/1] [127.0.0.1] o.s.web.servlet.DispatcherServlet - Completed 200 OK
2026-04-29 12:21:03.202 [http-nio-8080-exec-6] DEBUG [ffc1b254] [GET] [/api/v1/loans/status] [127.0.0.1] o.s.web.servlet.DispatcherServlet - GET "/api/v1/loans/status", parameters={}
2026-04-29 12:21:03.202 [http-nio-8080-exec-6] DEBUG [ffc1b254] [GET] [/api/v1/loans/status] [127.0.0.1] o.s.w.s.m.m.a.RequestMappingHandlerMapping - Mapped to com.ohgiraffers.stability.section02.logging.controller.LoanController#getSystemStatus()
2026-04-29 12:21:03.203 [http-nio-8080-exec-6] INFO  [ffc1b254] [GET] [/api/v1/loans/status] [127.0.0.1] c.o.s.s.l.controller.LoanController - [s2][LoanController] 대출 시스템 상태 확인 요청
2026-04-29 12:21:03.203 [http-nio-8080-exec-6] INFO  [ffc1b254] [GET] [/api/v1/loans/status] [127.0.0.1] c.o.s.s.l.controller.LoanController - [s2][LoanController] 대출 시스템 상태 확인 완료 - 상태: HEALTHY
2026-04-29 12:21:03.203 [http-nio-8080-exec-6] DEBUG [ffc1b254] [GET] [/api/v1/loans/status] [127.0.0.1] o.s.w.s.m.m.a.HttpEntityMethodProcessor - Using 'application/json', given [application/json] and supported [application/json, application/*+json]
2026-04-29 12:21:03.203 [http-nio-8080-exec-6] DEBUG [ffc1b254] [GET] [/api/v1/loans/status] [127.0.0.1] o.s.w.s.m.m.a.HttpEntityMethodProcessor - Writing [{timestamp=2026-04-29T12:21:03.203291600, status=HEALTHY, message=대출 시스템이 정상적으로 동작 중입니다.}]
2026-04-29 12:21:03.204 [http-nio-8080-exec-6] DEBUG [ffc1b254] [GET] [/api/v1/loans/status] [127.0.0.1] o.s.web.servlet.DispatcherServlet - Completed 200 OK
2026-04-29 12:38:04.873 [HikariPool-1 housekeeper] WARN  [] [] [] [] com.zaxxer.hikari.pool.HikariPool - HikariPool-1 - Thread starvation or clock leap detected (housekeeper delta=7m58s107ms522µs799ns).
2026-04-29 14:31:53.104 [HikariPool-1 housekeeper] WARN  [] [] [] [] com.zaxxer.hikari.pool.HikariPool - HikariPool-1 - Thread starvation or clock leap detected (housekeeper delta=1h5m47s595ms372µs200ns).
2026-04-29 14:37:40.019 [HikariPool-1 housekeeper] WARN  [] [] [] [] com.zaxxer.hikari.pool.HikariPool - HikariPool-1 - Thread starvation or clock leap detected (housekeeper delta=5m46s915ms809µs100ns).
2026-04-29 15:32:51.028 [HikariPool-1 housekeeper] WARN  [] [] [] [] com.zaxxer.hikari.pool.HikariPool - HikariPool-1 - Thread starvation or clock leap detected (housekeeper delta=2m40s177ms53µs900ns).
2026-04-29 15:53:45.993 [File Watcher] INFO  [] [] [] [] o.s.b.d.a.LocalDevToolsAutoConfiguration$RestartingClassPathChangeChangedEventListener - Restarting due to 3 class path changes (0 additions, 0 deletions, 3 modifications)
2026-04-29 15:53:46.063 [Thread-5] INFO  [] [] [] [] o.s.b.w.e.tomcat.GracefulShutdown - Commencing graceful shutdown. Waiting for active requests to complete
2026-04-29 15:53:46.063 [tomcat-shutdown] INFO  [] [] [] [] o.a.coyote.http11.Http11NioProtocol - Pausing ProtocolHandler ["http-nio-8080"]
2026-04-29 15:53:46.417 [tomcat-shutdown] INFO  [] [] [] [] o.s.b.w.e.tomcat.GracefulShutdown - Graceful shutdown complete
2026-04-29 15:53:46.420 [Thread-5] INFO  [] [] [] [] o.a.coyote.http11.Http11NioProtocol - Stopping ProtocolHandler ["http-nio-8080"]
2026-04-29 15:53:46.431 [Thread-5] INFO  [] [] [] [] o.s.o.j.LocalContainerEntityManagerFactoryBean - Closing JPA EntityManagerFactory for persistence unit 'default'
2026-04-29 15:53:46.447 [Thread-5] DEBUG [] [] [] [] org.hibernate.SQL - 
    drop table if exists tbl_book cascade 
2026-04-29 15:53:46.447 [Thread-5] DEBUG [] [] [] [] org.hibernate.SQL - 
    drop table if exists tbl_loan cascade 
2026-04-29 15:53:46.447 [Thread-5] DEBUG [] [] [] [] org.hibernate.SQL - 
    drop table if exists tbl_member cascade 
2026-04-29 15:53:46.447 [Thread-5] DEBUG [] [] [] [] org.hibernate.SQL - 
    drop table if exists tbl_review cascade 
2026-04-29 15:53:46.479 [Thread-5] WARN  [] [] [] [] o.s.b.f.s.DisposableBeanAdapter - Invocation of destroy method failed on bean with name 'inMemoryDatabaseShutdownExecutor': org.h2.jdbc.JdbcSQLNonTransientConnectionException: Database is already closed (to disable automatic closing at VM shutdown, add ";DB_CLOSE_ON_EXIT=FALSE" to the db URL) [90121-232]
2026-04-29 15:53:46.479 [Thread-5] INFO  [] [] [] [] com.zaxxer.hikari.HikariDataSource - HikariPool-1 - Shutdown initiated...
2026-04-29 15:53:46.479 [Thread-5] INFO  [] [] [] [] com.zaxxer.hikari.HikariDataSource - HikariPool-1 - Shutdown completed.
2026-04-29 15:53:47.148 [restartedMain] INFO  [] [] [] [] c.o.s.Chap01SpringStabilityApplication - Starting Chap01SpringStabilityApplication using Java 17.0.18 with PID 2264 (C:\Lecture\10_Logging-Monitoring\module01-spring-stability\build\classes\java\main started by user in C:\Lecture\10_Logging-Monitoring\module01-spring-stability)
2026-04-29 15:53:47.148 [restartedMain] DEBUG [] [] [] [] c.o.s.Chap01SpringStabilityApplication - Running with Spring Boot v3.4.13, Spring v6.2.15
2026-04-29 15:53:47.148 [restartedMain] INFO  [] [] [] [] c.o.s.Chap01SpringStabilityApplication - The following 1 profile is active: "dev"
2026-04-29 15:53:48.300 [restartedMain] INFO  [] [] [] [] o.s.d.r.c.RepositoryConfigurationDelegate - Bootstrapping Spring Data JPA repositories in DEFAULT mode.
2026-04-29 15:53:48.379 [restartedMain] INFO  [] [] [] [] o.s.d.r.c.RepositoryConfigurationDelegate - Finished Spring Data repository scanning in 82 ms. Found 4 JPA repository interfaces.
2026-04-29 15:53:48.835 [restartedMain] INFO  [] [] [] [] o.s.b.w.e.tomcat.TomcatWebServer - Tomcat initialized with port 8080 (http)
2026-04-29 15:53:48.835 [restartedMain] INFO  [] [] [] [] o.a.coyote.http11.Http11NioProtocol - Initializing ProtocolHandler ["http-nio-8080"]
2026-04-29 15:53:48.835 [restartedMain] INFO  [] [] [] [] o.a.catalina.core.StandardService - Starting service [Tomcat]
2026-04-29 15:53:48.842 [restartedMain] INFO  [] [] [] [] o.a.catalina.core.StandardEngine - Starting Servlet engine: [Apache Tomcat/10.1.50]
2026-04-29 15:53:48.889 [restartedMain] INFO  [] [] [] [] o.a.c.c.C.[Tomcat].[localhost].[/] - Initializing Spring embedded WebApplicationContext
2026-04-29 15:53:48.889 [restartedMain] INFO  [] [] [] [] o.s.b.w.s.c.ServletWebServerApplicationContext - Root WebApplicationContext: initialization completed in 1741 ms
2026-04-29 15:53:48.937 [restartedMain] DEBUG [] [] [] [] c.o.s.s.l.config.LoggingConfig$1 - Filter 'mdcLoggingFilter' configured for use
2026-04-29 15:53:49.089 [restartedMain] INFO  [] [] [] [] o.h.jpa.internal.util.LogHelper - HHH000204: Processing PersistenceUnitInfo [name: default]
2026-04-29 15:53:49.097 [restartedMain] INFO  [] [] [] [] o.h.c.i.RegionFactoryInitiator - HHH000026: Second-level cache disabled
2026-04-29 15:53:49.129 [restartedMain] INFO  [] [] [] [] o.s.o.j.p.SpringPersistenceUnitInfo - No LoadTimeWeaver setup: ignoring JPA class transformer
2026-04-29 15:53:49.133 [restartedMain] INFO  [] [] [] [] com.zaxxer.hikari.HikariDataSource - HikariPool-2 - Starting...
2026-04-29 15:53:49.136 [restartedMain] INFO  [] [] [] [] com.zaxxer.hikari.pool.HikariPool - HikariPool-2 - Added connection conn60: url=jdbc:h2:mem:library user=OHGIRAFFERS
2026-04-29 15:53:49.136 [restartedMain] INFO  [] [] [] [] com.zaxxer.hikari.HikariDataSource - HikariPool-2 - Start completed.
2026-04-29 15:53:49.138 [restartedMain] INFO  [] [] [] [] o.hibernate.orm.connections.pooling - HHH10001005: Database info:
	Database JDBC URL [Connecting through datasource 'HikariDataSource (HikariPool-2)']
	Database driver: undefined/unknown
	Database version: 2.3.232
	Autocommit mode: undefined/unknown
	Isolation level: undefined/unknown
	Minimum pool size: undefined/unknown
	Maximum pool size: undefined/unknown
2026-04-29 15:53:49.412 [restartedMain] INFO  [] [] [] [] o.h.e.t.j.p.i.JtaPlatformInitiator - HHH000489: No JTA platform available (set 'hibernate.transaction.jta.platform' to enable JTA platform integration)
2026-04-29 15:53:49.412 [restartedMain] DEBUG [] [] [] [] org.hibernate.SQL - 
    drop table if exists tbl_book cascade 
2026-04-29 15:53:49.412 [restartedMain] DEBUG [] [] [] [] org.hibernate.SQL - 
    drop table if exists tbl_loan cascade 
2026-04-29 15:53:49.412 [restartedMain] DEBUG [] [] [] [] org.hibernate.SQL - 
    drop table if exists tbl_member cascade 
2026-04-29 15:53:49.412 [restartedMain] DEBUG [] [] [] [] org.hibernate.SQL - 
    drop table if exists tbl_review cascade 
2026-04-29 15:53:49.412 [restartedMain] DEBUG [] [] [] [] org.hibernate.SQL - 
    create table tbl_book (
        available boolean not null,
        publish_date date not null,
        stock_quantity integer not null,
        book_id bigint generated by default as identity,
        isbn varchar(13) not null unique,
        author varchar(100) not null,
        publisher varchar(100) not null,
        title varchar(200) not null,
        primary key (book_id)
    )
2026-04-29 15:53:49.412 [restartedMain] DEBUG [] [] [] [] org.hibernate.SQL - 
    create table tbl_loan (
        fine_amount integer,
        overdue_days integer,
        book_id bigint not null,
        due_date timestamp(6) not null,
        loan_date timestamp(6) not null,
        loan_id bigint generated by default as identity,
        member_id bigint not null,
        return_date timestamp(6),
        status enum ('ACTIVE','OVERDUE','RETURNED') not null,
        primary key (loan_id)
    )
2026-04-29 15:53:49.422 [restartedMain] DEBUG [] [] [] [] org.hibernate.SQL - 
    create table tbl_member (
        active boolean not null,
        join_date timestamp(6) not null,
        member_id bigint generated by default as identity,
        phone varchar(20),
        member_name varchar(50) not null,
        email varchar(100) not null unique,
        primary key (member_id)
    )
2026-04-29 15:53:49.422 [restartedMain] DEBUG [] [] [] [] org.hibernate.SQL - 
    create table tbl_review (
        helpful_count integer not null check (helpful_count>=0),
        rating float(53) not null,
        verified_purchase boolean not null,
        book_id bigint not null,
        created_at timestamp(6) not null,
        member_id bigint not null,
        review_id bigint generated by default as identity,
        updated_at timestamp(6),
        title varchar(100) not null,
        content varchar(2000) not null,
        status enum ('ACTIVE','DELETED','HIDDEN') not null,
        primary key (review_id),
        unique (member_id, book_id)
    )
2026-04-29 15:53:49.427 [restartedMain] DEBUG [] [] [] [] org.hibernate.SQL - 
    alter table if exists tbl_loan 
       add constraint FK963g40utp85k5mww691e4ma6g 
       foreign key (book_id) 
       references tbl_book
2026-04-29 15:53:49.427 [restartedMain] DEBUG [] [] [] [] org.hibernate.SQL - 
    alter table if exists tbl_loan 
       add constraint FKqtnm703pqo6mnin10corsjsc 
       foreign key (member_id) 
       references tbl_member
2026-04-29 15:53:49.427 [restartedMain] DEBUG [] [] [] [] org.hibernate.SQL - 
    alter table if exists tbl_review 
       add constraint FK6ykodvsh8wis5tfouaxwi9qbc 
       foreign key (book_id) 
       references tbl_book
2026-04-29 15:53:49.436 [restartedMain] DEBUG [] [] [] [] org.hibernate.SQL - 
    alter table if exists tbl_review 
       add constraint FKcgs2lvcrlf9x3jtif9sskpx0 
       foreign key (member_id) 
       references tbl_member
2026-04-29 15:53:49.442 [restartedMain] INFO  [] [] [] [] o.s.o.j.LocalContainerEntityManagerFactoryBean - Initialized JPA EntityManagerFactory for persistence unit 'default'
2026-04-29 15:53:50.238 [restartedMain] WARN  [] [] [] [] o.s.b.a.o.j.JpaBaseConfiguration$JpaWebConfiguration - spring.jpa.open-in-view is enabled by default. Therefore, database queries may be performed during view rendering. Explicitly configure spring.jpa.open-in-view to disable this warning
2026-04-29 15:53:50.368 [restartedMain] DEBUG [] [] [] [] o.s.w.s.m.m.a.RequestMappingHandlerMapping - 29 mappings in 'requestMappingHandlerMapping'
2026-04-29 15:53:50.580 [restartedMain] DEBUG [] [] [] [] o.s.w.s.h.SimpleUrlHandlerMapping - Patterns [/webjars/**, /**] in 'resourceHandlerMapping'
2026-04-29 15:53:50.635 [restartedMain] DEBUG [] [] [] [] o.s.w.s.m.m.a.RequestMappingHandlerAdapter - ControllerAdvice beans: 0 @ModelAttribute, 0 @InitBinder, 1 RequestBodyAdvice, 1 ResponseBodyAdvice
2026-04-29 15:53:50.678 [restartedMain] DEBUG [] [] [] [] o.s.w.s.m.m.a.ExceptionHandlerExceptionResolver - ControllerAdvice beans: 2 @ExceptionHandler, 1 ResponseBodyAdvice
2026-04-29 15:53:50.794 [restartedMain] INFO  [] [] [] [] o.s.b.a.h.H2ConsoleAutoConfiguration - H2 console available at '/h2-console'. Database available at 'jdbc:h2:mem:library'
2026-04-29 15:53:50.969 [restartedMain] INFO  [] [] [] [] o.s.b.d.a.OptionalLiveReloadServer - LiveReload server is running on port 35729
2026-04-29 15:53:51.007 [restartedMain] INFO  [] [] [] [] o.a.coyote.http11.Http11NioProtocol - Starting ProtocolHandler ["http-nio-8080"]
2026-04-29 15:53:51.019 [restartedMain] INFO  [] [] [] [] o.s.b.w.e.tomcat.TomcatWebServer - Tomcat started on port 8080 (http) with context path '/'
2026-04-29 15:53:51.029 [restartedMain] INFO  [] [] [] [] c.o.s.Chap01SpringStabilityApplication - Started Chap01SpringStabilityApplication in 4.088 seconds (process running for 12796.907)
2026-04-29 15:53:51.033 [restartedMain] INFO  [] [] [] [] o.s.b.d.a.ConditionEvaluationDeltaLoggingListener - Condition evaluation unchanged
2026-04-29 16:28:45.456 [HikariPool-2 housekeeper] WARN  [] [] [] [] com.zaxxer.hikari.pool.HikariPool - HikariPool-2 - Thread starvation or clock leap detected (housekeeper delta=2m25s722ms982µs700ns).
2026-04-29 16:40:21.313 [HikariPool-2 housekeeper] WARN  [] [] [] [] com.zaxxer.hikari.pool.HikariPool - HikariPool-2 - Thread starvation or clock leap detected (housekeeper delta=1m5s736ms621µs400ns).
2026-04-29 17:30:16.869 [HikariPool-2 housekeeper] WARN  [] [] [] [] com.zaxxer.hikari.pool.HikariPool - HikariPool-2 - Thread starvation or clock leap detected (housekeeper delta=9m24s904ms205µs300ns).
2026-04-29 18:12:09.203 [SpringApplicationShutdownHook] INFO  [] [] [] [] o.s.b.w.e.tomcat.GracefulShutdown - Commencing graceful shutdown. Waiting for active requests to complete
2026-04-29 18:12:09.405 [tomcat-shutdown] INFO  [] [] [] [] o.s.b.w.e.tomcat.GracefulShutdown - Graceful shutdown complete
2026-04-29 18:12:09.414 [SpringApplicationShutdownHook] INFO  [] [] [] [] o.s.o.j.LocalContainerEntityManagerFactoryBean - Closing JPA EntityManagerFactory for persistence unit 'default'
2026-04-29 18:12:09.418 [SpringApplicationShutdownHook] DEBUG [] [] [] [] org.hibernate.SQL - 
    drop table if exists tbl_book cascade 
2026-04-29 18:12:09.420 [SpringApplicationShutdownHook] DEBUG [] [] [] [] org.hibernate.SQL - 
    drop table if exists tbl_loan cascade 
2026-04-29 18:12:09.420 [SpringApplicationShutdownHook] DEBUG [] [] [] [] org.hibernate.SQL - 
    drop table if exists tbl_member cascade 
2026-04-29 18:12:09.420 [SpringApplicationShutdownHook] DEBUG [] [] [] [] org.hibernate.SQL - 
    drop table if exists tbl_review cascade 
2026-04-29 18:12:09.425 [SpringApplicationShutdownHook] WARN  [] [] [] [] o.s.b.f.s.DisposableBeanAdapter - Invocation of destroy method failed on bean with name 'inMemoryDatabaseShutdownExecutor': org.h2.jdbc.JdbcSQLNonTransientConnectionException: Database is already closed (to disable automatic closing at VM shutdown, add ";DB_CLOSE_ON_EXIT=FALSE" to the db URL) [90121-232]
2026-04-29 18:12:09.425 [SpringApplicationShutdownHook] INFO  [] [] [] [] com.zaxxer.hikari.HikariDataSource - HikariPool-2 - Shutdown initiated...
2026-04-29 18:12:09.426 [SpringApplicationShutdownHook] INFO  [] [] [] [] com.zaxxer.hikari.HikariDataSource - HikariPool-2 - Shutdown completed.
