2026-06-09 09:48:54 [INFO][module01-actuator] [background-preinit] traceId= o.h.validator.internal.util.Version - HV000001: Hibernate Validator 8.0.2.Final
2026-06-09 09:48:54 [INFO][module01-actuator] [main] traceId= c.w.a.PopularShopStarterApplication - Starting PopularShopStarterApplication using Java 17.0.18 with PID 4616 (C:\Lecture\14_Monitoring-master\module01-actuator\build\classes\java\main started by user in C:\Lecture\14_Monitoring-master\module01-actuator)
2026-06-09 09:48:54 [INFO][module01-actuator] [main] traceId= c.w.a.PopularShopStarterApplication - No active profile set, falling back to 1 default profile: "default"
2026-06-09 09:48:55 [INFO][module01-actuator] [main] traceId= o.s.d.r.c.RepositoryConfigurationDelegate - Bootstrapping Spring Data JPA repositories in DEFAULT mode.
2026-06-09 09:48:55 [INFO][module01-actuator] [main] traceId= o.s.d.r.c.RepositoryConfigurationDelegate - Finished Spring Data repository scanning in 38 ms. Found 2 JPA repository interfaces.
2026-06-09 09:48:55 [INFO][module01-actuator] [main] traceId= o.s.b.w.e.tomcat.TomcatWebServer - Tomcat initialized with port 8080 (http)
2026-06-09 09:48:55 [INFO][module01-actuator] [main] traceId= o.a.coyote.http11.Http11NioProtocol - Initializing ProtocolHandler ["http-nio-8080"]
2026-06-09 09:48:55 [INFO][module01-actuator] [main] traceId= o.a.catalina.core.StandardService - Starting service [Tomcat]
2026-06-09 09:48:55 [INFO][module01-actuator] [main] traceId= o.a.catalina.core.StandardEngine - Starting Servlet engine: [Apache Tomcat/10.1.41]
2026-06-09 09:48:56 [INFO][module01-actuator] [main] traceId= o.a.c.c.C.[Tomcat].[localhost].[/] - Initializing Spring embedded WebApplicationContext
2026-06-09 09:48:56 [INFO][module01-actuator] [main] traceId= o.s.b.w.s.c.ServletWebServerApplicationContext - Root WebApplicationContext: initialization completed in 1405 ms
2026-06-09 09:48:56 [INFO][module01-actuator] [main] traceId= com.zaxxer.hikari.HikariDataSource - HikariPool-1 - Starting...
2026-06-09 09:48:56 [INFO][module01-actuator] [main] traceId= com.zaxxer.hikari.pool.HikariPool - HikariPool-1 - Added connection com.mysql.cj.jdbc.ConnectionImpl@344f9467
2026-06-09 09:48:56 [INFO][module01-actuator] [main] traceId= com.zaxxer.hikari.HikariDataSource - HikariPool-1 - Start completed.
2026-06-09 09:48:56 [INFO][module01-actuator] [main] traceId= o.h.jpa.internal.util.LogHelper - HHH000204: Processing PersistenceUnitInfo [name: default]
2026-06-09 09:48:56 [INFO][module01-actuator] [main] traceId= org.hibernate.Version - HHH000412: Hibernate ORM core version 6.6.15.Final
2026-06-09 09:48:56 [INFO][module01-actuator] [main] traceId= o.h.c.i.RegionFactoryInitiator - HHH000026: Second-level cache disabled
2026-06-09 09:48:56 [INFO][module01-actuator] [main] traceId= o.s.o.j.p.SpringPersistenceUnitInfo - No LoadTimeWeaver setup: ignoring JPA class transformer
2026-06-09 09:48:57 [INFO][module01-actuator] [main] traceId= o.hibernate.orm.connections.pooling - HHH10001005: Database info:
	Database JDBC URL [Connecting through datasource 'HikariDataSource (HikariPool-1)']
	Database driver: undefined/unknown
	Database version: 8.4.8
	Autocommit mode: undefined/unknown
	Isolation level: undefined/unknown
	Minimum pool size: undefined/unknown
	Maximum pool size: undefined/unknown
2026-06-09 09:48:57 [INFO][module01-actuator] [main] traceId= o.h.e.t.j.p.i.JtaPlatformInitiator - HHH000489: No JTA platform available (set 'hibernate.transaction.jta.platform' to enable JTA platform integration)
2026-06-09 09:48:57 [INFO][module01-actuator] [main] traceId= o.s.o.j.LocalContainerEntityManagerFactoryBean - Initialized JPA EntityManagerFactory for persistence unit 'default'
2026-06-09 09:48:57 [INFO][module01-actuator] [main] traceId= o.s.d.j.r.query.QueryEnhancerFactory - Hibernate is in classpath; If applicable, HQL parser will be used.
2026-06-09 09:48:58 [INFO][module01-actuator] [main] traceId= o.s.b.a.e.web.EndpointLinksResolver - Exposing 5 endpoints beneath base path '/actuator'
2026-06-09 09:48:58 [INFO][module01-actuator] [main] traceId= o.a.coyote.http11.Http11NioProtocol - Starting ProtocolHandler ["http-nio-8080"]
2026-06-09 09:48:58 [INFO][module01-actuator] [main] traceId= o.s.b.w.e.tomcat.TomcatWebServer - Tomcat started on port 8080 (http) with context path '/'
2026-06-09 09:48:58 [INFO][module01-actuator] [main] traceId= c.w.a.PopularShopStarterApplication - Started PopularShopStarterApplication in 4.722 seconds (process running for 5.151)
2026-06-09 09:48:59 [INFO][module01-actuator] [RMI TCP Connection(1)-192.168.0.29] traceId= o.a.c.c.C.[Tomcat].[localhost].[/] - Initializing Spring DispatcherServlet 'dispatcherServlet'
2026-06-09 09:48:59 [INFO][module01-actuator] [RMI TCP Connection(1)-192.168.0.29] traceId= o.s.web.servlet.DispatcherServlet - Initializing Servlet 'dispatcherServlet'
2026-06-09 09:48:59 [INFO][module01-actuator] [RMI TCP Connection(1)-192.168.0.29] traceId= o.s.web.servlet.DispatcherServlet - Completed initialization in 1 ms
2026-06-09 10:23:50 [INFO][module01-actuator] [SpringApplicationShutdownHook] traceId= o.s.b.w.e.tomcat.GracefulShutdown - Commencing graceful shutdown. Waiting for active requests to complete
2026-06-09 10:23:50 [INFO][module01-actuator] [tomcat-shutdown] traceId= o.s.b.w.e.tomcat.GracefulShutdown - Graceful shutdown complete
2026-06-09 10:23:50 [INFO][module01-actuator] [SpringApplicationShutdownHook] traceId= o.s.o.j.LocalContainerEntityManagerFactoryBean - Closing JPA EntityManagerFactory for persistence unit 'default'
2026-06-09 10:23:50 [INFO][module01-actuator] [SpringApplicationShutdownHook] traceId= com.zaxxer.hikari.HikariDataSource - HikariPool-1 - Shutdown initiated...
2026-06-09 10:23:50 [INFO][module01-actuator] [SpringApplicationShutdownHook] traceId= com.zaxxer.hikari.HikariDataSource - HikariPool-1 - Shutdown completed.
2026-06-09 11:21:51 [INFO][module01-actuator] [background-preinit] traceId= o.h.validator.internal.util.Version - HV000001: Hibernate Validator 8.0.2.Final
2026-06-09 11:21:51 [INFO][module01-actuator] [main] traceId= c.w.a.PopularShopStarterApplication - Starting PopularShopStarterApplication using Java 17.0.18 with PID 29204 (C:\Lecture\14_Monitoring-master\module01-actuator\build\classes\java\main started by user in C:\Lecture\14_Monitoring-master\module01-actuator)
2026-06-09 11:21:51 [INFO][module01-actuator] [main] traceId= c.w.a.PopularShopStarterApplication - No active profile set, falling back to 1 default profile: "default"
2026-06-09 11:21:52 [INFO][module01-actuator] [main] traceId= o.s.d.r.c.RepositoryConfigurationDelegate - Bootstrapping Spring Data JPA repositories in DEFAULT mode.
2026-06-09 11:21:52 [INFO][module01-actuator] [main] traceId= o.s.d.r.c.RepositoryConfigurationDelegate - Finished Spring Data repository scanning in 35 ms. Found 2 JPA repository interfaces.
2026-06-09 11:21:52 [INFO][module01-actuator] [main] traceId= o.s.b.w.e.tomcat.TomcatWebServer - Tomcat initialized with port 8080 (http)
2026-06-09 11:21:52 [INFO][module01-actuator] [main] traceId= o.a.coyote.http11.Http11NioProtocol - Initializing ProtocolHandler ["http-nio-8080"]
2026-06-09 11:21:52 [INFO][module01-actuator] [main] traceId= o.a.catalina.core.StandardService - Starting service [Tomcat]
2026-06-09 11:21:52 [INFO][module01-actuator] [main] traceId= o.a.catalina.core.StandardEngine - Starting Servlet engine: [Apache Tomcat/10.1.41]
2026-06-09 11:21:52 [INFO][module01-actuator] [main] traceId= o.a.c.c.C.[Tomcat].[localhost].[/] - Initializing Spring embedded WebApplicationContext
2026-06-09 11:21:52 [INFO][module01-actuator] [main] traceId= o.s.b.w.s.c.ServletWebServerApplicationContext - Root WebApplicationContext: initialization completed in 1116 ms
2026-06-09 11:21:53 [INFO][module01-actuator] [main] traceId= com.zaxxer.hikari.HikariDataSource - HikariPool-1 - Starting...
2026-06-09 11:21:53 [INFO][module01-actuator] [main] traceId= com.zaxxer.hikari.pool.HikariPool - HikariPool-1 - Added connection com.mysql.cj.jdbc.ConnectionImpl@2b5f8e61
2026-06-09 11:21:53 [INFO][module01-actuator] [main] traceId= com.zaxxer.hikari.HikariDataSource - HikariPool-1 - Start completed.
2026-06-09 11:21:53 [INFO][module01-actuator] [main] traceId= o.h.jpa.internal.util.LogHelper - HHH000204: Processing PersistenceUnitInfo [name: default]
2026-06-09 11:21:53 [INFO][module01-actuator] [main] traceId= org.hibernate.Version - HHH000412: Hibernate ORM core version 6.6.15.Final
2026-06-09 11:21:53 [INFO][module01-actuator] [main] traceId= o.h.c.i.RegionFactoryInitiator - HHH000026: Second-level cache disabled
2026-06-09 11:21:53 [INFO][module01-actuator] [main] traceId= o.s.o.j.p.SpringPersistenceUnitInfo - No LoadTimeWeaver setup: ignoring JPA class transformer
2026-06-09 11:21:53 [INFO][module01-actuator] [main] traceId= o.hibernate.orm.connections.pooling - HHH10001005: Database info:
	Database JDBC URL [Connecting through datasource 'HikariDataSource (HikariPool-1)']
	Database driver: undefined/unknown
	Database version: 8.4.8
	Autocommit mode: undefined/unknown
	Isolation level: undefined/unknown
	Minimum pool size: undefined/unknown
	Maximum pool size: undefined/unknown
2026-06-09 11:21:54 [INFO][module01-actuator] [main] traceId= o.h.e.t.j.p.i.JtaPlatformInitiator - HHH000489: No JTA platform available (set 'hibernate.transaction.jta.platform' to enable JTA platform integration)
2026-06-09 11:21:54 [INFO][module01-actuator] [main] traceId= o.s.o.j.LocalContainerEntityManagerFactoryBean - Initialized JPA EntityManagerFactory for persistence unit 'default'
2026-06-09 11:21:54 [INFO][module01-actuator] [main] traceId= o.s.d.j.r.query.QueryEnhancerFactory - Hibernate is in classpath; If applicable, HQL parser will be used.
2026-06-09 11:21:55 [INFO][module01-actuator] [main] traceId= o.s.b.a.e.web.EndpointLinksResolver - Exposing 5 endpoints beneath base path '/actuator'
2026-06-09 11:21:55 [INFO][module01-actuator] [main] traceId= o.a.coyote.http11.Http11NioProtocol - Starting ProtocolHandler ["http-nio-8080"]
2026-06-09 11:21:55 [INFO][module01-actuator] [main] traceId= o.s.b.w.e.tomcat.TomcatWebServer - Tomcat started on port 8080 (http) with context path '/'
2026-06-09 11:21:55 [INFO][module01-actuator] [main] traceId= c.w.a.PopularShopStarterApplication - Started PopularShopStarterApplication in 4.325 seconds (process running for 4.815)
2026-06-09 11:21:55 [INFO][module01-actuator] [RMI TCP Connection(2)-192.168.0.29] traceId= o.a.c.c.C.[Tomcat].[localhost].[/] - Initializing Spring DispatcherServlet 'dispatcherServlet'
2026-06-09 11:21:55 [INFO][module01-actuator] [RMI TCP Connection(2)-192.168.0.29] traceId= o.s.web.servlet.DispatcherServlet - Initializing Servlet 'dispatcherServlet'
2026-06-09 11:21:55 [INFO][module01-actuator] [RMI TCP Connection(2)-192.168.0.29] traceId= o.s.web.servlet.DispatcherServlet - Completed initialization in 1 ms
2026-06-09 11:29:47 [WARN][module01-actuator] [HikariPool-1:housekeeper] traceId= com.zaxxer.hikari.pool.HikariPool - HikariPool-1 - Thread starvation or clock leap detected (housekeeper delta=2m24s287ms951µs800ns).
2026-06-09 11:55:04 [INFO][module01-actuator] [http-nio-8080-exec-1] traceId=0c194fae-fc77-4d71-ab23-fed5e6120dc4 c.w.a.g.log.RequestLoggingFilter - event=request_started method=GET uri=/actuator
2026-06-09 11:55:04 [INFO][module01-actuator] [http-nio-8080-exec-1] traceId=0c194fae-fc77-4d71-ab23-fed5e6120dc4 c.w.a.g.log.RequestLoggingFilter - event=request_completed method=GET uri=/actuator status=200 durationMs=45
2026-06-09 11:55:04 [INFO][module01-actuator] [http-nio-8080-exec-2] traceId=621aa296-387a-40cc-9998-0c960adbe2d7 c.w.a.g.log.RequestLoggingFilter - event=request_started method=GET uri=/actuator/health
2026-06-09 11:55:04 [INFO][module01-actuator] [http-nio-8080-exec-2] traceId=621aa296-387a-40cc-9998-0c960adbe2d7 c.w.a.g.log.RequestLoggingFilter - event=request_completed method=GET uri=/actuator/health status=200 durationMs=17
2026-06-09 11:55:04 [INFO][module01-actuator] [http-nio-8080-exec-3] traceId=cfaebf63-0298-4f64-91d5-6d04fcfb03a7 c.w.a.g.log.RequestLoggingFilter - event=request_started method=GET uri=/actuator/info
2026-06-09 11:55:04 [INFO][module01-actuator] [http-nio-8080-exec-3] traceId=cfaebf63-0298-4f64-91d5-6d04fcfb03a7 c.w.a.g.log.RequestLoggingFilter - event=request_completed method=GET uri=/actuator/info status=200 durationMs=2
2026-06-09 11:55:04 [INFO][module01-actuator] [http-nio-8080-exec-4] traceId=47c5448e-d870-4af2-ad43-f0dfa5345de2 c.w.a.g.log.RequestLoggingFilter - event=request_started method=GET uri=/actuator/metrics
2026-06-09 11:55:04 [INFO][module01-actuator] [http-nio-8080-exec-4] traceId=47c5448e-d870-4af2-ad43-f0dfa5345de2 c.w.a.g.log.RequestLoggingFilter - event=request_completed method=GET uri=/actuator/metrics status=200 durationMs=2
2026-06-09 11:55:04 [INFO][module01-actuator] [http-nio-8080-exec-5] traceId=2e5dca05-3f12-402f-aead-748264d80ca2 c.w.a.g.log.RequestLoggingFilter - event=request_started method=GET uri=/actuator/metrics/shop.orders.created
2026-06-09 11:55:04 [INFO][module01-actuator] [http-nio-8080-exec-5] traceId=2e5dca05-3f12-402f-aead-748264d80ca2 c.w.a.g.log.RequestLoggingFilter - event=request_completed method=GET uri=/actuator/metrics/shop.orders.created status=200 durationMs=18
2026-06-09 11:55:04 [INFO][module01-actuator] [http-nio-8080-exec-6] traceId=5bb0948e-ca1d-41b6-b7de-2bdcc19999b2 c.w.a.g.log.RequestLoggingFilter - event=request_started method=GET uri=/actuator/metrics/shop.orders.creation.duration
2026-06-09 11:55:04 [INFO][module01-actuator] [http-nio-8080-exec-6] traceId=5bb0948e-ca1d-41b6-b7de-2bdcc19999b2 c.w.a.g.log.RequestLoggingFilter - event=request_completed method=GET uri=/actuator/metrics/shop.orders.creation.duration status=200 durationMs=3
2026-06-09 11:55:04 [INFO][module01-actuator] [http-nio-8080-exec-7] traceId=844b74fc-1d7b-48c5-ba3f-5373adebdcc0 c.w.a.g.log.RequestLoggingFilter - event=request_started method=GET uri=/actuator/metrics/shop.payment.duration
2026-06-09 11:55:04 [INFO][module01-actuator] [http-nio-8080-exec-7] traceId=844b74fc-1d7b-48c5-ba3f-5373adebdcc0 c.w.a.g.log.RequestLoggingFilter - event=request_completed method=GET uri=/actuator/metrics/shop.payment.duration status=200 durationMs=1
2026-06-09 11:55:04 [INFO][module01-actuator] [http-nio-8080-exec-8] traceId=75524fae-f512-40e8-bd5d-f0f668061b9a c.w.a.g.log.RequestLoggingFilter - event=request_started method=POST uri=/orders
2026-06-09 11:55:04 [INFO][module01-actuator] [http-nio-8080-exec-8] traceId=75524fae-f512-40e8-bd5d-f0f668061b9a c.wanted.actuator.order.OrderService - event=order_create_started itemTypes=2
2026-06-09 11:55:05 [INFO][module01-actuator] [http-nio-8080-exec-8] traceId=75524fae-f512-40e8-bd5d-f0f668061b9a c.wanted.actuator.order.OrderService - event=order_create_succeeded orderId=7 itemTypes=2 amount=6350000 durationMs=607
2026-06-09 11:55:05 [INFO][module01-actuator] [http-nio-8080-exec-8] traceId=75524fae-f512-40e8-bd5d-f0f668061b9a c.w.a.g.log.RequestLoggingFilter - event=request_completed method=POST uri=/orders status=201 durationMs=708
2026-06-09 11:55:05 [INFO][module01-actuator] [http-nio-8080-exec-9] traceId=a553e9d6-9007-4628-bb72-cc6f4e3beee6 c.w.a.g.log.RequestLoggingFilter - event=request_started method=GET uri=/actuator/metrics/shop.orders.created
2026-06-09 11:55:05 [INFO][module01-actuator] [http-nio-8080-exec-9] traceId=a553e9d6-9007-4628-bb72-cc6f4e3beee6 c.w.a.g.log.RequestLoggingFilter - event=request_completed method=GET uri=/actuator/metrics/shop.orders.created status=200 durationMs=1
2026-06-09 11:55:05 [INFO][module01-actuator] [http-nio-8080-exec-10] traceId=5507f527-c5d1-4689-9a77-08903ba07e58 c.w.a.g.log.RequestLoggingFilter - event=request_started method=GET uri=/actuator/metrics/shop.orders.item.count
2026-06-09 11:55:05 [INFO][module01-actuator] [http-nio-8080-exec-10] traceId=5507f527-c5d1-4689-9a77-08903ba07e58 c.w.a.g.log.RequestLoggingFilter - event=request_completed method=GET uri=/actuator/metrics/shop.orders.item.count status=200 durationMs=2
2026-06-09 11:55:05 [INFO][module01-actuator] [http-nio-8080-exec-1] traceId=99f2efff-d67d-4116-9b26-2c6c15c93147 c.w.a.g.log.RequestLoggingFilter - event=request_started method=GET uri=/actuator/metrics/shop.orders.amount
2026-06-09 11:55:05 [INFO][module01-actuator] [http-nio-8080-exec-1] traceId=99f2efff-d67d-4116-9b26-2c6c15c93147 c.w.a.g.log.RequestLoggingFilter - event=request_completed method=GET uri=/actuator/metrics/shop.orders.amount status=200 durationMs=2
2026-06-09 11:55:05 [INFO][module01-actuator] [http-nio-8080-exec-2] traceId=c75635fe-f4fa-4611-abbc-8851abc0722c c.w.a.g.log.RequestLoggingFilter - event=request_started method=GET uri=/actuator/metrics/shop.orders.creation.duration
2026-06-09 11:55:05 [INFO][module01-actuator] [http-nio-8080-exec-2] traceId=c75635fe-f4fa-4611-abbc-8851abc0722c c.w.a.g.log.RequestLoggingFilter - event=request_completed method=GET uri=/actuator/metrics/shop.orders.creation.duration status=200 durationMs=2
2026-06-09 11:55:05 [INFO][module01-actuator] [http-nio-8080-exec-3] traceId=19a06a73-40c5-4640-a4ae-77ceba6d5bf2 c.w.a.g.log.RequestLoggingFilter - event=request_started method=GET uri=/actuator/metrics/shop.payment.duration
2026-06-09 11:55:05 [INFO][module01-actuator] [http-nio-8080-exec-3] traceId=19a06a73-40c5-4640-a4ae-77ceba6d5bf2 c.w.a.g.log.RequestLoggingFilter - event=request_completed method=GET uri=/actuator/metrics/shop.payment.duration status=200 durationMs=2
2026-06-09 11:55:05 [INFO][module01-actuator] [http-nio-8080-exec-4] traceId=e62e98a0-d21d-4f56-ac06-86db519e5c03 c.w.a.g.log.RequestLoggingFilter - event=request_started method=GET uri=/actuator/metrics/shop.products.popular.requests
2026-06-09 11:55:05 [INFO][module01-actuator] [http-nio-8080-exec-4] traceId=e62e98a0-d21d-4f56-ac06-86db519e5c03 c.w.a.g.log.RequestLoggingFilter - event=request_completed method=GET uri=/actuator/metrics/shop.products.popular.requests status=200 durationMs=2
2026-06-09 11:55:05 [INFO][module01-actuator] [http-nio-8080-exec-5] traceId=7230e45d-b8ed-4fbc-a87f-328528f0ae2c c.w.a.g.log.RequestLoggingFilter - event=request_started method=GET uri=/actuator/metrics/shop.products.popular.query.duration
2026-06-09 11:55:05 [INFO][module01-actuator] [http-nio-8080-exec-5] traceId=7230e45d-b8ed-4fbc-a87f-328528f0ae2c c.w.a.g.log.RequestLoggingFilter - event=request_completed method=GET uri=/actuator/metrics/shop.products.popular.query.duration status=200 durationMs=1
2026-06-09 11:55:05 [INFO][module01-actuator] [http-nio-8080-exec-6] traceId=25cd20da-6055-42d6-9679-e2eb9e8abc9e c.w.a.g.log.RequestLoggingFilter - event=request_started method=GET uri=/products/popular
2026-06-09 11:55:05 [INFO][module01-actuator] [http-nio-8080-exec-6] traceId=25cd20da-6055-42d6-9679-e2eb9e8abc9e c.w.actuator.product.ProductService - event=popular_products_queried resultCount=5 durationMs=53
2026-06-09 11:55:05 [INFO][module01-actuator] [http-nio-8080-exec-6] traceId=25cd20da-6055-42d6-9679-e2eb9e8abc9e c.w.a.g.log.RequestLoggingFilter - event=request_completed method=GET uri=/products/popular status=200 durationMs=59
2026-06-09 11:55:05 [INFO][module01-actuator] [http-nio-8080-exec-7] traceId=9953ea3a-eb98-4277-8765-08914678178e c.w.a.g.log.RequestLoggingFilter - event=request_started method=GET uri=/actuator/metrics/shop.products.popular.requests
2026-06-09 11:55:05 [INFO][module01-actuator] [http-nio-8080-exec-7] traceId=9953ea3a-eb98-4277-8765-08914678178e c.w.a.g.log.RequestLoggingFilter - event=request_completed method=GET uri=/actuator/metrics/shop.products.popular.requests status=200 durationMs=2
2026-06-09 11:55:05 [INFO][module01-actuator] [http-nio-8080-exec-8] traceId=cc3a23f3-19a4-4827-9c50-2f7a2c89d5da c.w.a.g.log.RequestLoggingFilter - event=request_started method=GET uri=/actuator/metrics/shop.products.popular.query.duration
2026-06-09 11:55:05 [INFO][module01-actuator] [http-nio-8080-exec-8] traceId=cc3a23f3-19a4-4827-9c50-2f7a2c89d5da c.w.a.g.log.RequestLoggingFilter - event=request_completed method=GET uri=/actuator/metrics/shop.products.popular.query.duration status=200 durationMs=2
2026-06-09 11:55:05 [INFO][module01-actuator] [http-nio-8080-exec-9] traceId=04222411-c8fa-47e4-93a7-2a07f5a11a6f c.w.a.g.log.RequestLoggingFilter - event=request_started method=POST uri=/orders
2026-06-09 11:55:05 [INFO][module01-actuator] [http-nio-8080-exec-9] traceId=04222411-c8fa-47e4-93a7-2a07f5a11a6f c.wanted.actuator.order.OrderService - event=order_create_started itemTypes=1
2026-06-09 11:55:05 [WARN][module01-actuator] [http-nio-8080-exec-9] traceId=04222411-c8fa-47e4-93a7-2a07f5a11a6f c.wanted.actuator.order.OrderService - event=order_create_failed exceptionType=IllegalArgumentException message="상품 재고가 부족합니다." durationMs=3
2026-06-09 11:55:05 [WARN][module01-actuator] [http-nio-8080-exec-9] traceId=04222411-c8fa-47e4-93a7-2a07f5a11a6f c.w.a.g.log.RequestLoggingFilter - event=api_error reason=bad_request exceptionType=IllegalArgumentException message="상품 재고가 부족합니다."
2026-06-09 11:55:05 [INFO][module01-actuator] [http-nio-8080-exec-9] traceId=04222411-c8fa-47e4-93a7-2a07f5a11a6f c.w.a.g.log.RequestLoggingFilter - event=request_completed method=POST uri=/orders status=400 durationMs=10
2026-06-09 11:55:05 [INFO][module01-actuator] [http-nio-8080-exec-10] traceId=90dc59da-8500-43a1-b232-fd2da7289135 c.w.a.g.log.RequestLoggingFilter - event=request_started method=GET uri=/actuator/metrics/shop.orders.failed
2026-06-09 11:55:05 [INFO][module01-actuator] [http-nio-8080-exec-10] traceId=90dc59da-8500-43a1-b232-fd2da7289135 c.w.a.g.log.RequestLoggingFilter - event=request_completed method=GET uri=/actuator/metrics/shop.orders.failed status=200 durationMs=2
2026-06-09 11:55:05 [INFO][module01-actuator] [http-nio-8080-exec-1] traceId=1726a290-d154-4b6e-88cb-3728f81bcc34 c.w.a.g.log.RequestLoggingFilter - event=request_started method=GET uri=/actuator/metrics/shop.orders.failed
2026-06-09 11:55:05 [INFO][module01-actuator] [http-nio-8080-exec-1] traceId=1726a290-d154-4b6e-88cb-3728f81bcc34 c.w.a.g.log.RequestLoggingFilter - event=request_completed method=GET uri=/actuator/metrics/shop.orders.failed status=404 durationMs=2
2026-06-09 11:55:05 [INFO][module01-actuator] [http-nio-8080-exec-2] traceId=833550c0-878c-4e03-b904-f7f122a3f09e c.w.a.g.log.RequestLoggingFilter - event=request_started method=GET uri=/actuator/metrics/shop.api.errors
2026-06-09 11:55:05 [INFO][module01-actuator] [http-nio-8080-exec-2] traceId=833550c0-878c-4e03-b904-f7f122a3f09e c.w.a.g.log.RequestLoggingFilter - event=request_completed method=GET uri=/actuator/metrics/shop.api.errors status=200 durationMs=1
2026-06-09 11:55:05 [INFO][module01-actuator] [http-nio-8080-exec-3] traceId=a5d0d38a-3620-4bf7-b3ee-30802f2e97d5 c.w.a.g.log.RequestLoggingFilter - event=request_started method=GET uri=/actuator/metrics/shop.api.errors
2026-06-09 11:55:05 [INFO][module01-actuator] [http-nio-8080-exec-3] traceId=a5d0d38a-3620-4bf7-b3ee-30802f2e97d5 c.w.a.g.log.RequestLoggingFilter - event=request_completed method=GET uri=/actuator/metrics/shop.api.errors status=200 durationMs=2
2026-06-09 11:55:05 [INFO][module01-actuator] [http-nio-8080-exec-4] traceId=06c1ab42-6fb2-4945-ab9d-659dcd991c34 c.w.a.g.log.RequestLoggingFilter - event=request_started method=POST uri=/orders
2026-06-09 11:55:05 [WARN][module01-actuator] [http-nio-8080-exec-4] traceId=06c1ab42-6fb2-4945-ab9d-659dcd991c34 c.w.a.g.log.RequestLoggingFilter - event=api_error reason=validation field=items[0].quantity exceptionType=MethodArgumentNotValidException message="items[0].quantity: 1 이상이어야 합니다"
2026-06-09 11:55:05 [INFO][module01-actuator] [http-nio-8080-exec-4] traceId=06c1ab42-6fb2-4945-ab9d-659dcd991c34 c.w.a.g.log.RequestLoggingFilter - event=request_completed method=POST uri=/orders status=400 durationMs=18
2026-06-09 11:55:06 [INFO][module01-actuator] [http-nio-8080-exec-5] traceId=7de611a4-e698-4ba0-9606-612b3eb75b3e c.w.a.g.log.RequestLoggingFilter - event=request_started method=GET uri=/actuator/metrics/shop.api.errors
2026-06-09 11:55:06 [INFO][module01-actuator] [http-nio-8080-exec-5] traceId=7de611a4-e698-4ba0-9606-612b3eb75b3e c.w.a.g.log.RequestLoggingFilter - event=request_completed method=GET uri=/actuator/metrics/shop.api.errors status=200 durationMs=2
2026-06-09 11:55:06 [INFO][module01-actuator] [http-nio-8080-exec-6] traceId=5ba2ebf7-95d0-491f-8fe1-e98a059408fa c.w.a.g.log.RequestLoggingFilter - event=request_started method=GET uri=/actuator/shop
2026-06-09 11:55:06 [INFO][module01-actuator] [http-nio-8080-exec-6] traceId=5ba2ebf7-95d0-491f-8fe1-e98a059408fa c.w.a.g.log.RequestLoggingFilter - event=request_completed method=GET uri=/actuator/shop status=200 durationMs=18
2026-06-09 11:55:06 [INFO][module01-actuator] [http-nio-8080-exec-7] traceId=fe092ad3-c52c-4de7-b676-903f25a6512a c.w.a.g.log.RequestLoggingFilter - event=request_started method=GET uri=/actuator/metrics/http.server.requests
2026-06-09 11:55:06 [INFO][module01-actuator] [http-nio-8080-exec-7] traceId=fe092ad3-c52c-4de7-b676-903f25a6512a c.w.a.g.log.RequestLoggingFilter - event=request_completed method=GET uri=/actuator/metrics/http.server.requests status=200 durationMs=2
2026-06-09 11:55:06 [INFO][module01-actuator] [http-nio-8080-exec-8] traceId=cb0ff5b9-8a4c-4dba-8460-4db4bd7202ee c.w.a.g.log.RequestLoggingFilter - event=request_started method=GET uri=/actuator/metrics/http.server.requests
2026-06-09 11:55:06 [INFO][module01-actuator] [http-nio-8080-exec-8] traceId=cb0ff5b9-8a4c-4dba-8460-4db4bd7202ee c.w.a.g.log.RequestLoggingFilter - event=request_completed method=GET uri=/actuator/metrics/http.server.requests status=200 durationMs=3
2026-06-09 11:55:06 [INFO][module01-actuator] [http-nio-8080-exec-9] traceId=18c907ae-9f26-4074-a222-062f436a5985 c.w.a.g.log.RequestLoggingFilter - event=request_started method=GET uri=/actuator/metrics/hikaricp.connections.active
2026-06-09 11:55:06 [INFO][module01-actuator] [http-nio-8080-exec-9] traceId=18c907ae-9f26-4074-a222-062f436a5985 c.w.a.g.log.RequestLoggingFilter - event=request_completed method=GET uri=/actuator/metrics/hikaricp.connections.active status=200 durationMs=2
2026-06-09 11:55:06 [INFO][module01-actuator] [http-nio-8080-exec-10] traceId=36c09855-835f-45aa-8000-7323e076b03c c.w.a.g.log.RequestLoggingFilter - event=request_started method=GET uri=/actuator/metrics/jvm.memory.used
2026-06-09 11:55:06 [INFO][module01-actuator] [http-nio-8080-exec-10] traceId=36c09855-835f-45aa-8000-7323e076b03c c.w.a.g.log.RequestLoggingFilter - event=request_completed method=GET uri=/actuator/metrics/jvm.memory.used status=200 durationMs=2
2026-06-09 11:55:11 [INFO][module01-actuator] [http-nio-8080-exec-1] traceId=cf686ab1-5b7f-4f5e-8a25-7ee76d413412 c.w.a.g.log.RequestLoggingFilter - event=request_started method=GET uri=/actuator
2026-06-09 11:55:11 [INFO][module01-actuator] [http-nio-8080-exec-1] traceId=cf686ab1-5b7f-4f5e-8a25-7ee76d413412 c.w.a.g.log.RequestLoggingFilter - event=request_completed method=GET uri=/actuator status=200 durationMs=1
2026-06-09 11:55:11 [INFO][module01-actuator] [http-nio-8080-exec-2] traceId=043e00f3-e470-4b69-9dd8-352bcd447cff c.w.a.g.log.RequestLoggingFilter - event=request_started method=GET uri=/actuator/health
2026-06-09 11:55:11 [INFO][module01-actuator] [http-nio-8080-exec-2] traceId=043e00f3-e470-4b69-9dd8-352bcd447cff c.w.a.g.log.RequestLoggingFilter - event=request_completed method=GET uri=/actuator/health status=200 durationMs=2
2026-06-09 11:55:11 [INFO][module01-actuator] [http-nio-8080-exec-3] traceId=21290160-620e-4db2-a07d-4a66c7608881 c.w.a.g.log.RequestLoggingFilter - event=request_started method=GET uri=/actuator/info
2026-06-09 11:55:11 [INFO][module01-actuator] [http-nio-8080-exec-3] traceId=21290160-620e-4db2-a07d-4a66c7608881 c.w.a.g.log.RequestLoggingFilter - event=request_completed method=GET uri=/actuator/info status=200 durationMs=1
2026-06-09 11:55:12 [INFO][module01-actuator] [http-nio-8080-exec-4] traceId=2f76e586-cfe7-4447-a86e-432e730c9f1e c.w.a.g.log.RequestLoggingFilter - event=request_started method=GET uri=/actuator/metrics
2026-06-09 11:55:12 [INFO][module01-actuator] [http-nio-8080-exec-4] traceId=2f76e586-cfe7-4447-a86e-432e730c9f1e c.w.a.g.log.RequestLoggingFilter - event=request_completed method=GET uri=/actuator/metrics status=200 durationMs=1
2026-06-09 11:55:12 [INFO][module01-actuator] [http-nio-8080-exec-5] traceId=2afa89da-aada-4b1a-8934-470af9c6dd67 c.w.a.g.log.RequestLoggingFilter - event=request_started method=GET uri=/actuator/metrics/shop.orders.created
2026-06-09 11:55:12 [INFO][module01-actuator] [http-nio-8080-exec-5] traceId=2afa89da-aada-4b1a-8934-470af9c6dd67 c.w.a.g.log.RequestLoggingFilter - event=request_completed method=GET uri=/actuator/metrics/shop.orders.created status=200 durationMs=1
2026-06-09 11:55:12 [INFO][module01-actuator] [http-nio-8080-exec-6] traceId=a1b4f4ca-5c42-4c1d-bb58-9878b09a244e c.w.a.g.log.RequestLoggingFilter - event=request_started method=GET uri=/actuator/metrics/shop.orders.creation.duration
2026-06-09 11:55:12 [INFO][module01-actuator] [http-nio-8080-exec-6] traceId=a1b4f4ca-5c42-4c1d-bb58-9878b09a244e c.w.a.g.log.RequestLoggingFilter - event=request_completed method=GET uri=/actuator/metrics/shop.orders.creation.duration status=200 durationMs=1
2026-06-09 11:55:12 [INFO][module01-actuator] [http-nio-8080-exec-7] traceId=f36631cf-89a2-46f1-9780-d3c3314ee3e0 c.w.a.g.log.RequestLoggingFilter - event=request_started method=GET uri=/actuator/metrics/shop.payment.duration
2026-06-09 11:55:12 [INFO][module01-actuator] [http-nio-8080-exec-7] traceId=f36631cf-89a2-46f1-9780-d3c3314ee3e0 c.w.a.g.log.RequestLoggingFilter - event=request_completed method=GET uri=/actuator/metrics/shop.payment.duration status=200 durationMs=1
2026-06-09 11:55:12 [INFO][module01-actuator] [http-nio-8080-exec-8] traceId=bb720aa4-ba9e-41ea-9bb8-be84bb350110 c.w.a.g.log.RequestLoggingFilter - event=request_started method=POST uri=/orders
2026-06-09 11:55:12 [INFO][module01-actuator] [http-nio-8080-exec-8] traceId=bb720aa4-ba9e-41ea-9bb8-be84bb350110 c.wanted.actuator.order.OrderService - event=order_create_started itemTypes=2
2026-06-09 11:55:12 [INFO][module01-actuator] [http-nio-8080-exec-8] traceId=bb720aa4-ba9e-41ea-9bb8-be84bb350110 c.wanted.actuator.order.OrderService - event=order_create_succeeded orderId=8 itemTypes=2 amount=6350000 durationMs=518
2026-06-09 11:55:12 [INFO][module01-actuator] [http-nio-8080-exec-8] traceId=bb720aa4-ba9e-41ea-9bb8-be84bb350110 c.w.a.g.log.RequestLoggingFilter - event=request_completed method=POST uri=/orders status=201 durationMs=531
2026-06-09 11:55:12 [INFO][module01-actuator] [http-nio-8080-exec-9] traceId=9baca1cb-29aa-4777-86b3-21f988135feb c.w.a.g.log.RequestLoggingFilter - event=request_started method=GET uri=/actuator/metrics/shop.orders.created
2026-06-09 11:55:12 [INFO][module01-actuator] [http-nio-8080-exec-9] traceId=9baca1cb-29aa-4777-86b3-21f988135feb c.w.a.g.log.RequestLoggingFilter - event=request_completed method=GET uri=/actuator/metrics/shop.orders.created status=200 durationMs=1
2026-06-09 11:55:12 [INFO][module01-actuator] [http-nio-8080-exec-10] traceId=c1f6ce01-ae31-4b65-86a3-4fdd1ad4f125 c.w.a.g.log.RequestLoggingFilter - event=request_started method=GET uri=/actuator/metrics/shop.orders.item.count
2026-06-09 11:55:12 [INFO][module01-actuator] [http-nio-8080-exec-10] traceId=c1f6ce01-ae31-4b65-86a3-4fdd1ad4f125 c.w.a.g.log.RequestLoggingFilter - event=request_completed method=GET uri=/actuator/metrics/shop.orders.item.count status=200 durationMs=2
2026-06-09 11:55:12 [INFO][module01-actuator] [http-nio-8080-exec-1] traceId=bf9d2971-2c98-4a83-85cb-472d256ccca3 c.w.a.g.log.RequestLoggingFilter - event=request_started method=GET uri=/actuator/metrics/shop.orders.amount
2026-06-09 11:55:12 [INFO][module01-actuator] [http-nio-8080-exec-1] traceId=bf9d2971-2c98-4a83-85cb-472d256ccca3 c.w.a.g.log.RequestLoggingFilter - event=request_completed method=GET uri=/actuator/metrics/shop.orders.amount status=200 durationMs=1
2026-06-09 11:55:12 [INFO][module01-actuator] [http-nio-8080-exec-2] traceId=6749bf68-8b2a-4e70-8530-4f05c737d395 c.w.a.g.log.RequestLoggingFilter - event=request_started method=GET uri=/actuator/metrics/shop.orders.creation.duration
2026-06-09 11:55:12 [INFO][module01-actuator] [http-nio-8080-exec-2] traceId=6749bf68-8b2a-4e70-8530-4f05c737d395 c.w.a.g.log.RequestLoggingFilter - event=request_completed method=GET uri=/actuator/metrics/shop.orders.creation.duration status=200 durationMs=1
2026-06-09 11:55:12 [INFO][module01-actuator] [http-nio-8080-exec-3] traceId=91f1f2e1-4ac2-4c5c-8a3c-410196eedb50 c.w.a.g.log.RequestLoggingFilter - event=request_started method=GET uri=/actuator/metrics/shop.payment.duration
2026-06-09 11:55:12 [INFO][module01-actuator] [http-nio-8080-exec-3] traceId=91f1f2e1-4ac2-4c5c-8a3c-410196eedb50 c.w.a.g.log.RequestLoggingFilter - event=request_completed method=GET uri=/actuator/metrics/shop.payment.duration status=200 durationMs=2
2026-06-09 11:55:12 [INFO][module01-actuator] [http-nio-8080-exec-4] traceId=187caf45-7c1d-48aa-a0a3-fb0650c25153 c.w.a.g.log.RequestLoggingFilter - event=request_started method=GET uri=/actuator/metrics/shop.products.popular.requests
2026-06-09 11:55:12 [INFO][module01-actuator] [http-nio-8080-exec-4] traceId=187caf45-7c1d-48aa-a0a3-fb0650c25153 c.w.a.g.log.RequestLoggingFilter - event=request_completed method=GET uri=/actuator/metrics/shop.products.popular.requests status=200 durationMs=1
2026-06-09 11:55:12 [INFO][module01-actuator] [http-nio-8080-exec-5] traceId=1144d1cd-018f-47b9-8bbd-d12ad11c9358 c.w.a.g.log.RequestLoggingFilter - event=request_started method=GET uri=/actuator/metrics/shop.products.popular.query.duration
2026-06-09 11:55:12 [INFO][module01-actuator] [http-nio-8080-exec-5] traceId=1144d1cd-018f-47b9-8bbd-d12ad11c9358 c.w.a.g.log.RequestLoggingFilter - event=request_completed method=GET uri=/actuator/metrics/shop.products.popular.query.duration status=200 durationMs=1
2026-06-09 11:55:13 [INFO][module01-actuator] [http-nio-8080-exec-6] traceId=e77a1402-7967-4ba9-8bec-6f723eaac972 c.w.a.g.log.RequestLoggingFilter - event=request_started method=GET uri=/products/popular
2026-06-09 11:55:13 [INFO][module01-actuator] [http-nio-8080-exec-6] traceId=e77a1402-7967-4ba9-8bec-6f723eaac972 c.w.actuator.product.ProductService - event=popular_products_queried resultCount=5 durationMs=4
2026-06-09 11:55:13 [INFO][module01-actuator] [http-nio-8080-exec-6] traceId=e77a1402-7967-4ba9-8bec-6f723eaac972 c.w.a.g.log.RequestLoggingFilter - event=request_completed method=GET uri=/products/popular status=200 durationMs=8
2026-06-09 11:55:13 [INFO][module01-actuator] [http-nio-8080-exec-7] traceId=624cf75f-801f-4398-b687-3c46504f126e c.w.a.g.log.RequestLoggingFilter - event=request_started method=GET uri=/actuator/metrics/shop.products.popular.requests
2026-06-09 11:55:13 [INFO][module01-actuator] [http-nio-8080-exec-7] traceId=624cf75f-801f-4398-b687-3c46504f126e c.w.a.g.log.RequestLoggingFilter - event=request_completed method=GET uri=/actuator/metrics/shop.products.popular.requests status=200 durationMs=2
2026-06-09 11:55:13 [INFO][module01-actuator] [http-nio-8080-exec-8] traceId=861e260b-4c4c-4753-8fad-73d45f67d606 c.w.a.g.log.RequestLoggingFilter - event=request_started method=GET uri=/actuator/metrics/shop.products.popular.query.duration
2026-06-09 11:55:13 [INFO][module01-actuator] [http-nio-8080-exec-8] traceId=861e260b-4c4c-4753-8fad-73d45f67d606 c.w.a.g.log.RequestLoggingFilter - event=request_completed method=GET uri=/actuator/metrics/shop.products.popular.query.duration status=200 durationMs=2
2026-06-09 11:55:13 [INFO][module01-actuator] [http-nio-8080-exec-9] traceId=9ae8129a-e3da-4023-9d80-6da62a19801a c.w.a.g.log.RequestLoggingFilter - event=request_started method=POST uri=/orders
2026-06-09 11:55:13 [INFO][module01-actuator] [http-nio-8080-exec-9] traceId=9ae8129a-e3da-4023-9d80-6da62a19801a c.wanted.actuator.order.OrderService - event=order_create_started itemTypes=1
2026-06-09 11:55:13 [WARN][module01-actuator] [http-nio-8080-exec-9] traceId=9ae8129a-e3da-4023-9d80-6da62a19801a c.wanted.actuator.order.OrderService - event=order_create_failed exceptionType=IllegalArgumentException message="상품 재고가 부족합니다." durationMs=1
2026-06-09 11:55:13 [WARN][module01-actuator] [http-nio-8080-exec-9] traceId=9ae8129a-e3da-4023-9d80-6da62a19801a c.w.a.g.log.RequestLoggingFilter - event=api_error reason=bad_request exceptionType=IllegalArgumentException message="상품 재고가 부족합니다."
2026-06-09 11:55:13 [INFO][module01-actuator] [http-nio-8080-exec-9] traceId=9ae8129a-e3da-4023-9d80-6da62a19801a c.w.a.g.log.RequestLoggingFilter - event=request_completed method=POST uri=/orders status=400 durationMs=5
2026-06-09 11:55:13 [INFO][module01-actuator] [http-nio-8080-exec-10] traceId=14cf90e8-6672-4f06-b8e2-3207d48d83ed c.w.a.g.log.RequestLoggingFilter - event=request_started method=GET uri=/actuator/metrics/shop.orders.failed
2026-06-09 11:55:13 [INFO][module01-actuator] [http-nio-8080-exec-10] traceId=14cf90e8-6672-4f06-b8e2-3207d48d83ed c.w.a.g.log.RequestLoggingFilter - event=request_completed method=GET uri=/actuator/metrics/shop.orders.failed status=200 durationMs=1
2026-06-09 11:55:13 [INFO][module01-actuator] [http-nio-8080-exec-1] traceId=918303e9-fa3b-4181-ab57-97c04c18703d c.w.a.g.log.RequestLoggingFilter - event=request_started method=GET uri=/actuator/metrics/shop.orders.failed
2026-06-09 11:55:13 [INFO][module01-actuator] [http-nio-8080-exec-1] traceId=918303e9-fa3b-4181-ab57-97c04c18703d c.w.a.g.log.RequestLoggingFilter - event=request_completed method=GET uri=/actuator/metrics/shop.orders.failed status=404 durationMs=1
2026-06-09 11:55:13 [INFO][module01-actuator] [http-nio-8080-exec-2] traceId=c8ca7884-1458-48e8-b226-54e99ed9d09f c.w.a.g.log.RequestLoggingFilter - event=request_started method=GET uri=/actuator/metrics/shop.api.errors
2026-06-09 11:55:13 [INFO][module01-actuator] [http-nio-8080-exec-2] traceId=c8ca7884-1458-48e8-b226-54e99ed9d09f c.w.a.g.log.RequestLoggingFilter - event=request_completed method=GET uri=/actuator/metrics/shop.api.errors status=200 durationMs=2
2026-06-09 11:55:13 [INFO][module01-actuator] [http-nio-8080-exec-3] traceId=e36b8b39-9551-40bf-9a0f-a22e7eced4ff c.w.a.g.log.RequestLoggingFilter - event=request_started method=GET uri=/actuator/metrics/shop.api.errors
2026-06-09 11:55:13 [INFO][module01-actuator] [http-nio-8080-exec-3] traceId=e36b8b39-9551-40bf-9a0f-a22e7eced4ff c.w.a.g.log.RequestLoggingFilter - event=request_completed method=GET uri=/actuator/metrics/shop.api.errors status=200 durationMs=1
2026-06-09 11:55:13 [INFO][module01-actuator] [http-nio-8080-exec-4] traceId=ded0c971-744a-41e4-aa52-70dcfbb57235 c.w.a.g.log.RequestLoggingFilter - event=request_started method=POST uri=/orders
2026-06-09 11:55:13 [WARN][module01-actuator] [http-nio-8080-exec-4] traceId=ded0c971-744a-41e4-aa52-70dcfbb57235 c.w.a.g.log.RequestLoggingFilter - event=api_error reason=validation field=items[0].quantity exceptionType=MethodArgumentNotValidException message="items[0].quantity: 1 이상이어야 합니다"
2026-06-09 11:55:13 [INFO][module01-actuator] [http-nio-8080-exec-4] traceId=ded0c971-744a-41e4-aa52-70dcfbb57235 c.w.a.g.log.RequestLoggingFilter - event=request_completed method=POST uri=/orders status=400 durationMs=2
2026-06-09 11:55:13 [INFO][module01-actuator] [http-nio-8080-exec-5] traceId=f0691fc0-0963-49b2-95fe-ec78184a60da c.w.a.g.log.RequestLoggingFilter - event=request_started method=GET uri=/actuator/metrics/shop.api.errors
2026-06-09 11:55:13 [INFO][module01-actuator] [http-nio-8080-exec-5] traceId=f0691fc0-0963-49b2-95fe-ec78184a60da c.w.a.g.log.RequestLoggingFilter - event=request_completed method=GET uri=/actuator/metrics/shop.api.errors status=200 durationMs=2
2026-06-09 11:55:13 [INFO][module01-actuator] [http-nio-8080-exec-6] traceId=5f7d47fb-2015-48f5-828d-c05f8ed4b39b c.w.a.g.log.RequestLoggingFilter - event=request_started method=GET uri=/actuator/shop
2026-06-09 11:55:13 [INFO][module01-actuator] [http-nio-8080-exec-6] traceId=5f7d47fb-2015-48f5-828d-c05f8ed4b39b c.w.a.g.log.RequestLoggingFilter - event=request_completed method=GET uri=/actuator/shop status=200 durationMs=10
2026-06-09 11:55:13 [INFO][module01-actuator] [http-nio-8080-exec-7] traceId=73e31726-aef8-4294-8577-bccae70a73ae c.w.a.g.log.RequestLoggingFilter - event=request_started method=GET uri=/actuator/metrics/http.server.requests
2026-06-09 11:55:13 [INFO][module01-actuator] [http-nio-8080-exec-7] traceId=73e31726-aef8-4294-8577-bccae70a73ae c.w.a.g.log.RequestLoggingFilter - event=request_completed method=GET uri=/actuator/metrics/http.server.requests status=200 durationMs=1
2026-06-09 11:55:13 [INFO][module01-actuator] [http-nio-8080-exec-8] traceId=56eab291-52c2-4bf3-a9bb-7f59f5af6492 c.w.a.g.log.RequestLoggingFilter - event=request_started method=GET uri=/actuator/metrics/http.server.requests
2026-06-09 11:55:13 [INFO][module01-actuator] [http-nio-8080-exec-8] traceId=56eab291-52c2-4bf3-a9bb-7f59f5af6492 c.w.a.g.log.RequestLoggingFilter - event=request_completed method=GET uri=/actuator/metrics/http.server.requests status=200 durationMs=1
2026-06-09 11:55:13 [INFO][module01-actuator] [http-nio-8080-exec-9] traceId=c605f7b6-de21-4e04-b9e0-09dc461ec8fb c.w.a.g.log.RequestLoggingFilter - event=request_started method=GET uri=/actuator/metrics/hikaricp.connections.active
2026-06-09 11:55:13 [INFO][module01-actuator] [http-nio-8080-exec-9] traceId=c605f7b6-de21-4e04-b9e0-09dc461ec8fb c.w.a.g.log.RequestLoggingFilter - event=request_completed method=GET uri=/actuator/metrics/hikaricp.connections.active status=200 durationMs=1
2026-06-09 11:55:13 [INFO][module01-actuator] [http-nio-8080-exec-10] traceId=14b9392a-31aa-48a9-9b78-a7920cac72ee c.w.a.g.log.RequestLoggingFilter - event=request_started method=GET uri=/actuator/metrics/jvm.memory.used
2026-06-09 11:55:13 [INFO][module01-actuator] [http-nio-8080-exec-10] traceId=14b9392a-31aa-48a9-9b78-a7920cac72ee c.w.a.g.log.RequestLoggingFilter - event=request_completed method=GET uri=/actuator/metrics/jvm.memory.used status=200 durationMs=1
2026-06-09 12:00:21 [INFO][module01-actuator] [http-nio-8080-exec-9] traceId=b61c5720-9a91-4fb9-9c57-795fc6b697da c.w.a.g.log.RequestLoggingFilter - event=request_started method=GET uri=/actuator/prometheus
2026-06-09 12:00:21 [INFO][module01-actuator] [http-nio-8080-exec-9] traceId=b61c5720-9a91-4fb9-9c57-795fc6b697da c.w.a.g.log.RequestLoggingFilter - event=request_completed method=GET uri=/actuator/prometheus status=200 durationMs=59
2026-06-09 12:00:26 [INFO][module01-actuator] [http-nio-8080-exec-12] traceId=903352da-f0ac-4536-ac7e-a6ef8323a5ad c.w.a.g.log.RequestLoggingFilter - event=request_started method=GET uri=/actuator/prometheus
2026-06-09 12:00:26 [INFO][module01-actuator] [http-nio-8080-exec-12] traceId=903352da-f0ac-4536-ac7e-a6ef8323a5ad c.w.a.g.log.RequestLoggingFilter - event=request_completed method=GET uri=/actuator/prometheus status=200 durationMs=77
2026-06-09 12:00:31 [INFO][module01-actuator] [http-nio-8080-exec-11] traceId=b3d7437f-5a9c-44b7-820e-53c85cdb6b39 c.w.a.g.log.RequestLoggingFilter - event=request_started method=GET uri=/actuator/prometheus
2026-06-09 12:00:31 [INFO][module01-actuator] [http-nio-8080-exec-11] traceId=b3d7437f-5a9c-44b7-820e-53c85cdb6b39 c.w.a.g.log.RequestLoggingFilter - event=request_completed method=GET uri=/actuator/prometheus status=200 durationMs=82
2026-06-09 12:00:36 [INFO][module01-actuator] [http-nio-8080-exec-2] traceId=67fde331-b285-4839-8611-2b5b513f3575 c.w.a.g.log.RequestLoggingFilter - event=request_started method=GET uri=/actuator/prometheus
2026-06-09 12:00:36 [INFO][module01-actuator] [http-nio-8080-exec-2] traceId=67fde331-b285-4839-8611-2b5b513f3575 c.w.a.g.log.RequestLoggingFilter - event=request_completed method=GET uri=/actuator/prometheus status=200 durationMs=78
2026-06-09 12:00:41 [INFO][module01-actuator] [http-nio-8080-exec-7] traceId=01bdf574-a3df-4f93-ac53-9099aa5933d8 c.w.a.g.log.RequestLoggingFilter - event=request_started method=GET uri=/actuator/prometheus
2026-06-09 12:00:41 [INFO][module01-actuator] [http-nio-8080-exec-7] traceId=01bdf574-a3df-4f93-ac53-9099aa5933d8 c.w.a.g.log.RequestLoggingFilter - event=request_completed method=GET uri=/actuator/prometheus status=200 durationMs=71
2026-06-09 12:00:46 [INFO][module01-actuator] [http-nio-8080-exec-1] traceId=c401eea3-d2b3-4b16-8814-f08f9a25d593 c.w.a.g.log.RequestLoggingFilter - event=request_started method=GET uri=/actuator/prometheus
2026-06-09 12:00:46 [INFO][module01-actuator] [http-nio-8080-exec-1] traceId=c401eea3-d2b3-4b16-8814-f08f9a25d593 c.w.a.g.log.RequestLoggingFilter - event=request_completed method=GET uri=/actuator/prometheus status=200 durationMs=62
2026-06-09 12:00:51 [INFO][module01-actuator] [http-nio-8080-exec-5] traceId=afcec053-e12b-438f-9573-7f7bfc032866 c.w.a.g.log.RequestLoggingFilter - event=request_started method=GET uri=/actuator/prometheus
2026-06-09 12:00:51 [INFO][module01-actuator] [http-nio-8080-exec-5] traceId=afcec053-e12b-438f-9573-7f7bfc032866 c.w.a.g.log.RequestLoggingFilter - event=request_completed method=GET uri=/actuator/prometheus status=200 durationMs=69
2026-06-09 12:00:56 [INFO][module01-actuator] [http-nio-8080-exec-10] traceId=1324f1f1-03c9-4b16-b31c-d33ff6865451 c.w.a.g.log.RequestLoggingFilter - event=request_started method=GET uri=/actuator/prometheus
2026-06-09 12:00:56 [INFO][module01-actuator] [http-nio-8080-exec-10] traceId=1324f1f1-03c9-4b16-b31c-d33ff6865451 c.w.a.g.log.RequestLoggingFilter - event=request_completed method=GET uri=/actuator/prometheus status=200 durationMs=92
2026-06-09 12:01:01 [INFO][module01-actuator] [http-nio-8080-exec-8] traceId=6b33131c-2ea8-447b-80f9-a9c3a33771ac c.w.a.g.log.RequestLoggingFilter - event=request_started method=GET uri=/actuator/prometheus
2026-06-09 12:01:01 [INFO][module01-actuator] [http-nio-8080-exec-8] traceId=6b33131c-2ea8-447b-80f9-a9c3a33771ac c.w.a.g.log.RequestLoggingFilter - event=request_completed method=GET uri=/actuator/prometheus status=200 durationMs=77
2026-06-09 12:01:06 [INFO][module01-actuator] [http-nio-8080-exec-3] traceId=800eae1a-2f81-4674-afba-f5cbd932811d c.w.a.g.log.RequestLoggingFilter - event=request_started method=GET uri=/actuator/prometheus
2026-06-09 12:01:06 [INFO][module01-actuator] [http-nio-8080-exec-3] traceId=800eae1a-2f81-4674-afba-f5cbd932811d c.w.a.g.log.RequestLoggingFilter - event=request_completed method=GET uri=/actuator/prometheus status=200 durationMs=129
2026-06-09 12:01:11 [INFO][module01-actuator] [http-nio-8080-exec-9] traceId=10f97951-d3b5-4c84-9566-c3dbc3f2b9a4 c.w.a.g.log.RequestLoggingFilter - event=request_started method=GET uri=/actuator/prometheus
2026-06-09 12:01:11 [INFO][module01-actuator] [http-nio-8080-exec-9] traceId=10f97951-d3b5-4c84-9566-c3dbc3f2b9a4 c.w.a.g.log.RequestLoggingFilter - event=request_completed method=GET uri=/actuator/prometheus status=200 durationMs=91
2026-06-09 12:01:16 [INFO][module01-actuator] [http-nio-8080-exec-12] traceId=d493503e-b082-4999-8cc4-5d792f412d4b c.w.a.g.log.RequestLoggingFilter - event=request_started method=GET uri=/actuator/prometheus
2026-06-09 12:01:16 [INFO][module01-actuator] [http-nio-8080-exec-12] traceId=d493503e-b082-4999-8cc4-5d792f412d4b c.w.a.g.log.RequestLoggingFilter - event=request_completed method=GET uri=/actuator/prometheus status=200 durationMs=79
2026-06-09 12:01:21 [INFO][module01-actuator] [http-nio-8080-exec-11] traceId=c2a04a64-fed3-437c-ba5c-78a5a0f64280 c.w.a.g.log.RequestLoggingFilter - event=request_started method=GET uri=/actuator/prometheus
2026-06-09 12:01:21 [INFO][module01-actuator] [http-nio-8080-exec-11] traceId=c2a04a64-fed3-437c-ba5c-78a5a0f64280 c.w.a.g.log.RequestLoggingFilter - event=request_completed method=GET uri=/actuator/prometheus status=200 durationMs=80
2026-06-09 12:01:26 [INFO][module01-actuator] [http-nio-8080-exec-2] traceId=6c2ae2e2-b878-410f-9b41-5fe24efdd1c6 c.w.a.g.log.RequestLoggingFilter - event=request_started method=GET uri=/actuator/prometheus
2026-06-09 12:01:26 [INFO][module01-actuator] [http-nio-8080-exec-2] traceId=6c2ae2e2-b878-410f-9b41-5fe24efdd1c6 c.w.a.g.log.RequestLoggingFilter - event=request_completed method=GET uri=/actuator/prometheus status=200 durationMs=77
2026-06-09 12:01:31 [INFO][module01-actuator] [http-nio-8080-exec-7] traceId=8d58c160-270a-43c9-838d-7d956f3986ca c.w.a.g.log.RequestLoggingFilter - event=request_started method=GET uri=/actuator/prometheus
2026-06-09 12:01:31 [INFO][module01-actuator] [http-nio-8080-exec-7] traceId=8d58c160-270a-43c9-838d-7d956f3986ca c.w.a.g.log.RequestLoggingFilter - event=request_completed method=GET uri=/actuator/prometheus status=200 durationMs=158
2026-06-09 12:01:36 [INFO][module01-actuator] [http-nio-8080-exec-1] traceId=9b862204-9798-4d7d-a9cd-917f5c7fce92 c.w.a.g.log.RequestLoggingFilter - event=request_started method=GET uri=/actuator/prometheus
2026-06-09 12:01:36 [INFO][module01-actuator] [http-nio-8080-exec-1] traceId=9b862204-9798-4d7d-a9cd-917f5c7fce92 c.w.a.g.log.RequestLoggingFilter - event=request_completed method=GET uri=/actuator/prometheus status=200 durationMs=79
2026-06-09 12:01:41 [INFO][module01-actuator] [http-nio-8080-exec-5] traceId=fff685c1-00a8-4a87-8eae-14a18950df57 c.w.a.g.log.RequestLoggingFilter - event=request_started method=GET uri=/actuator/prometheus
2026-06-09 12:01:41 [INFO][module01-actuator] [http-nio-8080-exec-5] traceId=fff685c1-00a8-4a87-8eae-14a18950df57 c.w.a.g.log.RequestLoggingFilter - event=request_completed method=GET uri=/actuator/prometheus status=200 durationMs=70
2026-06-09 12:01:46 [INFO][module01-actuator] [http-nio-8080-exec-10] traceId=a940fea4-c536-42e7-ba64-a3a39193e6c7 c.w.a.g.log.RequestLoggingFilter - event=request_started method=GET uri=/actuator/prometheus
2026-06-09 12:01:46 [INFO][module01-actuator] [http-nio-8080-exec-10] traceId=a940fea4-c536-42e7-ba64-a3a39193e6c7 c.w.a.g.log.RequestLoggingFilter - event=request_completed method=GET uri=/actuator/prometheus status=200 durationMs=88
2026-06-09 12:01:51 [INFO][module01-actuator] [http-nio-8080-exec-8] traceId=ca74e3cb-d9ed-4160-b0e5-de1837d3c519 c.w.a.g.log.RequestLoggingFilter - event=request_started method=GET uri=/actuator/prometheus
2026-06-09 12:01:51 [INFO][module01-actuator] [http-nio-8080-exec-8] traceId=ca74e3cb-d9ed-4160-b0e5-de1837d3c519 c.w.a.g.log.RequestLoggingFilter - event=request_completed method=GET uri=/actuator/prometheus status=200 durationMs=80
2026-06-09 12:01:56 [INFO][module01-actuator] [http-nio-8080-exec-3] traceId=4bb335bc-028b-4fa3-88d5-496295fb3827 c.w.a.g.log.RequestLoggingFilter - event=request_started method=GET uri=/actuator/prometheus
2026-06-09 12:01:56 [INFO][module01-actuator] [http-nio-8080-exec-3] traceId=4bb335bc-028b-4fa3-88d5-496295fb3827 c.w.a.g.log.RequestLoggingFilter - event=request_completed method=GET uri=/actuator/prometheus status=200 durationMs=173
2026-06-09 12:02:01 [INFO][module01-actuator] [http-nio-8080-exec-9] traceId=4c7d2ac1-4b4b-4498-b78e-ada7c6bb0d46 c.w.a.g.log.RequestLoggingFilter - event=request_started method=GET uri=/actuator/prometheus
2026-06-09 12:02:01 [INFO][module01-actuator] [http-nio-8080-exec-9] traceId=4c7d2ac1-4b4b-4498-b78e-ada7c6bb0d46 c.w.a.g.log.RequestLoggingFilter - event=request_completed method=GET uri=/actuator/prometheus status=200 durationMs=76
2026-06-09 12:02:06 [INFO][module01-actuator] [http-nio-8080-exec-12] traceId=160bdf92-e3c7-46ee-9bdd-71b89123c4dd c.w.a.g.log.RequestLoggingFilter - event=request_started method=GET uri=/actuator/prometheus
2026-06-09 12:02:06 [INFO][module01-actuator] [http-nio-8080-exec-12] traceId=160bdf92-e3c7-46ee-9bdd-71b89123c4dd c.w.a.g.log.RequestLoggingFilter - event=request_completed method=GET uri=/actuator/prometheus status=200 durationMs=80
2026-06-09 12:02:11 [INFO][module01-actuator] [http-nio-8080-exec-11] traceId=037029bb-13db-488e-82e4-a5ab3848c328 c.w.a.g.log.RequestLoggingFilter - event=request_started method=GET uri=/actuator/prometheus
2026-06-09 12:02:11 [INFO][module01-actuator] [http-nio-8080-exec-11] traceId=037029bb-13db-488e-82e4-a5ab3848c328 c.w.a.g.log.RequestLoggingFilter - event=request_completed method=GET uri=/actuator/prometheus status=200 durationMs=81
2026-06-09 12:02:16 [INFO][module01-actuator] [http-nio-8080-exec-2] traceId=35a57d8a-2d18-4e19-b1f2-f3c4442e9beb c.w.a.g.log.RequestLoggingFilter - event=request_started method=GET uri=/actuator/prometheus
2026-06-09 12:02:16 [INFO][module01-actuator] [http-nio-8080-exec-2] traceId=35a57d8a-2d18-4e19-b1f2-f3c4442e9beb c.w.a.g.log.RequestLoggingFilter - event=request_completed method=GET uri=/actuator/prometheus status=200 durationMs=91
2026-06-09 12:02:21 [INFO][module01-actuator] [http-nio-8080-exec-7] traceId=a6e453b0-ac47-40e2-b0d9-a9116de9215d c.w.a.g.log.RequestLoggingFilter - event=request_started method=GET uri=/actuator/prometheus
2026-06-09 12:02:21 [INFO][module01-actuator] [http-nio-8080-exec-7] traceId=a6e453b0-ac47-40e2-b0d9-a9116de9215d c.w.a.g.log.RequestLoggingFilter - event=request_completed method=GET uri=/actuator/prometheus status=200 durationMs=104
2026-06-09 12:02:26 [INFO][module01-actuator] [http-nio-8080-exec-1] traceId=176d0ed6-f530-4775-84ed-dcd9ce8e951f c.w.a.g.log.RequestLoggingFilter - event=request_started method=GET uri=/actuator/prometheus
2026-06-09 12:02:26 [INFO][module01-actuator] [http-nio-8080-exec-1] traceId=176d0ed6-f530-4775-84ed-dcd9ce8e951f c.w.a.g.log.RequestLoggingFilter - event=request_completed method=GET uri=/actuator/prometheus status=200 durationMs=96
2026-06-09 12:02:31 [INFO][module01-actuator] [http-nio-8080-exec-5] traceId=52041f75-1253-4e20-ad27-a7875de96267 c.w.a.g.log.RequestLoggingFilter - event=request_started method=GET uri=/actuator/prometheus
2026-06-09 12:02:31 [INFO][module01-actuator] [http-nio-8080-exec-5] traceId=52041f75-1253-4e20-ad27-a7875de96267 c.w.a.g.log.RequestLoggingFilter - event=request_completed method=GET uri=/actuator/prometheus status=200 durationMs=74
2026-06-09 12:02:36 [INFO][module01-actuator] [http-nio-8080-exec-10] traceId=be5b3c7a-7b12-4d7c-b3f8-87e04dd96652 c.w.a.g.log.RequestLoggingFilter - event=request_started method=GET uri=/actuator/prometheus
2026-06-09 12:02:36 [INFO][module01-actuator] [http-nio-8080-exec-10] traceId=be5b3c7a-7b12-4d7c-b3f8-87e04dd96652 c.w.a.g.log.RequestLoggingFilter - event=request_completed method=GET uri=/actuator/prometheus status=200 durationMs=84
2026-06-09 12:02:41 [INFO][module01-actuator] [http-nio-8080-exec-8] traceId=9ae3c448-ec29-4f39-87fe-5255d8458739 c.w.a.g.log.RequestLoggingFilter - event=request_started method=GET uri=/actuator/prometheus
2026-06-09 12:02:41 [INFO][module01-actuator] [http-nio-8080-exec-8] traceId=9ae3c448-ec29-4f39-87fe-5255d8458739 c.w.a.g.log.RequestLoggingFilter - event=request_completed method=GET uri=/actuator/prometheus status=200 durationMs=84
2026-06-09 12:02:46 [INFO][module01-actuator] [http-nio-8080-exec-3] traceId=1bfbb1b2-d6ca-4815-957d-140a3fa35acf c.w.a.g.log.RequestLoggingFilter - event=request_started method=GET uri=/actuator/prometheus
2026-06-09 12:02:46 [INFO][module01-actuator] [http-nio-8080-exec-3] traceId=1bfbb1b2-d6ca-4815-957d-140a3fa35acf c.w.a.g.log.RequestLoggingFilter - event=request_completed method=GET uri=/actuator/prometheus status=200 durationMs=91
2026-06-09 12:02:51 [INFO][module01-actuator] [http-nio-8080-exec-12] traceId=c0f4ac95-e842-4101-8750-750aede5e55d c.w.a.g.log.RequestLoggingFilter - event=request_started method=GET uri=/actuator/prometheus
2026-06-09 12:02:51 [INFO][module01-actuator] [http-nio-8080-exec-12] traceId=c0f4ac95-e842-4101-8750-750aede5e55d c.w.a.g.log.RequestLoggingFilter - event=request_completed method=GET uri=/actuator/prometheus status=200 durationMs=87
2026-06-09 12:02:56 [INFO][module01-actuator] [http-nio-8080-exec-11] traceId=02d69e84-1e79-4ace-b127-f9a21fc8f16f c.w.a.g.log.RequestLoggingFilter - event=request_started method=GET uri=/actuator/prometheus
2026-06-09 12:02:56 [INFO][module01-actuator] [http-nio-8080-exec-11] traceId=02d69e84-1e79-4ace-b127-f9a21fc8f16f c.w.a.g.log.RequestLoggingFilter - event=request_completed method=GET uri=/actuator/prometheus status=200 durationMs=125
2026-06-09 12:03:01 [INFO][module01-actuator] [http-nio-8080-exec-2] traceId=c672ffe5-b960-44fe-84e1-8f1a11da5e10 c.w.a.g.log.RequestLoggingFilter - event=request_started method=GET uri=/actuator/prometheus
2026-06-09 12:03:01 [INFO][module01-actuator] [http-nio-8080-exec-2] traceId=c672ffe5-b960-44fe-84e1-8f1a11da5e10 c.w.a.g.log.RequestLoggingFilter - event=request_completed method=GET uri=/actuator/prometheus status=200 durationMs=85
2026-06-09 12:03:06 [INFO][module01-actuator] [http-nio-8080-exec-7] traceId=acc5baf0-1a22-4b57-80e1-dac9ecf95475 c.w.a.g.log.RequestLoggingFilter - event=request_started method=GET uri=/actuator/prometheus
2026-06-09 12:03:06 [INFO][module01-actuator] [http-nio-8080-exec-7] traceId=acc5baf0-1a22-4b57-80e1-dac9ecf95475 c.w.a.g.log.RequestLoggingFilter - event=request_completed method=GET uri=/actuator/prometheus status=200 durationMs=78
2026-06-09 12:03:11 [INFO][module01-actuator] [http-nio-8080-exec-1] traceId=502aea7d-1c26-4519-8965-00355cd4402a c.w.a.g.log.RequestLoggingFilter - event=request_started method=GET uri=/actuator/prometheus
2026-06-09 12:03:11 [INFO][module01-actuator] [http-nio-8080-exec-1] traceId=502aea7d-1c26-4519-8965-00355cd4402a c.w.a.g.log.RequestLoggingFilter - event=request_completed method=GET uri=/actuator/prometheus status=200 durationMs=90
2026-06-09 12:03:16 [INFO][module01-actuator] [http-nio-8080-exec-5] traceId=ff623711-9d20-43ad-86c1-c56159a3d899 c.w.a.g.log.RequestLoggingFilter - event=request_started method=GET uri=/actuator/prometheus
2026-06-09 12:03:16 [INFO][module01-actuator] [http-nio-8080-exec-5] traceId=ff623711-9d20-43ad-86c1-c56159a3d899 c.w.a.g.log.RequestLoggingFilter - event=request_completed method=GET uri=/actuator/prometheus status=200 durationMs=68
2026-06-09 12:03:21 [INFO][module01-actuator] [http-nio-8080-exec-10] traceId=97736f63-8d9c-4835-9935-aa73d11abcce c.w.a.g.log.RequestLoggingFilter - event=request_started method=GET uri=/actuator/prometheus
2026-06-09 12:03:21 [INFO][module01-actuator] [http-nio-8080-exec-10] traceId=97736f63-8d9c-4835-9935-aa73d11abcce c.w.a.g.log.RequestLoggingFilter - event=request_completed method=GET uri=/actuator/prometheus status=200 durationMs=41
2026-06-09 12:03:26 [INFO][module01-actuator] [http-nio-8080-exec-8] traceId=9a586511-7a5f-4b13-bc82-d07cbc9488dd c.w.a.g.log.RequestLoggingFilter - event=request_started method=GET uri=/actuator/prometheus
2026-06-09 12:03:26 [INFO][module01-actuator] [http-nio-8080-exec-8] traceId=9a586511-7a5f-4b13-bc82-d07cbc9488dd c.w.a.g.log.RequestLoggingFilter - event=request_completed method=GET uri=/actuator/prometheus status=200 durationMs=43
2026-06-09 12:03:31 [INFO][module01-actuator] [http-nio-8080-exec-3] traceId=e0086895-c8d0-4768-be75-61fa3ac51777 c.w.a.g.log.RequestLoggingFilter - event=request_started method=GET uri=/actuator/prometheus
2026-06-09 12:03:31 [INFO][module01-actuator] [http-nio-8080-exec-3] traceId=e0086895-c8d0-4768-be75-61fa3ac51777 c.w.a.g.log.RequestLoggingFilter - event=request_completed method=GET uri=/actuator/prometheus status=200 durationMs=55
2026-06-09 12:03:36 [INFO][module01-actuator] [http-nio-8080-exec-9] traceId=c4b61790-940f-47d4-b39b-54a28254fb5d c.w.a.g.log.RequestLoggingFilter - event=request_started method=GET uri=/actuator/prometheus
2026-06-09 12:03:36 [INFO][module01-actuator] [http-nio-8080-exec-9] traceId=c4b61790-940f-47d4-b39b-54a28254fb5d c.w.a.g.log.RequestLoggingFilter - event=request_completed method=GET uri=/actuator/prometheus status=200 durationMs=88
2026-06-09 12:03:41 [INFO][module01-actuator] [http-nio-8080-exec-12] traceId=65ab4ef0-d5a0-4eb8-ab30-83925585e7ce c.w.a.g.log.RequestLoggingFilter - event=request_started method=GET uri=/actuator/prometheus
2026-06-09 12:03:41 [INFO][module01-actuator] [http-nio-8080-exec-12] traceId=65ab4ef0-d5a0-4eb8-ab30-83925585e7ce c.w.a.g.log.RequestLoggingFilter - event=request_completed method=GET uri=/actuator/prometheus status=200 durationMs=123
2026-06-09 12:03:46 [INFO][module01-actuator] [http-nio-8080-exec-11] traceId=242d63b7-cc62-4e29-a575-96d1a68c5dee c.w.a.g.log.RequestLoggingFilter - event=request_started method=GET uri=/actuator/prometheus
2026-06-09 12:03:46 [INFO][module01-actuator] [http-nio-8080-exec-11] traceId=242d63b7-cc62-4e29-a575-96d1a68c5dee c.w.a.g.log.RequestLoggingFilter - event=request_completed method=GET uri=/actuator/prometheus status=200 durationMs=87
2026-06-09 12:03:51 [INFO][module01-actuator] [http-nio-8080-exec-2] traceId=1cf4f8f3-57bf-4158-882a-71c1f6e74cc3 c.w.a.g.log.RequestLoggingFilter - event=request_started method=GET uri=/actuator/prometheus
2026-06-09 12:03:51 [INFO][module01-actuator] [http-nio-8080-exec-2] traceId=1cf4f8f3-57bf-4158-882a-71c1f6e74cc3 c.w.a.g.log.RequestLoggingFilter - event=request_completed method=GET uri=/actuator/prometheus status=200 durationMs=87
2026-06-09 12:03:56 [INFO][module01-actuator] [http-nio-8080-exec-7] traceId=97ef3df1-490e-4a37-b66f-dbb7b0aade53 c.w.a.g.log.RequestLoggingFilter - event=request_started method=GET uri=/actuator/prometheus
2026-06-09 12:03:56 [INFO][module01-actuator] [http-nio-8080-exec-7] traceId=97ef3df1-490e-4a37-b66f-dbb7b0aade53 c.w.a.g.log.RequestLoggingFilter - event=request_completed method=GET uri=/actuator/prometheus status=200 durationMs=71
2026-06-09 12:04:01 [INFO][module01-actuator] [http-nio-8080-exec-1] traceId=843f7fb0-2769-4146-9a50-27fc81527966 c.w.a.g.log.RequestLoggingFilter - event=request_started method=GET uri=/actuator/prometheus
2026-06-09 12:04:01 [INFO][module01-actuator] [http-nio-8080-exec-1] traceId=843f7fb0-2769-4146-9a50-27fc81527966 c.w.a.g.log.RequestLoggingFilter - event=request_completed method=GET uri=/actuator/prometheus status=200 durationMs=59
2026-06-09 12:04:06 [INFO][module01-actuator] [http-nio-8080-exec-5] traceId=d9ca862d-4028-48ed-a7a3-dcd8c6eec65e c.w.a.g.log.RequestLoggingFilter - event=request_started method=GET uri=/actuator/prometheus
2026-06-09 12:04:06 [INFO][module01-actuator] [http-nio-8080-exec-5] traceId=d9ca862d-4028-48ed-a7a3-dcd8c6eec65e c.w.a.g.log.RequestLoggingFilter - event=request_completed method=GET uri=/actuator/prometheus status=200 durationMs=76
2026-06-09 12:04:11 [INFO][module01-actuator] [http-nio-8080-exec-10] traceId=fea7cbf8-0ab1-4d79-8f66-e0775f9ee72f c.w.a.g.log.RequestLoggingFilter - event=request_started method=GET uri=/actuator/prometheus
2026-06-09 12:04:11 [INFO][module01-actuator] [http-nio-8080-exec-10] traceId=fea7cbf8-0ab1-4d79-8f66-e0775f9ee72f c.w.a.g.log.RequestLoggingFilter - event=request_completed method=GET uri=/actuator/prometheus status=200 durationMs=63
2026-06-09 12:04:16 [INFO][module01-actuator] [http-nio-8080-exec-8] traceId=74e09e93-830b-4ce8-82ed-3ff1e908e57e c.w.a.g.log.RequestLoggingFilter - event=request_started method=GET uri=/actuator/prometheus
2026-06-09 12:04:16 [INFO][module01-actuator] [http-nio-8080-exec-8] traceId=74e09e93-830b-4ce8-82ed-3ff1e908e57e c.w.a.g.log.RequestLoggingFilter - event=request_completed method=GET uri=/actuator/prometheus status=200 durationMs=53
2026-06-09 12:04:21 [INFO][module01-actuator] [http-nio-8080-exec-3] traceId=819b3ddf-34f4-4f8c-9580-fd18b7a88e49 c.w.a.g.log.RequestLoggingFilter - event=request_started method=GET uri=/actuator/prometheus
2026-06-09 12:04:21 [INFO][module01-actuator] [http-nio-8080-exec-3] traceId=819b3ddf-34f4-4f8c-9580-fd18b7a88e49 c.w.a.g.log.RequestLoggingFilter - event=request_completed method=GET uri=/actuator/prometheus status=200 durationMs=48
2026-06-09 12:04:26 [INFO][module01-actuator] [http-nio-8080-exec-9] traceId=ecbc8168-1afd-446a-9a0a-ed2b47d1a6f9 c.w.a.g.log.RequestLoggingFilter - event=request_started method=GET uri=/actuator/prometheus
2026-06-09 12:04:26 [INFO][module01-actuator] [http-nio-8080-exec-9] traceId=ecbc8168-1afd-446a-9a0a-ed2b47d1a6f9 c.w.a.g.log.RequestLoggingFilter - event=request_completed method=GET uri=/actuator/prometheus status=200 durationMs=58
2026-06-09 12:04:31 [INFO][module01-actuator] [http-nio-8080-exec-12] traceId=ecd32ca1-90c6-4ec9-8654-e018b278f1f4 c.w.a.g.log.RequestLoggingFilter - event=request_started method=GET uri=/actuator/prometheus
2026-06-09 12:04:31 [INFO][module01-actuator] [http-nio-8080-exec-12] traceId=ecd32ca1-90c6-4ec9-8654-e018b278f1f4 c.w.a.g.log.RequestLoggingFilter - event=request_completed method=GET uri=/actuator/prometheus status=200 durationMs=65
2026-06-09 12:04:36 [INFO][module01-actuator] [http-nio-8080-exec-11] traceId=eec12f39-e6e1-4e77-a432-dae7e0ea6439 c.w.a.g.log.RequestLoggingFilter - event=request_started method=GET uri=/actuator/prometheus
2026-06-09 12:04:36 [INFO][module01-actuator] [http-nio-8080-exec-11] traceId=eec12f39-e6e1-4e77-a432-dae7e0ea6439 c.w.a.g.log.RequestLoggingFilter - event=request_completed method=GET uri=/actuator/prometheus status=200 durationMs=56
2026-06-09 12:04:41 [INFO][module01-actuator] [http-nio-8080-exec-2] traceId=812a00b7-9606-4840-a08d-c76fae92050d c.w.a.g.log.RequestLoggingFilter - event=request_started method=GET uri=/actuator/prometheus
2026-06-09 12:04:41 [INFO][module01-actuator] [http-nio-8080-exec-2] traceId=812a00b7-9606-4840-a08d-c76fae92050d c.w.a.g.log.RequestLoggingFilter - event=request_completed method=GET uri=/actuator/prometheus status=200 durationMs=39
2026-06-09 12:04:46 [INFO][module01-actuator] [http-nio-8080-exec-7] traceId=79e2e8e8-46bc-44e6-a2c7-6b4dc648b2f1 c.w.a.g.log.RequestLoggingFilter - event=request_started method=GET uri=/actuator/prometheus
2026-06-09 12:04:46 [INFO][module01-actuator] [http-nio-8080-exec-7] traceId=79e2e8e8-46bc-44e6-a2c7-6b4dc648b2f1 c.w.a.g.log.RequestLoggingFilter - event=request_completed method=GET uri=/actuator/prometheus status=200 durationMs=48
2026-06-09 12:04:51 [INFO][module01-actuator] [http-nio-8080-exec-1] traceId=79faf07e-2fb1-4c7e-9594-bc8a29a35a7e c.w.a.g.log.RequestLoggingFilter - event=request_started method=GET uri=/actuator/prometheus
2026-06-09 12:04:51 [INFO][module01-actuator] [http-nio-8080-exec-1] traceId=79faf07e-2fb1-4c7e-9594-bc8a29a35a7e c.w.a.g.log.RequestLoggingFilter - event=request_completed method=GET uri=/actuator/prometheus status=200 durationMs=45
2026-06-09 12:04:56 [INFO][module01-actuator] [http-nio-8080-exec-5] traceId=59fce148-41f0-4ed5-97f9-2677e1d2e4e1 c.w.a.g.log.RequestLoggingFilter - event=request_started method=GET uri=/actuator/prometheus
2026-06-09 12:04:56 [INFO][module01-actuator] [http-nio-8080-exec-5] traceId=59fce148-41f0-4ed5-97f9-2677e1d2e4e1 c.w.a.g.log.RequestLoggingFilter - event=request_completed method=GET uri=/actuator/prometheus status=200 durationMs=40
2026-06-09 12:05:01 [INFO][module01-actuator] [http-nio-8080-exec-10] traceId=565e8de9-aecc-4a64-ab75-086eac41dc6c c.w.a.g.log.RequestLoggingFilter - event=request_started method=GET uri=/actuator/prometheus
2026-06-09 12:05:01 [INFO][module01-actuator] [http-nio-8080-exec-10] traceId=565e8de9-aecc-4a64-ab75-086eac41dc6c c.w.a.g.log.RequestLoggingFilter - event=request_completed method=GET uri=/actuator/prometheus status=200 durationMs=37
2026-06-09 12:05:04 [INFO][module01-actuator] [SpringApplicationShutdownHook] traceId= o.s.b.w.e.tomcat.GracefulShutdown - Commencing graceful shutdown. Waiting for active requests to complete
2026-06-09 12:05:04 [INFO][module01-actuator] [tomcat-shutdown] traceId= o.s.b.w.e.tomcat.GracefulShutdown - Graceful shutdown complete
2026-06-09 12:05:04 [INFO][module01-actuator] [SpringApplicationShutdownHook] traceId= o.s.o.j.LocalContainerEntityManagerFactoryBean - Closing JPA EntityManagerFactory for persistence unit 'default'
2026-06-09 12:05:04 [INFO][module01-actuator] [SpringApplicationShutdownHook] traceId= com.zaxxer.hikari.HikariDataSource - HikariPool-1 - Shutdown initiated...
2026-06-09 12:05:04 [INFO][module01-actuator] [SpringApplicationShutdownHook] traceId= com.zaxxer.hikari.HikariDataSource - HikariPool-1 - Shutdown completed.
2026-06-09 12:05:06 [INFO][module01-actuator] [background-preinit] traceId= o.h.validator.internal.util.Version - HV000001: Hibernate Validator 8.0.2.Final
2026-06-09 12:05:06 [INFO][module01-actuator] [main] traceId= c.w.a.PopularShopStarterApplication - Starting PopularShopStarterApplication using Java 17.0.18 with PID 29064 (C:\Lecture\14_Monitoring-master\module01-actuator\build\classes\java\main started by user in C:\Lecture\14_Monitoring-master\module01-actuator)
2026-06-09 12:05:06 [INFO][module01-actuator] [main] traceId= c.w.a.PopularShopStarterApplication - No active profile set, falling back to 1 default profile: "default"
2026-06-09 12:05:07 [INFO][module01-actuator] [main] traceId= o.s.d.r.c.RepositoryConfigurationDelegate - Bootstrapping Spring Data JPA repositories in DEFAULT mode.
2026-06-09 12:05:07 [INFO][module01-actuator] [main] traceId= o.s.d.r.c.RepositoryConfigurationDelegate - Finished Spring Data repository scanning in 42 ms. Found 2 JPA repository interfaces.
2026-06-09 12:05:07 [INFO][module01-actuator] [main] traceId= o.s.b.w.e.tomcat.TomcatWebServer - Tomcat initialized with port 8080 (http)
2026-06-09 12:05:07 [INFO][module01-actuator] [main] traceId= o.a.coyote.http11.Http11NioProtocol - Initializing ProtocolHandler ["http-nio-8080"]
2026-06-09 12:05:07 [INFO][module01-actuator] [main] traceId= o.a.catalina.core.StandardService - Starting service [Tomcat]
2026-06-09 12:05:07 [INFO][module01-actuator] [main] traceId= o.a.catalina.core.StandardEngine - Starting Servlet engine: [Apache Tomcat/10.1.41]
2026-06-09 12:05:07 [INFO][module01-actuator] [main] traceId= o.a.c.c.C.[Tomcat].[localhost].[/] - Initializing Spring embedded WebApplicationContext
2026-06-09 12:05:07 [INFO][module01-actuator] [main] traceId= o.s.b.w.s.c.ServletWebServerApplicationContext - Root WebApplicationContext: initialization completed in 1003 ms
2026-06-09 12:05:07 [INFO][module01-actuator] [main] traceId= com.zaxxer.hikari.HikariDataSource - HikariPool-1 - Starting...
2026-06-09 12:05:07 [INFO][module01-actuator] [main] traceId= com.zaxxer.hikari.pool.HikariPool - HikariPool-1 - Added connection com.mysql.cj.jdbc.ConnectionImpl@7f2c995b
2026-06-09 12:05:07 [INFO][module01-actuator] [main] traceId= com.zaxxer.hikari.HikariDataSource - HikariPool-1 - Start completed.
2026-06-09 12:05:07 [INFO][module01-actuator] [main] traceId= o.h.jpa.internal.util.LogHelper - HHH000204: Processing PersistenceUnitInfo [name: default]
2026-06-09 12:05:07 [INFO][module01-actuator] [main] traceId= org.hibernate.Version - HHH000412: Hibernate ORM core version 6.6.15.Final
2026-06-09 12:05:07 [INFO][module01-actuator] [main] traceId= o.h.c.i.RegionFactoryInitiator - HHH000026: Second-level cache disabled
2026-06-09 12:05:08 [INFO][module01-actuator] [main] traceId= o.s.o.j.p.SpringPersistenceUnitInfo - No LoadTimeWeaver setup: ignoring JPA class transformer
2026-06-09 12:05:08 [INFO][module01-actuator] [main] traceId= o.hibernate.orm.connections.pooling - HHH10001005: Database info:
	Database JDBC URL [Connecting through datasource 'HikariDataSource (HikariPool-1)']
	Database driver: undefined/unknown
	Database version: 8.4.8
	Autocommit mode: undefined/unknown
	Isolation level: undefined/unknown
	Minimum pool size: undefined/unknown
	Maximum pool size: undefined/unknown
2026-06-09 12:05:08 [INFO][module01-actuator] [main] traceId= o.h.e.t.j.p.i.JtaPlatformInitiator - HHH000489: No JTA platform available (set 'hibernate.transaction.jta.platform' to enable JTA platform integration)
2026-06-09 12:05:08 [INFO][module01-actuator] [main] traceId= o.s.o.j.LocalContainerEntityManagerFactoryBean - Initialized JPA EntityManagerFactory for persistence unit 'default'
2026-06-09 12:05:09 [INFO][module01-actuator] [main] traceId= o.s.d.j.r.query.QueryEnhancerFactory - Hibernate is in classpath; If applicable, HQL parser will be used.
2026-06-09 12:05:10 [INFO][module01-actuator] [main] traceId= o.s.b.a.e.web.EndpointLinksResolver - Exposing 5 endpoints beneath base path '/actuator'
2026-06-09 12:05:10 [INFO][module01-actuator] [main] traceId= o.a.coyote.http11.Http11NioProtocol - Starting ProtocolHandler ["http-nio-8080"]
2026-06-09 12:05:10 [INFO][module01-actuator] [main] traceId= o.s.b.w.e.tomcat.TomcatWebServer - Tomcat started on port 8080 (http) with context path '/'
2026-06-09 12:05:10 [INFO][module01-actuator] [main] traceId= c.w.a.PopularShopStarterApplication - Started PopularShopStarterApplication in 4.212 seconds (process running for 4.565)
2026-06-09 12:05:10 [INFO][module01-actuator] [RMI TCP Connection(3)-192.168.0.29] traceId= o.a.c.c.C.[Tomcat].[localhost].[/] - Initializing Spring DispatcherServlet 'dispatcherServlet'
2026-06-09 12:05:10 [INFO][module01-actuator] [RMI TCP Connection(3)-192.168.0.29] traceId= o.s.web.servlet.DispatcherServlet - Initializing Servlet 'dispatcherServlet'
2026-06-09 12:05:10 [INFO][module01-actuator] [RMI TCP Connection(3)-192.168.0.29] traceId= o.s.web.servlet.DispatcherServlet - Completed initialization in 2 ms
2026-06-09 12:05:11 [INFO][module01-actuator] [http-nio-8080-exec-1] traceId=77ad247a-a0c4-44d5-bb06-32e34bdc26f0 c.w.a.g.log.RequestLoggingFilter - event=request_started method=GET uri=/actuator/prometheus
2026-06-09 12:05:11 [INFO][module01-actuator] [http-nio-8080-exec-1] traceId=77ad247a-a0c4-44d5-bb06-32e34bdc26f0 c.w.a.g.log.RequestLoggingFilter - event=request_completed method=GET uri=/actuator/prometheus status=200 durationMs=82
2026-06-09 12:05:16 [INFO][module01-actuator] [http-nio-8080-exec-2] traceId=805ed464-b4f4-4da9-a2e0-ca0238f3d874 c.w.a.g.log.RequestLoggingFilter - event=request_started method=GET uri=/actuator/prometheus
2026-06-09 12:05:16 [INFO][module01-actuator] [http-nio-8080-exec-2] traceId=805ed464-b4f4-4da9-a2e0-ca0238f3d874 c.w.a.g.log.RequestLoggingFilter - event=request_completed method=GET uri=/actuator/prometheus status=200 durationMs=59
2026-06-09 12:05:21 [INFO][module01-actuator] [http-nio-8080-exec-4] traceId=bd50e2be-a8e1-43ce-94b4-f08b2e6bfe9d c.w.a.g.log.RequestLoggingFilter - event=request_started method=GET uri=/actuator/prometheus
2026-06-09 12:05:21 [INFO][module01-actuator] [http-nio-8080-exec-4] traceId=bd50e2be-a8e1-43ce-94b4-f08b2e6bfe9d c.w.a.g.log.RequestLoggingFilter - event=request_completed method=GET uri=/actuator/prometheus status=200 durationMs=62
2026-06-09 12:05:26 [INFO][module01-actuator] [http-nio-8080-exec-3] traceId=97e48e29-97f8-4f8a-a05f-44b4bc858e69 c.w.a.g.log.RequestLoggingFilter - event=request_started method=GET uri=/actuator/prometheus
2026-06-09 12:05:26 [INFO][module01-actuator] [http-nio-8080-exec-3] traceId=97e48e29-97f8-4f8a-a05f-44b4bc858e69 c.w.a.g.log.RequestLoggingFilter - event=request_completed method=GET uri=/actuator/prometheus status=200 durationMs=68
2026-06-09 12:05:31 [INFO][module01-actuator] [http-nio-8080-exec-5] traceId=069cfbd7-aeb6-4f5d-8602-8e5f7485083e c.w.a.g.log.RequestLoggingFilter - event=request_started method=GET uri=/actuator/prometheus
2026-06-09 12:05:31 [INFO][module01-actuator] [http-nio-8080-exec-5] traceId=069cfbd7-aeb6-4f5d-8602-8e5f7485083e c.w.a.g.log.RequestLoggingFilter - event=request_completed method=GET uri=/actuator/prometheus status=200 durationMs=72
2026-06-09 12:05:36 [INFO][module01-actuator] [http-nio-8080-exec-6] traceId=e5c2b58d-db51-45d4-b2ef-d9dd99b31a93 c.w.a.g.log.RequestLoggingFilter - event=request_started method=GET uri=/actuator/prometheus
2026-06-09 12:05:36 [INFO][module01-actuator] [http-nio-8080-exec-6] traceId=e5c2b58d-db51-45d4-b2ef-d9dd99b31a93 c.w.a.g.log.RequestLoggingFilter - event=request_completed method=GET uri=/actuator/prometheus status=200 durationMs=64
2026-06-09 12:05:41 [INFO][module01-actuator] [http-nio-8080-exec-7] traceId=fba32c81-0be4-43c2-bb70-03a9a4a374be c.w.a.g.log.RequestLoggingFilter - event=request_started method=GET uri=/actuator/prometheus
2026-06-09 12:05:41 [INFO][module01-actuator] [http-nio-8080-exec-7] traceId=fba32c81-0be4-43c2-bb70-03a9a4a374be c.w.a.g.log.RequestLoggingFilter - event=request_completed method=GET uri=/actuator/prometheus status=200 durationMs=107
2026-06-09 12:05:46 [INFO][module01-actuator] [http-nio-8080-exec-8] traceId=ec179704-f836-4168-9bb1-0172d7cc9cab c.w.a.g.log.RequestLoggingFilter - event=request_started method=GET uri=/actuator/prometheus
2026-06-09 12:05:46 [INFO][module01-actuator] [http-nio-8080-exec-8] traceId=ec179704-f836-4168-9bb1-0172d7cc9cab c.w.a.g.log.RequestLoggingFilter - event=request_completed method=GET uri=/actuator/prometheus status=200 durationMs=52
2026-06-09 12:05:51 [INFO][module01-actuator] [http-nio-8080-exec-10] traceId=e4c85a04-8e20-469b-885d-eb09c6b7c03f c.w.a.g.log.RequestLoggingFilter - event=request_started method=GET uri=/actuator/prometheus
2026-06-09 12:05:51 [INFO][module01-actuator] [http-nio-8080-exec-10] traceId=e4c85a04-8e20-469b-885d-eb09c6b7c03f c.w.a.g.log.RequestLoggingFilter - event=request_completed method=GET uri=/actuator/prometheus status=200 durationMs=68
2026-06-09 12:05:56 [INFO][module01-actuator] [http-nio-8080-exec-9] traceId=23493ddf-640a-4b91-aa1c-0ce7ccdcc472 c.w.a.g.log.RequestLoggingFilter - event=request_started method=GET uri=/actuator/prometheus
2026-06-09 12:05:56 [INFO][module01-actuator] [http-nio-8080-exec-9] traceId=23493ddf-640a-4b91-aa1c-0ce7ccdcc472 c.w.a.g.log.RequestLoggingFilter - event=request_completed method=GET uri=/actuator/prometheus status=200 durationMs=110
2026-06-09 12:06:01 [INFO][module01-actuator] [http-nio-8080-exec-1] traceId=9b455d68-6f42-4000-8a2a-a7aa64c85b99 c.w.a.g.log.RequestLoggingFilter - event=request_started method=GET uri=/actuator/prometheus
2026-06-09 12:06:01 [INFO][module01-actuator] [http-nio-8080-exec-1] traceId=9b455d68-6f42-4000-8a2a-a7aa64c85b99 c.w.a.g.log.RequestLoggingFilter - event=request_completed method=GET uri=/actuator/prometheus status=200 durationMs=62
2026-06-09 12:06:06 [INFO][module01-actuator] [http-nio-8080-exec-2] traceId=66d43093-4306-4e0a-a193-6c4c13c6c0e7 c.w.a.g.log.RequestLoggingFilter - event=request_started method=GET uri=/actuator/prometheus
2026-06-09 12:06:06 [INFO][module01-actuator] [http-nio-8080-exec-2] traceId=66d43093-4306-4e0a-a193-6c4c13c6c0e7 c.w.a.g.log.RequestLoggingFilter - event=request_completed method=GET uri=/actuator/prometheus status=200 durationMs=76
2026-06-09 12:06:11 [INFO][module01-actuator] [http-nio-8080-exec-4] traceId=fb59599b-2f1c-48f1-9d8c-a5009c4309c3 c.w.a.g.log.RequestLoggingFilter - event=request_started method=GET uri=/actuator/prometheus
2026-06-09 12:06:11 [INFO][module01-actuator] [http-nio-8080-exec-4] traceId=fb59599b-2f1c-48f1-9d8c-a5009c4309c3 c.w.a.g.log.RequestLoggingFilter - event=request_completed method=GET uri=/actuator/prometheus status=200 durationMs=101
2026-06-09 12:06:16 [INFO][module01-actuator] [http-nio-8080-exec-3] traceId=364aac3f-6d27-412e-8c22-ff5a5e64b423 c.w.a.g.log.RequestLoggingFilter - event=request_started method=GET uri=/actuator/prometheus
2026-06-09 12:06:16 [INFO][module01-actuator] [http-nio-8080-exec-3] traceId=364aac3f-6d27-412e-8c22-ff5a5e64b423 c.w.a.g.log.RequestLoggingFilter - event=request_completed method=GET uri=/actuator/prometheus status=200 durationMs=80
2026-06-09 12:06:21 [INFO][module01-actuator] [http-nio-8080-exec-5] traceId=41700f9e-9b82-427f-a63d-f34ccd164402 c.w.a.g.log.RequestLoggingFilter - event=request_started method=GET uri=/actuator/prometheus
2026-06-09 12:06:21 [INFO][module01-actuator] [http-nio-8080-exec-5] traceId=41700f9e-9b82-427f-a63d-f34ccd164402 c.w.a.g.log.RequestLoggingFilter - event=request_completed method=GET uri=/actuator/prometheus status=200 durationMs=78
2026-06-09 12:06:26 [INFO][module01-actuator] [http-nio-8080-exec-6] traceId=98194855-685d-40ec-81b8-7ac43a2d823c c.w.a.g.log.RequestLoggingFilter - event=request_started method=GET uri=/actuator/prometheus
2026-06-09 12:06:26 [INFO][module01-actuator] [http-nio-8080-exec-6] traceId=98194855-685d-40ec-81b8-7ac43a2d823c c.w.a.g.log.RequestLoggingFilter - event=request_completed method=GET uri=/actuator/prometheus status=200 durationMs=95
2026-06-09 12:06:31 [INFO][module01-actuator] [http-nio-8080-exec-7] traceId=dcef1057-cdc8-4968-91e0-709a624f2959 c.w.a.g.log.RequestLoggingFilter - event=request_started method=GET uri=/actuator/prometheus
2026-06-09 12:06:31 [INFO][module01-actuator] [http-nio-8080-exec-7] traceId=dcef1057-cdc8-4968-91e0-709a624f2959 c.w.a.g.log.RequestLoggingFilter - event=request_completed method=GET uri=/actuator/prometheus status=200 durationMs=70
2026-06-09 12:06:36 [INFO][module01-actuator] [http-nio-8080-exec-8] traceId=2c33e2c1-6e25-45ca-9e50-4827b68e506c c.w.a.g.log.RequestLoggingFilter - event=request_started method=GET uri=/actuator/prometheus
2026-06-09 12:06:36 [INFO][module01-actuator] [http-nio-8080-exec-8] traceId=2c33e2c1-6e25-45ca-9e50-4827b68e506c c.w.a.g.log.RequestLoggingFilter - event=request_completed method=GET uri=/actuator/prometheus status=200 durationMs=135
2026-06-09 12:06:41 [INFO][module01-actuator] [http-nio-8080-exec-10] traceId=9a46cb76-6925-4b20-b10e-43cd1322e729 c.w.a.g.log.RequestLoggingFilter - event=request_started method=GET uri=/actuator/prometheus
2026-06-09 12:06:41 [INFO][module01-actuator] [http-nio-8080-exec-10] traceId=9a46cb76-6925-4b20-b10e-43cd1322e729 c.w.a.g.log.RequestLoggingFilter - event=request_completed method=GET uri=/actuator/prometheus status=200 durationMs=92
2026-06-09 12:06:46 [INFO][module01-actuator] [http-nio-8080-exec-9] traceId=067bd8cd-d731-4a29-94a4-b97b628a9bcd c.w.a.g.log.RequestLoggingFilter - event=request_started method=GET uri=/actuator/prometheus
2026-06-09 12:06:46 [INFO][module01-actuator] [http-nio-8080-exec-9] traceId=067bd8cd-d731-4a29-94a4-b97b628a9bcd c.w.a.g.log.RequestLoggingFilter - event=request_completed method=GET uri=/actuator/prometheus status=200 durationMs=76
2026-06-09 12:06:51 [INFO][module01-actuator] [http-nio-8080-exec-1] traceId=65aace5a-172b-4176-be3a-d5f53caf81b1 c.w.a.g.log.RequestLoggingFilter - event=request_started method=GET uri=/actuator/prometheus
2026-06-09 12:06:51 [INFO][module01-actuator] [http-nio-8080-exec-1] traceId=65aace5a-172b-4176-be3a-d5f53caf81b1 c.w.a.g.log.RequestLoggingFilter - event=request_completed method=GET uri=/actuator/prometheus status=200 durationMs=72
2026-06-09 12:06:56 [INFO][module01-actuator] [http-nio-8080-exec-2] traceId=11aed588-c73c-4ca7-9451-cade867d8935 c.w.a.g.log.RequestLoggingFilter - event=request_started method=GET uri=/actuator/prometheus
2026-06-09 12:06:56 [INFO][module01-actuator] [http-nio-8080-exec-2] traceId=11aed588-c73c-4ca7-9451-cade867d8935 c.w.a.g.log.RequestLoggingFilter - event=request_completed method=GET uri=/actuator/prometheus status=200 durationMs=73
2026-06-09 12:07:01 [INFO][module01-actuator] [http-nio-8080-exec-4] traceId=b5c55a0e-d636-4192-81d0-95a629fbb18c c.w.a.g.log.RequestLoggingFilter - event=request_started method=GET uri=/actuator/prometheus
2026-06-09 12:07:01 [INFO][module01-actuator] [http-nio-8080-exec-4] traceId=b5c55a0e-d636-4192-81d0-95a629fbb18c c.w.a.g.log.RequestLoggingFilter - event=request_completed method=GET uri=/actuator/prometheus status=200 durationMs=58
2026-06-09 12:07:06 [INFO][module01-actuator] [http-nio-8080-exec-3] traceId=4c62c117-bfb9-4059-b6bf-a6b4976dd9f8 c.w.a.g.log.RequestLoggingFilter - event=request_started method=GET uri=/actuator/prometheus
2026-06-09 12:07:06 [INFO][module01-actuator] [http-nio-8080-exec-3] traceId=4c62c117-bfb9-4059-b6bf-a6b4976dd9f8 c.w.a.g.log.RequestLoggingFilter - event=request_completed method=GET uri=/actuator/prometheus status=200 durationMs=57
2026-06-09 12:07:11 [INFO][module01-actuator] [http-nio-8080-exec-5] traceId=7a4a51cb-a877-4a81-9c9d-4607fa0d1727 c.w.a.g.log.RequestLoggingFilter - event=request_started method=GET uri=/actuator/prometheus
2026-06-09 12:07:11 [INFO][module01-actuator] [http-nio-8080-exec-5] traceId=7a4a51cb-a877-4a81-9c9d-4607fa0d1727 c.w.a.g.log.RequestLoggingFilter - event=request_completed method=GET uri=/actuator/prometheus status=200 durationMs=74
2026-06-09 12:07:16 [INFO][module01-actuator] [http-nio-8080-exec-6] traceId=17f1ea37-7e04-4d89-8d27-5caf2203c6f2 c.w.a.g.log.RequestLoggingFilter - event=request_started method=GET uri=/actuator/prometheus
2026-06-09 12:07:16 [INFO][module01-actuator] [http-nio-8080-exec-6] traceId=17f1ea37-7e04-4d89-8d27-5caf2203c6f2 c.w.a.g.log.RequestLoggingFilter - event=request_completed method=GET uri=/actuator/prometheus status=200 durationMs=65
2026-06-09 12:07:21 [INFO][module01-actuator] [http-nio-8080-exec-7] traceId=9d9c16a4-d2bb-4abb-a688-dd578ff2f2c0 c.w.a.g.log.RequestLoggingFilter - event=request_started method=GET uri=/actuator/prometheus
2026-06-09 12:07:21 [INFO][module01-actuator] [http-nio-8080-exec-7] traceId=9d9c16a4-d2bb-4abb-a688-dd578ff2f2c0 c.w.a.g.log.RequestLoggingFilter - event=request_completed method=GET uri=/actuator/prometheus status=200 durationMs=69
2026-06-09 12:07:26 [INFO][module01-actuator] [http-nio-8080-exec-8] traceId=e4a6347c-d8b0-40cb-850f-3f312d181f21 c.w.a.g.log.RequestLoggingFilter - event=request_started method=GET uri=/actuator/prometheus
2026-06-09 12:07:26 [INFO][module01-actuator] [http-nio-8080-exec-8] traceId=e4a6347c-d8b0-40cb-850f-3f312d181f21 c.w.a.g.log.RequestLoggingFilter - event=request_completed method=GET uri=/actuator/prometheus status=200 durationMs=66
2026-06-09 12:07:31 [INFO][module01-actuator] [http-nio-8080-exec-10] traceId=28752f8c-78ef-4e9f-94ac-c238b2f41490 c.w.a.g.log.RequestLoggingFilter - event=request_started method=GET uri=/actuator/prometheus
2026-06-09 12:07:31 [INFO][module01-actuator] [http-nio-8080-exec-10] traceId=28752f8c-78ef-4e9f-94ac-c238b2f41490 c.w.a.g.log.RequestLoggingFilter - event=request_completed method=GET uri=/actuator/prometheus status=200 durationMs=63
2026-06-09 12:07:36 [INFO][module01-actuator] [http-nio-8080-exec-9] traceId=8b948581-30a3-42e5-a8f4-f3271f520682 c.w.a.g.log.RequestLoggingFilter - event=request_started method=GET uri=/actuator/prometheus
2026-06-09 12:07:36 [INFO][module01-actuator] [http-nio-8080-exec-9] traceId=8b948581-30a3-42e5-a8f4-f3271f520682 c.w.a.g.log.RequestLoggingFilter - event=request_completed method=GET uri=/actuator/prometheus status=200 durationMs=66
2026-06-09 12:07:41 [INFO][module01-actuator] [http-nio-8080-exec-1] traceId=4aa987fc-1fb0-4f6f-8a19-1160557a4172 c.w.a.g.log.RequestLoggingFilter - event=request_started method=GET uri=/actuator/prometheus
2026-06-09 12:07:41 [INFO][module01-actuator] [http-nio-8080-exec-1] traceId=4aa987fc-1fb0-4f6f-8a19-1160557a4172 c.w.a.g.log.RequestLoggingFilter - event=request_completed method=GET uri=/actuator/prometheus status=200 durationMs=56
2026-06-09 12:07:46 [INFO][module01-actuator] [http-nio-8080-exec-2] traceId=8a8d7419-6605-4e2c-8bf8-1d5a038ebad4 c.w.a.g.log.RequestLoggingFilter - event=request_started method=GET uri=/actuator/prometheus
2026-06-09 12:07:46 [INFO][module01-actuator] [http-nio-8080-exec-2] traceId=8a8d7419-6605-4e2c-8bf8-1d5a038ebad4 c.w.a.g.log.RequestLoggingFilter - event=request_completed method=GET uri=/actuator/prometheus status=200 durationMs=60
2026-06-09 12:07:51 [INFO][module01-actuator] [http-nio-8080-exec-4] traceId=0bc105d3-0ebd-411d-ad57-17067a5eec37 c.w.a.g.log.RequestLoggingFilter - event=request_started method=GET uri=/actuator/prometheus
2026-06-09 12:07:51 [INFO][module01-actuator] [http-nio-8080-exec-4] traceId=0bc105d3-0ebd-411d-ad57-17067a5eec37 c.w.a.g.log.RequestLoggingFilter - event=request_completed method=GET uri=/actuator/prometheus status=200 durationMs=60
2026-06-09 12:07:56 [INFO][module01-actuator] [http-nio-8080-exec-3] traceId=f9e197aa-55a9-43b5-ae82-b76042525308 c.w.a.g.log.RequestLoggingFilter - event=request_started method=GET uri=/actuator/prometheus
2026-06-09 12:07:56 [INFO][module01-actuator] [http-nio-8080-exec-3] traceId=f9e197aa-55a9-43b5-ae82-b76042525308 c.w.a.g.log.RequestLoggingFilter - event=request_completed method=GET uri=/actuator/prometheus status=200 durationMs=59
2026-06-09 12:08:01 [INFO][module01-actuator] [http-nio-8080-exec-5] traceId=7df267c7-afc3-42f8-87b8-1369f0565cd9 c.w.a.g.log.RequestLoggingFilter - event=request_started method=GET uri=/actuator/prometheus
2026-06-09 12:08:01 [INFO][module01-actuator] [http-nio-8080-exec-5] traceId=7df267c7-afc3-42f8-87b8-1369f0565cd9 c.w.a.g.log.RequestLoggingFilter - event=request_completed method=GET uri=/actuator/prometheus status=200 durationMs=81
2026-06-09 12:08:06 [INFO][module01-actuator] [http-nio-8080-exec-6] traceId=cd5a47f7-a1e9-4264-b5b2-58cf54c51a3d c.w.a.g.log.RequestLoggingFilter - event=request_started method=GET uri=/actuator/prometheus
2026-06-09 12:08:06 [INFO][module01-actuator] [http-nio-8080-exec-6] traceId=cd5a47f7-a1e9-4264-b5b2-58cf54c51a3d c.w.a.g.log.RequestLoggingFilter - event=request_completed method=GET uri=/actuator/prometheus status=200 durationMs=72
2026-06-09 12:08:11 [INFO][module01-actuator] [http-nio-8080-exec-7] traceId=b1374161-f458-4aee-a01b-a71da667fac8 c.w.a.g.log.RequestLoggingFilter - event=request_started method=GET uri=/actuator/prometheus
2026-06-09 12:08:11 [INFO][module01-actuator] [http-nio-8080-exec-7] traceId=b1374161-f458-4aee-a01b-a71da667fac8 c.w.a.g.log.RequestLoggingFilter - event=request_completed method=GET uri=/actuator/prometheus status=200 durationMs=79
2026-06-09 12:08:16 [INFO][module01-actuator] [http-nio-8080-exec-8] traceId=5da2bfb5-0eeb-4558-a05c-f87e6bb5fbe2 c.w.a.g.log.RequestLoggingFilter - event=request_started method=GET uri=/actuator/prometheus
2026-06-09 12:08:16 [INFO][module01-actuator] [http-nio-8080-exec-8] traceId=5da2bfb5-0eeb-4558-a05c-f87e6bb5fbe2 c.w.a.g.log.RequestLoggingFilter - event=request_completed method=GET uri=/actuator/prometheus status=200 durationMs=70
2026-06-09 12:08:21 [INFO][module01-actuator] [http-nio-8080-exec-10] traceId=1283c09c-0f91-4a3c-852b-48e878248a3f c.w.a.g.log.RequestLoggingFilter - event=request_started method=GET uri=/actuator/prometheus
2026-06-09 12:08:21 [INFO][module01-actuator] [http-nio-8080-exec-10] traceId=1283c09c-0f91-4a3c-852b-48e878248a3f c.w.a.g.log.RequestLoggingFilter - event=request_completed method=GET uri=/actuator/prometheus status=200 durationMs=145
2026-06-09 12:08:26 [INFO][module01-actuator] [http-nio-8080-exec-9] traceId=55e7da53-89df-4a2a-aa3a-bea8fd64b90c c.w.a.g.log.RequestLoggingFilter - event=request_started method=GET uri=/actuator/prometheus
2026-06-09 12:08:26 [INFO][module01-actuator] [http-nio-8080-exec-9] traceId=55e7da53-89df-4a2a-aa3a-bea8fd64b90c c.w.a.g.log.RequestLoggingFilter - event=request_completed method=GET uri=/actuator/prometheus status=200 durationMs=91
2026-06-09 12:08:31 [INFO][module01-actuator] [http-nio-8080-exec-1] traceId=6f2f4542-a162-4219-8f5e-e1c70b173ca8 c.w.a.g.log.RequestLoggingFilter - event=request_started method=GET uri=/actuator/prometheus
2026-06-09 12:08:31 [INFO][module01-actuator] [http-nio-8080-exec-1] traceId=6f2f4542-a162-4219-8f5e-e1c70b173ca8 c.w.a.g.log.RequestLoggingFilter - event=request_completed method=GET uri=/actuator/prometheus status=200 durationMs=77
2026-06-09 12:08:36 [INFO][module01-actuator] [http-nio-8080-exec-2] traceId=ed3a2266-7669-4f40-ae9d-f7c8332e782e c.w.a.g.log.RequestLoggingFilter - event=request_started method=GET uri=/actuator/prometheus
2026-06-09 12:08:36 [INFO][module01-actuator] [http-nio-8080-exec-2] traceId=ed3a2266-7669-4f40-ae9d-f7c8332e782e c.w.a.g.log.RequestLoggingFilter - event=request_completed method=GET uri=/actuator/prometheus status=200 durationMs=71
2026-06-09 12:08:41 [INFO][module01-actuator] [http-nio-8080-exec-4] traceId=7dbdd8ca-fa8d-4743-81cb-3f555726763b c.w.a.g.log.RequestLoggingFilter - event=request_started method=GET uri=/actuator/prometheus
2026-06-09 12:08:41 [INFO][module01-actuator] [http-nio-8080-exec-4] traceId=7dbdd8ca-fa8d-4743-81cb-3f555726763b c.w.a.g.log.RequestLoggingFilter - event=request_completed method=GET uri=/actuator/prometheus status=200 durationMs=77
2026-06-09 12:08:46 [INFO][module01-actuator] [http-nio-8080-exec-3] traceId=c2012e97-6bac-48c4-8e1b-478b688ae43f c.w.a.g.log.RequestLoggingFilter - event=request_started method=GET uri=/actuator/prometheus
2026-06-09 12:08:46 [INFO][module01-actuator] [http-nio-8080-exec-3] traceId=c2012e97-6bac-48c4-8e1b-478b688ae43f c.w.a.g.log.RequestLoggingFilter - event=request_completed method=GET uri=/actuator/prometheus status=200 durationMs=71
2026-06-09 12:08:51 [INFO][module01-actuator] [http-nio-8080-exec-5] traceId=e9da8b53-276d-4dc7-9745-3d3464266d31 c.w.a.g.log.RequestLoggingFilter - event=request_started method=GET uri=/actuator/prometheus
2026-06-09 12:08:51 [INFO][module01-actuator] [http-nio-8080-exec-5] traceId=e9da8b53-276d-4dc7-9745-3d3464266d31 c.w.a.g.log.RequestLoggingFilter - event=request_completed method=GET uri=/actuator/prometheus status=200 durationMs=89
2026-06-09 12:08:56 [INFO][module01-actuator] [http-nio-8080-exec-6] traceId=9b3f36b5-4d34-4c73-b7d0-0c7558bd9851 c.w.a.g.log.RequestLoggingFilter - event=request_started method=GET uri=/actuator/prometheus
2026-06-09 12:08:56 [INFO][module01-actuator] [http-nio-8080-exec-6] traceId=9b3f36b5-4d34-4c73-b7d0-0c7558bd9851 c.w.a.g.log.RequestLoggingFilter - event=request_completed method=GET uri=/actuator/prometheus status=200 durationMs=75
2026-06-09 12:09:01 [INFO][module01-actuator] [http-nio-8080-exec-7] traceId=ac82538d-a00d-4837-87fe-4f974cb86c1c c.w.a.g.log.RequestLoggingFilter - event=request_started method=GET uri=/actuator/prometheus
2026-06-09 12:09:01 [INFO][module01-actuator] [http-nio-8080-exec-7] traceId=ac82538d-a00d-4837-87fe-4f974cb86c1c c.w.a.g.log.RequestLoggingFilter - event=request_completed method=GET uri=/actuator/prometheus status=200 durationMs=152
2026-06-09 12:09:06 [INFO][module01-actuator] [http-nio-8080-exec-8] traceId=bfaac408-2f39-4d5f-81b3-d24db25292f1 c.w.a.g.log.RequestLoggingFilter - event=request_started method=GET uri=/actuator/prometheus
2026-06-09 12:09:06 [INFO][module01-actuator] [http-nio-8080-exec-8] traceId=bfaac408-2f39-4d5f-81b3-d24db25292f1 c.w.a.g.log.RequestLoggingFilter - event=request_completed method=GET uri=/actuator/prometheus status=200 durationMs=43
2026-06-09 12:09:11 [INFO][module01-actuator] [http-nio-8080-exec-10] traceId=3d42ca6a-73b1-45ce-bc89-932a7218ae9e c.w.a.g.log.RequestLoggingFilter - event=request_started method=GET uri=/actuator/prometheus
2026-06-09 12:09:11 [INFO][module01-actuator] [http-nio-8080-exec-10] traceId=3d42ca6a-73b1-45ce-bc89-932a7218ae9e c.w.a.g.log.RequestLoggingFilter - event=request_completed method=GET uri=/actuator/prometheus status=200 durationMs=42
2026-06-09 12:09:16 [INFO][module01-actuator] [http-nio-8080-exec-9] traceId=8d819a15-fae6-4be4-9e68-0d2b6a14cef6 c.w.a.g.log.RequestLoggingFilter - event=request_started method=GET uri=/actuator/prometheus
2026-06-09 12:09:16 [INFO][module01-actuator] [http-nio-8080-exec-9] traceId=8d819a15-fae6-4be4-9e68-0d2b6a14cef6 c.w.a.g.log.RequestLoggingFilter - event=request_completed method=GET uri=/actuator/prometheus status=200 durationMs=41
2026-06-09 12:09:21 [INFO][module01-actuator] [http-nio-8080-exec-1] traceId=a66d6151-1901-47da-843d-6570d5f124c2 c.w.a.g.log.RequestLoggingFilter - event=request_started method=GET uri=/actuator/prometheus
2026-06-09 12:09:21 [INFO][module01-actuator] [http-nio-8080-exec-1] traceId=a66d6151-1901-47da-843d-6570d5f124c2 c.w.a.g.log.RequestLoggingFilter - event=request_completed method=GET uri=/actuator/prometheus status=200 durationMs=38
2026-06-09 12:09:26 [INFO][module01-actuator] [http-nio-8080-exec-2] traceId=a8ccdc6b-5c47-42e6-a878-e3ac00c8f1e6 c.w.a.g.log.RequestLoggingFilter - event=request_started method=GET uri=/actuator/prometheus
2026-06-09 12:09:26 [INFO][module01-actuator] [http-nio-8080-exec-2] traceId=a8ccdc6b-5c47-42e6-a878-e3ac00c8f1e6 c.w.a.g.log.RequestLoggingFilter - event=request_completed method=GET uri=/actuator/prometheus status=200 durationMs=66
2026-06-09 12:09:31 [INFO][module01-actuator] [http-nio-8080-exec-4] traceId=a8b5efc0-0cbb-4984-90b9-7be6e33bd0f0 c.w.a.g.log.RequestLoggingFilter - event=request_started method=GET uri=/actuator/prometheus
2026-06-09 12:09:31 [INFO][module01-actuator] [http-nio-8080-exec-4] traceId=a8b5efc0-0cbb-4984-90b9-7be6e33bd0f0 c.w.a.g.log.RequestLoggingFilter - event=request_completed method=GET uri=/actuator/prometheus status=200 durationMs=49
2026-06-09 12:09:36 [INFO][module01-actuator] [http-nio-8080-exec-3] traceId=083289de-c6ef-4860-93df-f62132ad20af c.w.a.g.log.RequestLoggingFilter - event=request_started method=GET uri=/actuator/prometheus
2026-06-09 12:09:36 [INFO][module01-actuator] [http-nio-8080-exec-3] traceId=083289de-c6ef-4860-93df-f62132ad20af c.w.a.g.log.RequestLoggingFilter - event=request_completed method=GET uri=/actuator/prometheus status=200 durationMs=103
2026-06-09 12:09:41 [INFO][module01-actuator] [http-nio-8080-exec-5] traceId=2f2ee4c6-dfad-401d-89ee-046f6a5d46a0 c.w.a.g.log.RequestLoggingFilter - event=request_started method=GET uri=/actuator/prometheus
2026-06-09 12:09:41 [INFO][module01-actuator] [http-nio-8080-exec-5] traceId=2f2ee4c6-dfad-401d-89ee-046f6a5d46a0 c.w.a.g.log.RequestLoggingFilter - event=request_completed method=GET uri=/actuator/prometheus status=200 durationMs=66
2026-06-09 12:09:46 [INFO][module01-actuator] [http-nio-8080-exec-6] traceId=aeefe73f-0f2a-4a0d-9393-26f4de5e77bd c.w.a.g.log.RequestLoggingFilter - event=request_started method=GET uri=/actuator/prometheus
2026-06-09 12:09:46 [INFO][module01-actuator] [http-nio-8080-exec-6] traceId=aeefe73f-0f2a-4a0d-9393-26f4de5e77bd c.w.a.g.log.RequestLoggingFilter - event=request_completed method=GET uri=/actuator/prometheus status=200 durationMs=85
2026-06-09 12:09:51 [INFO][module01-actuator] [http-nio-8080-exec-7] traceId=4968d942-6422-41da-a7f4-1eefa8a9e1d0 c.w.a.g.log.RequestLoggingFilter - event=request_started method=GET uri=/actuator/prometheus
2026-06-09 12:09:51 [INFO][module01-actuator] [http-nio-8080-exec-7] traceId=4968d942-6422-41da-a7f4-1eefa8a9e1d0 c.w.a.g.log.RequestLoggingFilter - event=request_completed method=GET uri=/actuator/prometheus status=200 durationMs=77
2026-06-09 12:09:56 [INFO][module01-actuator] [http-nio-8080-exec-8] traceId=ff7a9b3d-026a-42c0-9f54-a758088be627 c.w.a.g.log.RequestLoggingFilter - event=request_started method=GET uri=/actuator/prometheus
2026-06-09 12:09:56 [INFO][module01-actuator] [http-nio-8080-exec-8] traceId=ff7a9b3d-026a-42c0-9f54-a758088be627 c.w.a.g.log.RequestLoggingFilter - event=request_completed method=GET uri=/actuator/prometheus status=200 durationMs=114
2026-06-09 12:10:01 [INFO][module01-actuator] [http-nio-8080-exec-10] traceId=0cddeec6-21af-480e-af8f-06f5537c182b c.w.a.g.log.RequestLoggingFilter - event=request_started method=GET uri=/actuator/prometheus
2026-06-09 12:10:01 [INFO][module01-actuator] [http-nio-8080-exec-10] traceId=0cddeec6-21af-480e-af8f-06f5537c182b c.w.a.g.log.RequestLoggingFilter - event=request_completed method=GET uri=/actuator/prometheus status=200 durationMs=80
2026-06-09 12:10:06 [INFO][module01-actuator] [http-nio-8080-exec-9] traceId=f32a3205-9575-48a5-96e8-9d77530ab169 c.w.a.g.log.RequestLoggingFilter - event=request_started method=GET uri=/actuator/prometheus
2026-06-09 12:10:06 [INFO][module01-actuator] [http-nio-8080-exec-9] traceId=f32a3205-9575-48a5-96e8-9d77530ab169 c.w.a.g.log.RequestLoggingFilter - event=request_completed method=GET uri=/actuator/prometheus status=200 durationMs=81
2026-06-09 12:10:11 [INFO][module01-actuator] [http-nio-8080-exec-1] traceId=92a5137b-77dc-4dec-9f6e-056804b281db c.w.a.g.log.RequestLoggingFilter - event=request_started method=GET uri=/actuator/prometheus
2026-06-09 12:10:11 [INFO][module01-actuator] [http-nio-8080-exec-1] traceId=92a5137b-77dc-4dec-9f6e-056804b281db c.w.a.g.log.RequestLoggingFilter - event=request_completed method=GET uri=/actuator/prometheus status=200 durationMs=85
2026-06-09 12:10:16 [INFO][module01-actuator] [http-nio-8080-exec-2] traceId=19dcd2eb-64f1-4cb0-a5c9-e015e7b091ef c.w.a.g.log.RequestLoggingFilter - event=request_started method=GET uri=/actuator/prometheus
2026-06-09 12:10:16 [INFO][module01-actuator] [http-nio-8080-exec-2] traceId=19dcd2eb-64f1-4cb0-a5c9-e015e7b091ef c.w.a.g.log.RequestLoggingFilter - event=request_completed method=GET uri=/actuator/prometheus status=200 durationMs=82
2026-06-09 12:10:21 [INFO][module01-actuator] [http-nio-8080-exec-4] traceId=28c83f1b-1fb6-4a9f-80c8-69b648f36cbd c.w.a.g.log.RequestLoggingFilter - event=request_started method=GET uri=/actuator/prometheus
2026-06-09 12:10:21 [INFO][module01-actuator] [http-nio-8080-exec-4] traceId=28c83f1b-1fb6-4a9f-80c8-69b648f36cbd c.w.a.g.log.RequestLoggingFilter - event=request_completed method=GET uri=/actuator/prometheus status=200 durationMs=104
2026-06-09 12:10:26 [INFO][module01-actuator] [http-nio-8080-exec-3] traceId=5c7166c2-d156-4f0d-8b2b-47dea42b67f1 c.w.a.g.log.RequestLoggingFilter - event=request_started method=GET uri=/actuator/prometheus
2026-06-09 12:10:26 [INFO][module01-actuator] [http-nio-8080-exec-3] traceId=5c7166c2-d156-4f0d-8b2b-47dea42b67f1 c.w.a.g.log.RequestLoggingFilter - event=request_completed method=GET uri=/actuator/prometheus status=200 durationMs=91
2026-06-09 12:10:31 [INFO][module01-actuator] [http-nio-8080-exec-5] traceId=1be4b1e8-f3c7-4be4-8d61-2915f8567453 c.w.a.g.log.RequestLoggingFilter - event=request_started method=GET uri=/actuator/prometheus
2026-06-09 12:10:31 [INFO][module01-actuator] [http-nio-8080-exec-5] traceId=1be4b1e8-f3c7-4be4-8d61-2915f8567453 c.w.a.g.log.RequestLoggingFilter - event=request_completed method=GET uri=/actuator/prometheus status=200 durationMs=123
2026-06-09 12:10:36 [INFO][module01-actuator] [http-nio-8080-exec-6] traceId=bb2aae64-7493-4606-97ca-2ca310404367 c.w.a.g.log.RequestLoggingFilter - event=request_started method=GET uri=/actuator/prometheus
2026-06-09 12:10:36 [INFO][module01-actuator] [http-nio-8080-exec-6] traceId=bb2aae64-7493-4606-97ca-2ca310404367 c.w.a.g.log.RequestLoggingFilter - event=request_completed method=GET uri=/actuator/prometheus status=200 durationMs=59
2026-06-09 12:10:41 [INFO][module01-actuator] [http-nio-8080-exec-7] traceId=cd1399e5-8f82-4009-9dec-389cbac29f86 c.w.a.g.log.RequestLoggingFilter - event=request_started method=GET uri=/actuator/prometheus
2026-06-09 12:10:41 [INFO][module01-actuator] [http-nio-8080-exec-7] traceId=cd1399e5-8f82-4009-9dec-389cbac29f86 c.w.a.g.log.RequestLoggingFilter - event=request_completed method=GET uri=/actuator/prometheus status=200 durationMs=76
2026-06-09 12:10:46 [INFO][module01-actuator] [http-nio-8080-exec-8] traceId=d939acd2-6b22-4c53-b1a5-6acc2b7919e9 c.w.a.g.log.RequestLoggingFilter - event=request_started method=GET uri=/actuator/prometheus
2026-06-09 12:10:46 [INFO][module01-actuator] [http-nio-8080-exec-8] traceId=d939acd2-6b22-4c53-b1a5-6acc2b7919e9 c.w.a.g.log.RequestLoggingFilter - event=request_completed method=GET uri=/actuator/prometheus status=200 durationMs=74
2026-06-09 12:10:51 [INFO][module01-actuator] [http-nio-8080-exec-10] traceId=8b2ff8d2-2645-4c10-81aa-45e21c90b831 c.w.a.g.log.RequestLoggingFilter - event=request_started method=GET uri=/actuator/prometheus
2026-06-09 12:10:51 [INFO][module01-actuator] [http-nio-8080-exec-10] traceId=8b2ff8d2-2645-4c10-81aa-45e21c90b831 c.w.a.g.log.RequestLoggingFilter - event=request_completed method=GET uri=/actuator/prometheus status=200 durationMs=61
2026-06-09 12:10:56 [INFO][module01-actuator] [http-nio-8080-exec-9] traceId=63457bc6-23bf-445f-ba0d-1ae6b3caa7f6 c.w.a.g.log.RequestLoggingFilter - event=request_started method=GET uri=/actuator/prometheus
2026-06-09 12:10:56 [INFO][module01-actuator] [http-nio-8080-exec-9] traceId=63457bc6-23bf-445f-ba0d-1ae6b3caa7f6 c.w.a.g.log.RequestLoggingFilter - event=request_completed method=GET uri=/actuator/prometheus status=200 durationMs=40
2026-06-09 12:11:01 [INFO][module01-actuator] [http-nio-8080-exec-1] traceId=d9d00836-f730-45b5-a5c8-5b758da8a02c c.w.a.g.log.RequestLoggingFilter - event=request_started method=GET uri=/actuator/prometheus
2026-06-09 12:11:01 [INFO][module01-actuator] [http-nio-8080-exec-1] traceId=d9d00836-f730-45b5-a5c8-5b758da8a02c c.w.a.g.log.RequestLoggingFilter - event=request_completed method=GET uri=/actuator/prometheus status=200 durationMs=45
2026-06-09 12:11:06 [INFO][module01-actuator] [http-nio-8080-exec-2] traceId=c09dd0f2-721e-4862-b755-d2c32f85c7dd c.w.a.g.log.RequestLoggingFilter - event=request_started method=GET uri=/actuator/prometheus
2026-06-09 12:11:06 [INFO][module01-actuator] [http-nio-8080-exec-2] traceId=c09dd0f2-721e-4862-b755-d2c32f85c7dd c.w.a.g.log.RequestLoggingFilter - event=request_completed method=GET uri=/actuator/prometheus status=200 durationMs=76
2026-06-09 12:11:11 [INFO][module01-actuator] [http-nio-8080-exec-4] traceId=299b6ade-d2ec-457e-a3f3-e0a9fccf0fcd c.w.a.g.log.RequestLoggingFilter - event=request_started method=GET uri=/actuator/prometheus
2026-06-09 12:11:11 [INFO][module01-actuator] [http-nio-8080-exec-4] traceId=299b6ade-d2ec-457e-a3f3-e0a9fccf0fcd c.w.a.g.log.RequestLoggingFilter - event=request_completed method=GET uri=/actuator/prometheus status=200 durationMs=71
2026-06-09 12:11:16 [INFO][module01-actuator] [http-nio-8080-exec-3] traceId=4f910cbe-60be-47cb-8a70-26f3484babbb c.w.a.g.log.RequestLoggingFilter - event=request_started method=GET uri=/actuator/prometheus
2026-06-09 12:11:16 [INFO][module01-actuator] [http-nio-8080-exec-3] traceId=4f910cbe-60be-47cb-8a70-26f3484babbb c.w.a.g.log.RequestLoggingFilter - event=request_completed method=GET uri=/actuator/prometheus status=200 durationMs=82
2026-06-09 12:11:21 [INFO][module01-actuator] [http-nio-8080-exec-5] traceId=57ed9f11-a026-4063-985d-556fef4b6e05 c.w.a.g.log.RequestLoggingFilter - event=request_started method=GET uri=/actuator/prometheus
2026-06-09 12:11:21 [INFO][module01-actuator] [http-nio-8080-exec-5] traceId=57ed9f11-a026-4063-985d-556fef4b6e05 c.w.a.g.log.RequestLoggingFilter - event=request_completed method=GET uri=/actuator/prometheus status=200 durationMs=72
2026-06-09 12:11:26 [INFO][module01-actuator] [http-nio-8080-exec-6] traceId=4356c618-4d6b-41d2-90e1-d9f150d2625a c.w.a.g.log.RequestLoggingFilter - event=request_started method=GET uri=/actuator/prometheus
2026-06-09 12:11:26 [INFO][module01-actuator] [http-nio-8080-exec-6] traceId=4356c618-4d6b-41d2-90e1-d9f150d2625a c.w.a.g.log.RequestLoggingFilter - event=request_completed method=GET uri=/actuator/prometheus status=200 durationMs=94
2026-06-09 12:11:31 [INFO][module01-actuator] [http-nio-8080-exec-7] traceId=d69347c8-ab64-4564-a49c-f98c86c5cfca c.w.a.g.log.RequestLoggingFilter - event=request_started method=GET uri=/actuator/prometheus
2026-06-09 12:11:31 [INFO][module01-actuator] [http-nio-8080-exec-7] traceId=d69347c8-ab64-4564-a49c-f98c86c5cfca c.w.a.g.log.RequestLoggingFilter - event=request_completed method=GET uri=/actuator/prometheus status=200 durationMs=69
2026-06-09 12:11:36 [INFO][module01-actuator] [http-nio-8080-exec-8] traceId=d362746b-3b24-4f7f-9b46-caad81742095 c.w.a.g.log.RequestLoggingFilter - event=request_started method=GET uri=/actuator/prometheus
2026-06-09 12:11:36 [INFO][module01-actuator] [http-nio-8080-exec-8] traceId=d362746b-3b24-4f7f-9b46-caad81742095 c.w.a.g.log.RequestLoggingFilter - event=request_completed method=GET uri=/actuator/prometheus status=200 durationMs=80
2026-06-09 12:11:41 [INFO][module01-actuator] [http-nio-8080-exec-10] traceId=ffa6eecd-8353-4ede-9302-7220b0a2ae91 c.w.a.g.log.RequestLoggingFilter - event=request_started method=GET uri=/actuator/prometheus
2026-06-09 12:11:41 [INFO][module01-actuator] [http-nio-8080-exec-10] traceId=ffa6eecd-8353-4ede-9302-7220b0a2ae91 c.w.a.g.log.RequestLoggingFilter - event=request_completed method=GET uri=/actuator/prometheus status=200 durationMs=84
2026-06-09 12:11:46 [INFO][module01-actuator] [http-nio-8080-exec-9] traceId=7e8b6dc3-18f8-468a-9147-b4a9c6a30953 c.w.a.g.log.RequestLoggingFilter - event=request_started method=GET uri=/actuator/prometheus
2026-06-09 12:11:46 [INFO][module01-actuator] [http-nio-8080-exec-9] traceId=7e8b6dc3-18f8-468a-9147-b4a9c6a30953 c.w.a.g.log.RequestLoggingFilter - event=request_completed method=GET uri=/actuator/prometheus status=200 durationMs=68
2026-06-09 12:11:51 [INFO][module01-actuator] [http-nio-8080-exec-1] traceId=66f237da-6638-461a-9897-b278e8c8a4c8 c.w.a.g.log.RequestLoggingFilter - event=request_started method=GET uri=/actuator/prometheus
2026-06-09 12:11:51 [INFO][module01-actuator] [http-nio-8080-exec-1] traceId=66f237da-6638-461a-9897-b278e8c8a4c8 c.w.a.g.log.RequestLoggingFilter - event=request_completed method=GET uri=/actuator/prometheus status=200 durationMs=75
2026-06-09 12:11:56 [INFO][module01-actuator] [http-nio-8080-exec-2] traceId=a5ad133f-0b5f-4739-8d5b-5c780ef5cd46 c.w.a.g.log.RequestLoggingFilter - event=request_started method=GET uri=/actuator/prometheus
2026-06-09 12:11:56 [INFO][module01-actuator] [http-nio-8080-exec-2] traceId=a5ad133f-0b5f-4739-8d5b-5c780ef5cd46 c.w.a.g.log.RequestLoggingFilter - event=request_completed method=GET uri=/actuator/prometheus status=200 durationMs=77
2026-06-09 12:12:01 [INFO][module01-actuator] [http-nio-8080-exec-4] traceId=aa8ceae9-2419-480b-986c-d93e3ae17207 c.w.a.g.log.RequestLoggingFilter - event=request_started method=GET uri=/actuator/prometheus
2026-06-09 12:12:01 [INFO][module01-actuator] [http-nio-8080-exec-4] traceId=aa8ceae9-2419-480b-986c-d93e3ae17207 c.w.a.g.log.RequestLoggingFilter - event=request_completed method=GET uri=/actuator/prometheus status=200 durationMs=126
2026-06-09 12:12:06 [INFO][module01-actuator] [http-nio-8080-exec-3] traceId=7ade6a83-678e-428f-8eee-486f79af7644 c.w.a.g.log.RequestLoggingFilter - event=request_started method=GET uri=/actuator/prometheus
2026-06-09 12:12:06 [INFO][module01-actuator] [http-nio-8080-exec-3] traceId=7ade6a83-678e-428f-8eee-486f79af7644 c.w.a.g.log.RequestLoggingFilter - event=request_completed method=GET uri=/actuator/prometheus status=200 durationMs=82
2026-06-09 12:12:11 [INFO][module01-actuator] [http-nio-8080-exec-5] traceId=bd5fbe1e-46c6-46a9-a524-d28912b12849 c.w.a.g.log.RequestLoggingFilter - event=request_started method=GET uri=/actuator/prometheus
2026-06-09 12:12:11 [INFO][module01-actuator] [http-nio-8080-exec-5] traceId=bd5fbe1e-46c6-46a9-a524-d28912b12849 c.w.a.g.log.RequestLoggingFilter - event=request_completed method=GET uri=/actuator/prometheus status=200 durationMs=73
2026-06-09 12:12:16 [INFO][module01-actuator] [http-nio-8080-exec-6] traceId=18daf2e4-1e40-48a5-b423-d7f8526c3fb7 c.w.a.g.log.RequestLoggingFilter - event=request_started method=GET uri=/actuator/prometheus
2026-06-09 12:12:16 [INFO][module01-actuator] [http-nio-8080-exec-6] traceId=18daf2e4-1e40-48a5-b423-d7f8526c3fb7 c.w.a.g.log.RequestLoggingFilter - event=request_completed method=GET uri=/actuator/prometheus status=200 durationMs=99
2026-06-09 12:12:21 [INFO][module01-actuator] [http-nio-8080-exec-7] traceId=858e7ca8-3118-4ccb-9379-816ba55534fd c.w.a.g.log.RequestLoggingFilter - event=request_started method=GET uri=/actuator/prometheus
2026-06-09 12:12:21 [INFO][module01-actuator] [http-nio-8080-exec-7] traceId=858e7ca8-3118-4ccb-9379-816ba55534fd c.w.a.g.log.RequestLoggingFilter - event=request_completed method=GET uri=/actuator/prometheus status=200 durationMs=70
2026-06-09 12:12:26 [INFO][module01-actuator] [http-nio-8080-exec-8] traceId=0b994f8c-97f0-453a-804c-40d35aebeb74 c.w.a.g.log.RequestLoggingFilter - event=request_started method=GET uri=/actuator/prometheus
2026-06-09 12:12:26 [INFO][module01-actuator] [http-nio-8080-exec-8] traceId=0b994f8c-97f0-453a-804c-40d35aebeb74 c.w.a.g.log.RequestLoggingFilter - event=request_completed method=GET uri=/actuator/prometheus status=200 durationMs=70
2026-06-09 12:12:31 [INFO][module01-actuator] [http-nio-8080-exec-10] traceId=923b8f58-ad87-44da-a667-c13d3d5f9a6b c.w.a.g.log.RequestLoggingFilter - event=request_started method=GET uri=/actuator/prometheus
2026-06-09 12:12:31 [INFO][module01-actuator] [http-nio-8080-exec-10] traceId=923b8f58-ad87-44da-a667-c13d3d5f9a6b c.w.a.g.log.RequestLoggingFilter - event=request_completed method=GET uri=/actuator/prometheus status=200 durationMs=80
2026-06-09 12:12:36 [INFO][module01-actuator] [http-nio-8080-exec-9] traceId=64ca4a2c-44de-4c3d-bd0d-4a41e135c007 c.w.a.g.log.RequestLoggingFilter - event=request_started method=GET uri=/actuator/prometheus
2026-06-09 12:12:36 [INFO][module01-actuator] [http-nio-8080-exec-9] traceId=64ca4a2c-44de-4c3d-bd0d-4a41e135c007 c.w.a.g.log.RequestLoggingFilter - event=request_completed method=GET uri=/actuator/prometheus status=200 durationMs=75
2026-06-09 12:12:41 [INFO][module01-actuator] [http-nio-8080-exec-1] traceId=148cb2ea-0b5a-4667-8c86-1bb3da182317 c.w.a.g.log.RequestLoggingFilter - event=request_started method=GET uri=/actuator/prometheus
2026-06-09 12:12:41 [INFO][module01-actuator] [http-nio-8080-exec-1] traceId=148cb2ea-0b5a-4667-8c86-1bb3da182317 c.w.a.g.log.RequestLoggingFilter - event=request_completed method=GET uri=/actuator/prometheus status=200 durationMs=145
2026-06-09 12:12:46 [INFO][module01-actuator] [http-nio-8080-exec-2] traceId=634f76dd-b28d-4e40-8a30-9a3a3ee99d11 c.w.a.g.log.RequestLoggingFilter - event=request_started method=GET uri=/actuator/prometheus
2026-06-09 12:12:46 [INFO][module01-actuator] [http-nio-8080-exec-2] traceId=634f76dd-b28d-4e40-8a30-9a3a3ee99d11 c.w.a.g.log.RequestLoggingFilter - event=request_completed method=GET uri=/actuator/prometheus status=200 durationMs=101
2026-06-09 12:12:51 [INFO][module01-actuator] [http-nio-8080-exec-4] traceId=7a173eb0-6e16-4e6a-93e2-b9abd4ce6945 c.w.a.g.log.RequestLoggingFilter - event=request_started method=GET uri=/actuator/prometheus
2026-06-09 12:12:51 [INFO][module01-actuator] [http-nio-8080-exec-4] traceId=7a173eb0-6e16-4e6a-93e2-b9abd4ce6945 c.w.a.g.log.RequestLoggingFilter - event=request_completed method=GET uri=/actuator/prometheus status=200 durationMs=82
2026-06-09 12:12:56 [INFO][module01-actuator] [http-nio-8080-exec-3] traceId=42730c17-0b6e-4a8c-9c21-e8cf5253b67e c.w.a.g.log.RequestLoggingFilter - event=request_started method=GET uri=/actuator/prometheus
2026-06-09 12:12:56 [INFO][module01-actuator] [http-nio-8080-exec-3] traceId=42730c17-0b6e-4a8c-9c21-e8cf5253b67e c.w.a.g.log.RequestLoggingFilter - event=request_completed method=GET uri=/actuator/prometheus status=200 durationMs=45
2026-06-09 12:13:01 [INFO][module01-actuator] [http-nio-8080-exec-5] traceId=9a577537-7fc2-4b26-91db-b9cb822f918f c.w.a.g.log.RequestLoggingFilter - event=request_started method=GET uri=/actuator/prometheus
2026-06-09 12:13:01 [INFO][module01-actuator] [http-nio-8080-exec-5] traceId=9a577537-7fc2-4b26-91db-b9cb822f918f c.w.a.g.log.RequestLoggingFilter - event=request_completed method=GET uri=/actuator/prometheus status=200 durationMs=51
2026-06-09 12:13:06 [INFO][module01-actuator] [http-nio-8080-exec-6] traceId=47320196-d3e0-4051-b9c9-c8b9d6d351a2 c.w.a.g.log.RequestLoggingFilter - event=request_started method=GET uri=/actuator/prometheus
2026-06-09 12:13:06 [INFO][module01-actuator] [http-nio-8080-exec-6] traceId=47320196-d3e0-4051-b9c9-c8b9d6d351a2 c.w.a.g.log.RequestLoggingFilter - event=request_completed method=GET uri=/actuator/prometheus status=200 durationMs=38
2026-06-09 12:13:11 [INFO][module01-actuator] [http-nio-8080-exec-7] traceId=543dc096-9f0a-4455-89b4-a723d1174691 c.w.a.g.log.RequestLoggingFilter - event=request_started method=GET uri=/actuator/prometheus
2026-06-09 12:13:11 [INFO][module01-actuator] [http-nio-8080-exec-7] traceId=543dc096-9f0a-4455-89b4-a723d1174691 c.w.a.g.log.RequestLoggingFilter - event=request_completed method=GET uri=/actuator/prometheus status=200 durationMs=81
2026-06-09 12:13:16 [INFO][module01-actuator] [http-nio-8080-exec-8] traceId=37e7f92d-cf2e-4982-ae69-7f5cce636eaa c.w.a.g.log.RequestLoggingFilter - event=request_started method=GET uri=/actuator/prometheus
2026-06-09 12:13:16 [INFO][module01-actuator] [http-nio-8080-exec-8] traceId=37e7f92d-cf2e-4982-ae69-7f5cce636eaa c.w.a.g.log.RequestLoggingFilter - event=request_completed method=GET uri=/actuator/prometheus status=200 durationMs=88
2026-06-09 12:13:21 [INFO][module01-actuator] [http-nio-8080-exec-10] traceId=4f259a01-d2da-430b-b2e7-3ac6f8c3bfda c.w.a.g.log.RequestLoggingFilter - event=request_started method=GET uri=/actuator/prometheus
2026-06-09 12:13:21 [INFO][module01-actuator] [http-nio-8080-exec-10] traceId=4f259a01-d2da-430b-b2e7-3ac6f8c3bfda c.w.a.g.log.RequestLoggingFilter - event=request_completed method=GET uri=/actuator/prometheus status=200 durationMs=69
2026-06-09 12:13:26 [INFO][module01-actuator] [http-nio-8080-exec-9] traceId=d0ad05ce-7979-49f3-b00b-0ee1d9808b74 c.w.a.g.log.RequestLoggingFilter - event=request_started method=GET uri=/actuator/prometheus
2026-06-09 12:13:26 [INFO][module01-actuator] [http-nio-8080-exec-9] traceId=d0ad05ce-7979-49f3-b00b-0ee1d9808b74 c.w.a.g.log.RequestLoggingFilter - event=request_completed method=GET uri=/actuator/prometheus status=200 durationMs=123
2026-06-09 12:13:31 [INFO][module01-actuator] [http-nio-8080-exec-1] traceId=d549232d-1795-4c58-8ed8-89305f3c4461 c.w.a.g.log.RequestLoggingFilter - event=request_started method=GET uri=/actuator/prometheus
2026-06-09 12:13:31 [INFO][module01-actuator] [http-nio-8080-exec-1] traceId=d549232d-1795-4c58-8ed8-89305f3c4461 c.w.a.g.log.RequestLoggingFilter - event=request_completed method=GET uri=/actuator/prometheus status=200 durationMs=81
2026-06-09 12:13:36 [INFO][module01-actuator] [http-nio-8080-exec-2] traceId=1a691206-0740-4e28-a671-05212e46996d c.w.a.g.log.RequestLoggingFilter - event=request_started method=GET uri=/actuator/prometheus
2026-06-09 12:13:36 [INFO][module01-actuator] [http-nio-8080-exec-2] traceId=1a691206-0740-4e28-a671-05212e46996d c.w.a.g.log.RequestLoggingFilter - event=request_completed method=GET uri=/actuator/prometheus status=200 durationMs=73
2026-06-09 12:13:41 [INFO][module01-actuator] [http-nio-8080-exec-4] traceId=3e2d3742-93dc-468f-9fdc-74f874dd69ab c.w.a.g.log.RequestLoggingFilter - event=request_started method=GET uri=/actuator/prometheus
2026-06-09 12:13:41 [INFO][module01-actuator] [http-nio-8080-exec-4] traceId=3e2d3742-93dc-468f-9fdc-74f874dd69ab c.w.a.g.log.RequestLoggingFilter - event=request_completed method=GET uri=/actuator/prometheus status=200 durationMs=84
2026-06-09 12:13:46 [INFO][module01-actuator] [http-nio-8080-exec-3] traceId=5d850003-085c-4fdd-ad4e-291c5cdd9a3e c.w.a.g.log.RequestLoggingFilter - event=request_started method=GET uri=/actuator/prometheus
2026-06-09 12:13:46 [INFO][module01-actuator] [http-nio-8080-exec-3] traceId=5d850003-085c-4fdd-ad4e-291c5cdd9a3e c.w.a.g.log.RequestLoggingFilter - event=request_completed method=GET uri=/actuator/prometheus status=200 durationMs=42
2026-06-09 12:13:51 [INFO][module01-actuator] [http-nio-8080-exec-5] traceId=eacb7498-3e1b-435c-9faa-934da68512c4 c.w.a.g.log.RequestLoggingFilter - event=request_started method=GET uri=/actuator/prometheus
2026-06-09 12:13:51 [INFO][module01-actuator] [http-nio-8080-exec-5] traceId=eacb7498-3e1b-435c-9faa-934da68512c4 c.w.a.g.log.RequestLoggingFilter - event=request_completed method=GET uri=/actuator/prometheus status=200 durationMs=74
2026-06-09 12:13:56 [INFO][module01-actuator] [http-nio-8080-exec-6] traceId=846c0f1d-835b-4628-8738-939ec2ed28a5 c.w.a.g.log.RequestLoggingFilter - event=request_started method=GET uri=/actuator/prometheus
2026-06-09 12:13:56 [INFO][module01-actuator] [http-nio-8080-exec-6] traceId=846c0f1d-835b-4628-8738-939ec2ed28a5 c.w.a.g.log.RequestLoggingFilter - event=request_completed method=GET uri=/actuator/prometheus status=200 durationMs=66
2026-06-09 12:14:01 [INFO][module01-actuator] [http-nio-8080-exec-7] traceId=4ae374bb-3c53-450d-972e-13794064bb78 c.w.a.g.log.RequestLoggingFilter - event=request_started method=GET uri=/actuator/prometheus
2026-06-09 12:14:01 [INFO][module01-actuator] [http-nio-8080-exec-7] traceId=4ae374bb-3c53-450d-972e-13794064bb78 c.w.a.g.log.RequestLoggingFilter - event=request_completed method=GET uri=/actuator/prometheus status=200 durationMs=80
2026-06-09 12:14:06 [INFO][module01-actuator] [http-nio-8080-exec-8] traceId=2243a8a2-46dd-4bd8-9b06-a1f97f353f38 c.w.a.g.log.RequestLoggingFilter - event=request_started method=GET uri=/actuator/prometheus
2026-06-09 12:14:06 [INFO][module01-actuator] [http-nio-8080-exec-8] traceId=2243a8a2-46dd-4bd8-9b06-a1f97f353f38 c.w.a.g.log.RequestLoggingFilter - event=request_completed method=GET uri=/actuator/prometheus status=200 durationMs=60
2026-06-09 12:14:11 [INFO][module01-actuator] [http-nio-8080-exec-10] traceId=d6a5989a-ffe0-4026-8611-396cbac3e965 c.w.a.g.log.RequestLoggingFilter - event=request_started method=GET uri=/actuator/prometheus
2026-06-09 12:14:11 [INFO][module01-actuator] [http-nio-8080-exec-10] traceId=d6a5989a-ffe0-4026-8611-396cbac3e965 c.w.a.g.log.RequestLoggingFilter - event=request_completed method=GET uri=/actuator/prometheus status=200 durationMs=59
2026-06-09 12:14:16 [INFO][module01-actuator] [http-nio-8080-exec-9] traceId=61c4c360-e67c-4ca7-9eda-f4647c1517a3 c.w.a.g.log.RequestLoggingFilter - event=request_started method=GET uri=/actuator/prometheus
2026-06-09 12:14:16 [INFO][module01-actuator] [http-nio-8080-exec-9] traceId=61c4c360-e67c-4ca7-9eda-f4647c1517a3 c.w.a.g.log.RequestLoggingFilter - event=request_completed method=GET uri=/actuator/prometheus status=200 durationMs=60
2026-06-09 12:14:21 [INFO][module01-actuator] [http-nio-8080-exec-1] traceId=5208f7e2-57fd-4697-a7ff-b31e7ecce353 c.w.a.g.log.RequestLoggingFilter - event=request_started method=GET uri=/actuator/prometheus
2026-06-09 12:14:21 [INFO][module01-actuator] [http-nio-8080-exec-1] traceId=5208f7e2-57fd-4697-a7ff-b31e7ecce353 c.w.a.g.log.RequestLoggingFilter - event=request_completed method=GET uri=/actuator/prometheus status=200 durationMs=62
2026-06-09 12:14:26 [INFO][module01-actuator] [http-nio-8080-exec-2] traceId=dbf57eb1-c454-492a-88f0-1c113b35d900 c.w.a.g.log.RequestLoggingFilter - event=request_started method=GET uri=/actuator/prometheus
2026-06-09 12:14:26 [INFO][module01-actuator] [http-nio-8080-exec-2] traceId=dbf57eb1-c454-492a-88f0-1c113b35d900 c.w.a.g.log.RequestLoggingFilter - event=request_completed method=GET uri=/actuator/prometheus status=200 durationMs=57
2026-06-09 12:14:31 [INFO][module01-actuator] [http-nio-8080-exec-4] traceId=a0eba711-0037-49fe-ad33-78d738c01b73 c.w.a.g.log.RequestLoggingFilter - event=request_started method=GET uri=/actuator/prometheus
2026-06-09 12:14:31 [INFO][module01-actuator] [http-nio-8080-exec-4] traceId=a0eba711-0037-49fe-ad33-78d738c01b73 c.w.a.g.log.RequestLoggingFilter - event=request_completed method=GET uri=/actuator/prometheus status=200 durationMs=63
2026-06-09 12:14:36 [INFO][module01-actuator] [http-nio-8080-exec-3] traceId=15f0ec21-cb91-41f6-8ffc-fd3dfb0ee296 c.w.a.g.log.RequestLoggingFilter - event=request_started method=GET uri=/actuator/prometheus
2026-06-09 12:14:36 [INFO][module01-actuator] [http-nio-8080-exec-3] traceId=15f0ec21-cb91-41f6-8ffc-fd3dfb0ee296 c.w.a.g.log.RequestLoggingFilter - event=request_completed method=GET uri=/actuator/prometheus status=200 durationMs=51
2026-06-09 12:14:41 [INFO][module01-actuator] [http-nio-8080-exec-5] traceId=2790899a-908b-420d-8bbc-90098e7911b7 c.w.a.g.log.RequestLoggingFilter - event=request_started method=GET uri=/actuator/prometheus
2026-06-09 12:14:41 [INFO][module01-actuator] [http-nio-8080-exec-5] traceId=2790899a-908b-420d-8bbc-90098e7911b7 c.w.a.g.log.RequestLoggingFilter - event=request_completed method=GET uri=/actuator/prometheus status=200 durationMs=118
2026-06-09 12:14:46 [INFO][module01-actuator] [http-nio-8080-exec-6] traceId=4f63083e-e046-4be5-a43f-93253e1aa2eb c.w.a.g.log.RequestLoggingFilter - event=request_started method=GET uri=/actuator/prometheus
2026-06-09 12:14:46 [INFO][module01-actuator] [http-nio-8080-exec-6] traceId=4f63083e-e046-4be5-a43f-93253e1aa2eb c.w.a.g.log.RequestLoggingFilter - event=request_completed method=GET uri=/actuator/prometheus status=200 durationMs=83
2026-06-09 12:14:51 [INFO][module01-actuator] [http-nio-8080-exec-7] traceId=844769f2-e095-4b4f-af76-b77a71ce430e c.w.a.g.log.RequestLoggingFilter - event=request_started method=GET uri=/actuator/prometheus
2026-06-09 12:14:51 [INFO][module01-actuator] [http-nio-8080-exec-7] traceId=844769f2-e095-4b4f-af76-b77a71ce430e c.w.a.g.log.RequestLoggingFilter - event=request_completed method=GET uri=/actuator/prometheus status=200 durationMs=69
2026-06-09 12:14:56 [INFO][module01-actuator] [http-nio-8080-exec-8] traceId=70954ac2-b3b8-4e88-8e18-1d7727696c6e c.w.a.g.log.RequestLoggingFilter - event=request_started method=GET uri=/actuator/prometheus
2026-06-09 12:14:56 [INFO][module01-actuator] [http-nio-8080-exec-8] traceId=70954ac2-b3b8-4e88-8e18-1d7727696c6e c.w.a.g.log.RequestLoggingFilter - event=request_completed method=GET uri=/actuator/prometheus status=200 durationMs=90
2026-06-09 12:15:01 [INFO][module01-actuator] [http-nio-8080-exec-10] traceId=74e28337-b455-448c-834e-c84242bd1bdf c.w.a.g.log.RequestLoggingFilter - event=request_started method=GET uri=/actuator/prometheus
2026-06-09 12:15:01 [INFO][module01-actuator] [http-nio-8080-exec-10] traceId=74e28337-b455-448c-834e-c84242bd1bdf c.w.a.g.log.RequestLoggingFilter - event=request_completed method=GET uri=/actuator/prometheus status=200 durationMs=81
2026-06-09 12:15:06 [INFO][module01-actuator] [http-nio-8080-exec-9] traceId=9e238b12-4646-40c7-a9ec-ba9794e5e385 c.w.a.g.log.RequestLoggingFilter - event=request_started method=GET uri=/actuator/prometheus
2026-06-09 12:15:06 [INFO][module01-actuator] [http-nio-8080-exec-9] traceId=9e238b12-4646-40c7-a9ec-ba9794e5e385 c.w.a.g.log.RequestLoggingFilter - event=request_completed method=GET uri=/actuator/prometheus status=200 durationMs=135
2026-06-09 12:15:11 [INFO][module01-actuator] [http-nio-8080-exec-1] traceId=66dc1651-6e71-4852-83d2-28616397d438 c.w.a.g.log.RequestLoggingFilter - event=request_started method=GET uri=/actuator/prometheus
2026-06-09 12:15:11 [INFO][module01-actuator] [http-nio-8080-exec-1] traceId=66dc1651-6e71-4852-83d2-28616397d438 c.w.a.g.log.RequestLoggingFilter - event=request_completed method=GET uri=/actuator/prometheus status=200 durationMs=85
2026-06-09 12:15:16 [INFO][module01-actuator] [http-nio-8080-exec-2] traceId=b70ef0a4-3009-4a8e-bc3d-f4e9656cff91 c.w.a.g.log.RequestLoggingFilter - event=request_started method=GET uri=/actuator/prometheus
2026-06-09 12:15:16 [INFO][module01-actuator] [http-nio-8080-exec-2] traceId=b70ef0a4-3009-4a8e-bc3d-f4e9656cff91 c.w.a.g.log.RequestLoggingFilter - event=request_completed method=GET uri=/actuator/prometheus status=200 durationMs=65
2026-06-09 12:15:21 [INFO][module01-actuator] [http-nio-8080-exec-4] traceId=427979cd-cb0a-4f75-b0ad-d62536ac600a c.w.a.g.log.RequestLoggingFilter - event=request_started method=GET uri=/actuator/prometheus
2026-06-09 12:15:21 [INFO][module01-actuator] [http-nio-8080-exec-4] traceId=427979cd-cb0a-4f75-b0ad-d62536ac600a c.w.a.g.log.RequestLoggingFilter - event=request_completed method=GET uri=/actuator/prometheus status=200 durationMs=88
2026-06-09 12:15:26 [INFO][module01-actuator] [http-nio-8080-exec-3] traceId=0bd6e7a6-ff24-4554-9bff-59fe9e99d117 c.w.a.g.log.RequestLoggingFilter - event=request_started method=GET uri=/actuator/prometheus
2026-06-09 12:15:26 [INFO][module01-actuator] [http-nio-8080-exec-3] traceId=0bd6e7a6-ff24-4554-9bff-59fe9e99d117 c.w.a.g.log.RequestLoggingFilter - event=request_completed method=GET uri=/actuator/prometheus status=200 durationMs=83
2026-06-09 12:15:31 [INFO][module01-actuator] [http-nio-8080-exec-5] traceId=6a887963-a83f-473f-b705-5783c1ced208 c.w.a.g.log.RequestLoggingFilter - event=request_started method=GET uri=/actuator/prometheus
2026-06-09 12:15:31 [INFO][module01-actuator] [http-nio-8080-exec-5] traceId=6a887963-a83f-473f-b705-5783c1ced208 c.w.a.g.log.RequestLoggingFilter - event=request_completed method=GET uri=/actuator/prometheus status=200 durationMs=81
2026-06-09 12:15:36 [INFO][module01-actuator] [http-nio-8080-exec-6] traceId=b63b81a9-d040-451a-8d7b-1bd474dd3924 c.w.a.g.log.RequestLoggingFilter - event=request_started method=GET uri=/actuator/prometheus
2026-06-09 12:15:36 [INFO][module01-actuator] [http-nio-8080-exec-6] traceId=b63b81a9-d040-451a-8d7b-1bd474dd3924 c.w.a.g.log.RequestLoggingFilter - event=request_completed method=GET uri=/actuator/prometheus status=200 durationMs=61
2026-06-09 12:15:41 [INFO][module01-actuator] [http-nio-8080-exec-7] traceId=43586c52-9f24-4371-8cbe-426e6ee3cfc9 c.w.a.g.log.RequestLoggingFilter - event=request_started method=GET uri=/actuator/prometheus
2026-06-09 12:15:41 [INFO][module01-actuator] [http-nio-8080-exec-7] traceId=43586c52-9f24-4371-8cbe-426e6ee3cfc9 c.w.a.g.log.RequestLoggingFilter - event=request_completed method=GET uri=/actuator/prometheus status=200 durationMs=62
2026-06-09 12:15:46 [INFO][module01-actuator] [http-nio-8080-exec-8] traceId=135d3be8-7342-4fdc-8e67-09c80eade4ee c.w.a.g.log.RequestLoggingFilter - event=request_started method=GET uri=/actuator/prometheus
2026-06-09 12:15:46 [INFO][module01-actuator] [http-nio-8080-exec-8] traceId=135d3be8-7342-4fdc-8e67-09c80eade4ee c.w.a.g.log.RequestLoggingFilter - event=request_completed method=GET uri=/actuator/prometheus status=200 durationMs=70
2026-06-09 12:15:51 [INFO][module01-actuator] [http-nio-8080-exec-10] traceId=e9e4cfe8-3e22-4df0-b624-3178b41ed246 c.w.a.g.log.RequestLoggingFilter - event=request_started method=GET uri=/actuator/prometheus
2026-06-09 12:15:51 [INFO][module01-actuator] [http-nio-8080-exec-10] traceId=e9e4cfe8-3e22-4df0-b624-3178b41ed246 c.w.a.g.log.RequestLoggingFilter - event=request_completed method=GET uri=/actuator/prometheus status=200 durationMs=58
2026-06-09 12:15:56 [INFO][module01-actuator] [http-nio-8080-exec-9] traceId=9ef79585-c709-4d9b-9505-3308a8a74ff2 c.w.a.g.log.RequestLoggingFilter - event=request_started method=GET uri=/actuator/prometheus
2026-06-09 12:15:56 [INFO][module01-actuator] [http-nio-8080-exec-9] traceId=9ef79585-c709-4d9b-9505-3308a8a74ff2 c.w.a.g.log.RequestLoggingFilter - event=request_completed method=GET uri=/actuator/prometheus status=200 durationMs=57
2026-06-09 12:16:01 [INFO][module01-actuator] [http-nio-8080-exec-1] traceId=f42b9698-c713-4436-b6ca-772a4da758a2 c.w.a.g.log.RequestLoggingFilter - event=request_started method=GET uri=/actuator/prometheus
2026-06-09 12:16:01 [INFO][module01-actuator] [http-nio-8080-exec-1] traceId=f42b9698-c713-4436-b6ca-772a4da758a2 c.w.a.g.log.RequestLoggingFilter - event=request_completed method=GET uri=/actuator/prometheus status=200 durationMs=54
2026-06-09 12:16:06 [INFO][module01-actuator] [http-nio-8080-exec-2] traceId=4b5752fd-7483-4f51-b10e-0e59b9787f68 c.w.a.g.log.RequestLoggingFilter - event=request_started method=GET uri=/actuator/prometheus
2026-06-09 12:16:06 [INFO][module01-actuator] [http-nio-8080-exec-2] traceId=4b5752fd-7483-4f51-b10e-0e59b9787f68 c.w.a.g.log.RequestLoggingFilter - event=request_completed method=GET uri=/actuator/prometheus status=200 durationMs=88
2026-06-09 12:16:11 [INFO][module01-actuator] [http-nio-8080-exec-4] traceId=b08a0a25-76fa-40e3-94a2-70c7173623d2 c.w.a.g.log.RequestLoggingFilter - event=request_started method=GET uri=/actuator/prometheus
2026-06-09 12:16:11 [INFO][module01-actuator] [http-nio-8080-exec-4] traceId=b08a0a25-76fa-40e3-94a2-70c7173623d2 c.w.a.g.log.RequestLoggingFilter - event=request_completed method=GET uri=/actuator/prometheus status=200 durationMs=76
2026-06-09 12:16:16 [INFO][module01-actuator] [http-nio-8080-exec-3] traceId=e6b5174c-1257-48b1-bb03-ce704059b219 c.w.a.g.log.RequestLoggingFilter - event=request_started method=GET uri=/actuator/prometheus
2026-06-09 12:16:16 [INFO][module01-actuator] [http-nio-8080-exec-3] traceId=e6b5174c-1257-48b1-bb03-ce704059b219 c.w.a.g.log.RequestLoggingFilter - event=request_completed method=GET uri=/actuator/prometheus status=200 durationMs=73
2026-06-09 12:16:21 [INFO][module01-actuator] [http-nio-8080-exec-5] traceId=6eed6db7-7550-4f9d-ad9b-8fd1a3b846b7 c.w.a.g.log.RequestLoggingFilter - event=request_started method=GET uri=/actuator/prometheus
2026-06-09 12:16:21 [INFO][module01-actuator] [http-nio-8080-exec-5] traceId=6eed6db7-7550-4f9d-ad9b-8fd1a3b846b7 c.w.a.g.log.RequestLoggingFilter - event=request_completed method=GET uri=/actuator/prometheus status=200 durationMs=85
2026-06-09 12:16:26 [INFO][module01-actuator] [http-nio-8080-exec-6] traceId=fca94378-47eb-4335-be19-4210ab5fbb75 c.w.a.g.log.RequestLoggingFilter - event=request_started method=GET uri=/actuator/prometheus
2026-06-09 12:16:26 [INFO][module01-actuator] [http-nio-8080-exec-6] traceId=fca94378-47eb-4335-be19-4210ab5fbb75 c.w.a.g.log.RequestLoggingFilter - event=request_completed method=GET uri=/actuator/prometheus status=200 durationMs=74
2026-06-09 12:16:31 [INFO][module01-actuator] [http-nio-8080-exec-7] traceId=ec385f05-4d1e-4f18-8dbc-1c0b63f7d9c2 c.w.a.g.log.RequestLoggingFilter - event=request_started method=GET uri=/actuator/prometheus
2026-06-09 12:16:31 [INFO][module01-actuator] [http-nio-8080-exec-7] traceId=ec385f05-4d1e-4f18-8dbc-1c0b63f7d9c2 c.w.a.g.log.RequestLoggingFilter - event=request_completed method=GET uri=/actuator/prometheus status=200 durationMs=122
2026-06-09 12:16:36 [INFO][module01-actuator] [http-nio-8080-exec-8] traceId=dd5468c7-5446-4136-8063-0145c3773125 c.w.a.g.log.RequestLoggingFilter - event=request_started method=GET uri=/actuator/prometheus
2026-06-09 12:16:36 [INFO][module01-actuator] [http-nio-8080-exec-8] traceId=dd5468c7-5446-4136-8063-0145c3773125 c.w.a.g.log.RequestLoggingFilter - event=request_completed method=GET uri=/actuator/prometheus status=200 durationMs=71
2026-06-09 12:16:41 [INFO][module01-actuator] [http-nio-8080-exec-10] traceId=57035490-a3de-4642-8562-f2773ba02974 c.w.a.g.log.RequestLoggingFilter - event=request_started method=GET uri=/actuator/prometheus
2026-06-09 12:16:41 [INFO][module01-actuator] [http-nio-8080-exec-10] traceId=57035490-a3de-4642-8562-f2773ba02974 c.w.a.g.log.RequestLoggingFilter - event=request_completed method=GET uri=/actuator/prometheus status=200 durationMs=60
2026-06-09 12:16:46 [INFO][module01-actuator] [http-nio-8080-exec-9] traceId=31cec842-b8b9-43eb-821c-9f000f6da405 c.w.a.g.log.RequestLoggingFilter - event=request_started method=GET uri=/actuator/prometheus
2026-06-09 12:16:46 [INFO][module01-actuator] [http-nio-8080-exec-9] traceId=31cec842-b8b9-43eb-821c-9f000f6da405 c.w.a.g.log.RequestLoggingFilter - event=request_completed method=GET uri=/actuator/prometheus status=200 durationMs=73
2026-06-09 12:16:51 [INFO][module01-actuator] [http-nio-8080-exec-1] traceId=33e9ab21-fd7a-4343-b55a-73a88a56cb16 c.w.a.g.log.RequestLoggingFilter - event=request_started method=GET uri=/actuator/prometheus
2026-06-09 12:16:51 [INFO][module01-actuator] [http-nio-8080-exec-1] traceId=33e9ab21-fd7a-4343-b55a-73a88a56cb16 c.w.a.g.log.RequestLoggingFilter - event=request_completed method=GET uri=/actuator/prometheus status=200 durationMs=66
2026-06-09 12:16:56 [INFO][module01-actuator] [http-nio-8080-exec-2] traceId=3eb9c08a-ab75-4690-9988-29bf6ebf0860 c.w.a.g.log.RequestLoggingFilter - event=request_started method=GET uri=/actuator/prometheus
2026-06-09 12:16:56 [INFO][module01-actuator] [http-nio-8080-exec-2] traceId=3eb9c08a-ab75-4690-9988-29bf6ebf0860 c.w.a.g.log.RequestLoggingFilter - event=request_completed method=GET uri=/actuator/prometheus status=200 durationMs=73
2026-06-09 12:17:01 [INFO][module01-actuator] [http-nio-8080-exec-4] traceId=21ed1e5c-7f27-4dad-a676-c7be7ce5cb06 c.w.a.g.log.RequestLoggingFilter - event=request_started method=GET uri=/actuator/prometheus
2026-06-09 12:17:01 [INFO][module01-actuator] [http-nio-8080-exec-4] traceId=21ed1e5c-7f27-4dad-a676-c7be7ce5cb06 c.w.a.g.log.RequestLoggingFilter - event=request_completed method=GET uri=/actuator/prometheus status=200 durationMs=67
2026-06-09 12:17:06 [INFO][module01-actuator] [http-nio-8080-exec-3] traceId=ac2af102-2c3a-4d9d-ab34-793848aabfa1 c.w.a.g.log.RequestLoggingFilter - event=request_started method=GET uri=/actuator/prometheus
2026-06-09 12:17:06 [INFO][module01-actuator] [http-nio-8080-exec-3] traceId=ac2af102-2c3a-4d9d-ab34-793848aabfa1 c.w.a.g.log.RequestLoggingFilter - event=request_completed method=GET uri=/actuator/prometheus status=200 durationMs=66
2026-06-09 12:17:11 [INFO][module01-actuator] [http-nio-8080-exec-5] traceId=195a7484-54ee-4b45-8a4f-67ee7121c565 c.w.a.g.log.RequestLoggingFilter - event=request_started method=GET uri=/actuator/prometheus
2026-06-09 12:17:11 [INFO][module01-actuator] [http-nio-8080-exec-5] traceId=195a7484-54ee-4b45-8a4f-67ee7121c565 c.w.a.g.log.RequestLoggingFilter - event=request_completed method=GET uri=/actuator/prometheus status=200 durationMs=68
2026-06-09 12:17:16 [INFO][module01-actuator] [http-nio-8080-exec-6] traceId=e44ee3ad-f358-41fa-aa9c-a5e5a92faac0 c.w.a.g.log.RequestLoggingFilter - event=request_started method=GET uri=/actuator/prometheus
2026-06-09 12:17:16 [INFO][module01-actuator] [http-nio-8080-exec-6] traceId=e44ee3ad-f358-41fa-aa9c-a5e5a92faac0 c.w.a.g.log.RequestLoggingFilter - event=request_completed method=GET uri=/actuator/prometheus status=200 durationMs=79
2026-06-09 12:17:21 [INFO][module01-actuator] [http-nio-8080-exec-7] traceId=90ebfbe2-aed9-4083-9c5f-cdebd5b5fc30 c.w.a.g.log.RequestLoggingFilter - event=request_started method=GET uri=/actuator/prometheus
2026-06-09 12:17:21 [INFO][module01-actuator] [http-nio-8080-exec-7] traceId=90ebfbe2-aed9-4083-9c5f-cdebd5b5fc30 c.w.a.g.log.RequestLoggingFilter - event=request_completed method=GET uri=/actuator/prometheus status=200 durationMs=66
2026-06-09 12:17:26 [INFO][module01-actuator] [http-nio-8080-exec-8] traceId=6c97ef0f-c8cf-4d57-b18f-2239a6e9fe6d c.w.a.g.log.RequestLoggingFilter - event=request_started method=GET uri=/actuator/prometheus
2026-06-09 12:17:26 [INFO][module01-actuator] [http-nio-8080-exec-8] traceId=6c97ef0f-c8cf-4d57-b18f-2239a6e9fe6d c.w.a.g.log.RequestLoggingFilter - event=request_completed method=GET uri=/actuator/prometheus status=200 durationMs=142
2026-06-09 12:17:31 [INFO][module01-actuator] [http-nio-8080-exec-10] traceId=71ae3245-f707-4ce5-9cf9-9c5d22191161 c.w.a.g.log.RequestLoggingFilter - event=request_started method=GET uri=/actuator/prometheus
2026-06-09 12:17:31 [INFO][module01-actuator] [http-nio-8080-exec-10] traceId=71ae3245-f707-4ce5-9cf9-9c5d22191161 c.w.a.g.log.RequestLoggingFilter - event=request_completed method=GET uri=/actuator/prometheus status=200 durationMs=83
2026-06-09 12:17:36 [INFO][module01-actuator] [http-nio-8080-exec-9] traceId=c38a548e-6dab-4d50-bf54-345d86aa36b9 c.w.a.g.log.RequestLoggingFilter - event=request_started method=GET uri=/actuator/prometheus
2026-06-09 12:17:36 [INFO][module01-actuator] [http-nio-8080-exec-9] traceId=c38a548e-6dab-4d50-bf54-345d86aa36b9 c.w.a.g.log.RequestLoggingFilter - event=request_completed method=GET uri=/actuator/prometheus status=200 durationMs=61
2026-06-09 12:17:41 [INFO][module01-actuator] [http-nio-8080-exec-1] traceId=47603151-22ce-41f7-b19a-65005e4526d3 c.w.a.g.log.RequestLoggingFilter - event=request_started method=GET uri=/actuator/prometheus
2026-06-09 12:17:41 [INFO][module01-actuator] [http-nio-8080-exec-1] traceId=47603151-22ce-41f7-b19a-65005e4526d3 c.w.a.g.log.RequestLoggingFilter - event=request_completed method=GET uri=/actuator/prometheus status=200 durationMs=83
2026-06-09 12:17:46 [INFO][module01-actuator] [http-nio-8080-exec-2] traceId=da725bb5-0336-44b7-8f45-ddeb88ff7b76 c.w.a.g.log.RequestLoggingFilter - event=request_started method=GET uri=/actuator/prometheus
2026-06-09 12:17:46 [INFO][module01-actuator] [http-nio-8080-exec-2] traceId=da725bb5-0336-44b7-8f45-ddeb88ff7b76 c.w.a.g.log.RequestLoggingFilter - event=request_completed method=GET uri=/actuator/prometheus status=200 durationMs=84
2026-06-09 12:17:51 [INFO][module01-actuator] [http-nio-8080-exec-4] traceId=c0ce2e00-991f-414c-8720-44e2bdb16565 c.w.a.g.log.RequestLoggingFilter - event=request_started method=GET uri=/actuator/prometheus
2026-06-09 12:17:51 [INFO][module01-actuator] [http-nio-8080-exec-4] traceId=c0ce2e00-991f-414c-8720-44e2bdb16565 c.w.a.g.log.RequestLoggingFilter - event=request_completed method=GET uri=/actuator/prometheus status=200 durationMs=71
2026-06-09 12:17:56 [INFO][module01-actuator] [http-nio-8080-exec-3] traceId=00196e38-924e-4ee2-9521-d7925b266fe3 c.w.a.g.log.RequestLoggingFilter - event=request_started method=GET uri=/actuator/prometheus
2026-06-09 12:17:56 [INFO][module01-actuator] [http-nio-8080-exec-3] traceId=00196e38-924e-4ee2-9521-d7925b266fe3 c.w.a.g.log.RequestLoggingFilter - event=request_completed method=GET uri=/actuator/prometheus status=200 durationMs=74
2026-06-09 12:18:01 [INFO][module01-actuator] [http-nio-8080-exec-5] traceId=f6f5b993-8b77-4c16-9f24-46ea5d200b1c c.w.a.g.log.RequestLoggingFilter - event=request_started method=GET uri=/actuator/prometheus
2026-06-09 12:18:01 [INFO][module01-actuator] [http-nio-8080-exec-5] traceId=f6f5b993-8b77-4c16-9f24-46ea5d200b1c c.w.a.g.log.RequestLoggingFilter - event=request_completed method=GET uri=/actuator/prometheus status=200 durationMs=72
2026-06-09 12:18:06 [INFO][module01-actuator] [http-nio-8080-exec-6] traceId=757a50ef-857a-4539-83b6-bd60e56828fe c.w.a.g.log.RequestLoggingFilter - event=request_started method=GET uri=/actuator/prometheus
2026-06-09 12:18:06 [INFO][module01-actuator] [http-nio-8080-exec-6] traceId=757a50ef-857a-4539-83b6-bd60e56828fe c.w.a.g.log.RequestLoggingFilter - event=request_completed method=GET uri=/actuator/prometheus status=200 durationMs=155
2026-06-09 12:18:11 [INFO][module01-actuator] [http-nio-8080-exec-7] traceId=9a2acd3d-5ea4-4a6a-8083-a5a26865b823 c.w.a.g.log.RequestLoggingFilter - event=request_started method=GET uri=/actuator/prometheus
2026-06-09 12:18:11 [INFO][module01-actuator] [http-nio-8080-exec-7] traceId=9a2acd3d-5ea4-4a6a-8083-a5a26865b823 c.w.a.g.log.RequestLoggingFilter - event=request_completed method=GET uri=/actuator/prometheus status=200 durationMs=93
2026-06-09 12:18:16 [INFO][module01-actuator] [http-nio-8080-exec-8] traceId=f0e823f8-d926-4785-897a-a5d15bf6b647 c.w.a.g.log.RequestLoggingFilter - event=request_started method=GET uri=/actuator/prometheus
2026-06-09 12:18:16 [INFO][module01-actuator] [http-nio-8080-exec-8] traceId=f0e823f8-d926-4785-897a-a5d15bf6b647 c.w.a.g.log.RequestLoggingFilter - event=request_completed method=GET uri=/actuator/prometheus status=200 durationMs=63
2026-06-09 12:18:21 [INFO][module01-actuator] [http-nio-8080-exec-10] traceId=d510b54b-e952-492d-8b93-8fe566b685ee c.w.a.g.log.RequestLoggingFilter - event=request_started method=GET uri=/actuator/prometheus
2026-06-09 12:18:21 [INFO][module01-actuator] [http-nio-8080-exec-10] traceId=d510b54b-e952-492d-8b93-8fe566b685ee c.w.a.g.log.RequestLoggingFilter - event=request_completed method=GET uri=/actuator/prometheus status=200 durationMs=76
2026-06-09 12:18:26 [INFO][module01-actuator] [http-nio-8080-exec-9] traceId=157fea3c-dee3-4597-b3e6-dffe05866070 c.w.a.g.log.RequestLoggingFilter - event=request_started method=GET uri=/actuator/prometheus
2026-06-09 12:18:26 [INFO][module01-actuator] [http-nio-8080-exec-9] traceId=157fea3c-dee3-4597-b3e6-dffe05866070 c.w.a.g.log.RequestLoggingFilter - event=request_completed method=GET uri=/actuator/prometheus status=200 durationMs=60
2026-06-09 12:18:31 [INFO][module01-actuator] [http-nio-8080-exec-1] traceId=3983ac39-5ae7-43e4-95af-34b64c5b6511 c.w.a.g.log.RequestLoggingFilter - event=request_started method=GET uri=/actuator/prometheus
2026-06-09 12:18:31 [INFO][module01-actuator] [http-nio-8080-exec-1] traceId=3983ac39-5ae7-43e4-95af-34b64c5b6511 c.w.a.g.log.RequestLoggingFilter - event=request_completed method=GET uri=/actuator/prometheus status=200 durationMs=128
2026-06-09 12:18:36 [INFO][module01-actuator] [http-nio-8080-exec-2] traceId=44082c8a-1b8a-4c83-88d4-7bff3e875eba c.w.a.g.log.RequestLoggingFilter - event=request_started method=GET uri=/actuator/prometheus
2026-06-09 12:18:36 [INFO][module01-actuator] [http-nio-8080-exec-2] traceId=44082c8a-1b8a-4c83-88d4-7bff3e875eba c.w.a.g.log.RequestLoggingFilter - event=request_completed method=GET uri=/actuator/prometheus status=200 durationMs=75
2026-06-09 12:18:41 [INFO][module01-actuator] [http-nio-8080-exec-4] traceId=321190b2-d773-40c1-8973-4039f6574a76 c.w.a.g.log.RequestLoggingFilter - event=request_started method=GET uri=/actuator/prometheus
2026-06-09 12:18:41 [INFO][module01-actuator] [http-nio-8080-exec-4] traceId=321190b2-d773-40c1-8973-4039f6574a76 c.w.a.g.log.RequestLoggingFilter - event=request_completed method=GET uri=/actuator/prometheus status=200 durationMs=85
2026-06-09 12:18:46 [INFO][module01-actuator] [http-nio-8080-exec-3] traceId=a2580a25-4620-432b-8d0e-4aba96c231fa c.w.a.g.log.RequestLoggingFilter - event=request_started method=GET uri=/actuator/prometheus
2026-06-09 12:18:46 [INFO][module01-actuator] [http-nio-8080-exec-3] traceId=a2580a25-4620-432b-8d0e-4aba96c231fa c.w.a.g.log.RequestLoggingFilter - event=request_completed method=GET uri=/actuator/prometheus status=200 durationMs=90
2026-06-09 12:18:51 [INFO][module01-actuator] [http-nio-8080-exec-5] traceId=60e960ed-57ce-4417-8d09-624177ddf0b5 c.w.a.g.log.RequestLoggingFilter - event=request_started method=GET uri=/actuator/prometheus
2026-06-09 12:18:51 [INFO][module01-actuator] [http-nio-8080-exec-5] traceId=60e960ed-57ce-4417-8d09-624177ddf0b5 c.w.a.g.log.RequestLoggingFilter - event=request_completed method=GET uri=/actuator/prometheus status=200 durationMs=55
2026-06-09 12:18:56 [INFO][module01-actuator] [http-nio-8080-exec-6] traceId=99bdaaba-efda-4096-b8fc-c7e252cc0dba c.w.a.g.log.RequestLoggingFilter - event=request_started method=GET uri=/actuator/prometheus
2026-06-09 12:18:56 [INFO][module01-actuator] [http-nio-8080-exec-6] traceId=99bdaaba-efda-4096-b8fc-c7e252cc0dba c.w.a.g.log.RequestLoggingFilter - event=request_completed method=GET uri=/actuator/prometheus status=200 durationMs=55
2026-06-09 12:19:01 [INFO][module01-actuator] [http-nio-8080-exec-7] traceId=9519f985-31a2-4a2d-aff9-5cebba280836 c.w.a.g.log.RequestLoggingFilter - event=request_started method=GET uri=/actuator/prometheus
2026-06-09 12:19:01 [INFO][module01-actuator] [http-nio-8080-exec-7] traceId=9519f985-31a2-4a2d-aff9-5cebba280836 c.w.a.g.log.RequestLoggingFilter - event=request_completed method=GET uri=/actuator/prometheus status=200 durationMs=60
2026-06-09 12:19:06 [INFO][module01-actuator] [http-nio-8080-exec-8] traceId=62ef9d7f-f238-4df4-8393-e8a4fc959148 c.w.a.g.log.RequestLoggingFilter - event=request_started method=GET uri=/actuator/prometheus
2026-06-09 12:19:06 [INFO][module01-actuator] [http-nio-8080-exec-8] traceId=62ef9d7f-f238-4df4-8393-e8a4fc959148 c.w.a.g.log.RequestLoggingFilter - event=request_completed method=GET uri=/actuator/prometheus status=200 durationMs=58
2026-06-09 12:19:11 [INFO][module01-actuator] [http-nio-8080-exec-10] traceId=16741a81-c4d6-4dc5-b096-cf4d7a9888a0 c.w.a.g.log.RequestLoggingFilter - event=request_started method=GET uri=/actuator/prometheus
2026-06-09 12:19:11 [INFO][module01-actuator] [http-nio-8080-exec-10] traceId=16741a81-c4d6-4dc5-b096-cf4d7a9888a0 c.w.a.g.log.RequestLoggingFilter - event=request_completed method=GET uri=/actuator/prometheus status=200 durationMs=60
2026-06-09 12:19:16 [INFO][module01-actuator] [http-nio-8080-exec-9] traceId=17b6931c-842b-467e-a0f0-15c71c665187 c.w.a.g.log.RequestLoggingFilter - event=request_started method=GET uri=/actuator/prometheus
2026-06-09 12:19:16 [INFO][module01-actuator] [http-nio-8080-exec-9] traceId=17b6931c-842b-467e-a0f0-15c71c665187 c.w.a.g.log.RequestLoggingFilter - event=request_completed method=GET uri=/actuator/prometheus status=200 durationMs=64
2026-06-09 12:19:21 [INFO][module01-actuator] [http-nio-8080-exec-1] traceId=5288ae01-256a-41d5-a985-a52d8018999d c.w.a.g.log.RequestLoggingFilter - event=request_started method=GET uri=/actuator/prometheus
2026-06-09 12:19:21 [INFO][module01-actuator] [http-nio-8080-exec-1] traceId=5288ae01-256a-41d5-a985-a52d8018999d c.w.a.g.log.RequestLoggingFilter - event=request_completed method=GET uri=/actuator/prometheus status=200 durationMs=50
2026-06-09 12:19:26 [INFO][module01-actuator] [http-nio-8080-exec-2] traceId=247553df-9c12-4fc9-a083-39f5d21a9f0d c.w.a.g.log.RequestLoggingFilter - event=request_started method=GET uri=/actuator/prometheus
2026-06-09 12:19:26 [INFO][module01-actuator] [http-nio-8080-exec-2] traceId=247553df-9c12-4fc9-a083-39f5d21a9f0d c.w.a.g.log.RequestLoggingFilter - event=request_completed method=GET uri=/actuator/prometheus status=200 durationMs=60
2026-06-09 12:19:31 [INFO][module01-actuator] [http-nio-8080-exec-4] traceId=8054587d-710d-448a-a256-cf15c9cc856e c.w.a.g.log.RequestLoggingFilter - event=request_started method=GET uri=/actuator/prometheus
2026-06-09 12:19:31 [INFO][module01-actuator] [http-nio-8080-exec-4] traceId=8054587d-710d-448a-a256-cf15c9cc856e c.w.a.g.log.RequestLoggingFilter - event=request_completed method=GET uri=/actuator/prometheus status=200 durationMs=132
2026-06-09 12:19:36 [INFO][module01-actuator] [http-nio-8080-exec-3] traceId=d255087f-afaf-49fe-b16f-730c280d3726 c.w.a.g.log.RequestLoggingFilter - event=request_started method=GET uri=/actuator/prometheus
2026-06-09 12:19:36 [INFO][module01-actuator] [http-nio-8080-exec-3] traceId=d255087f-afaf-49fe-b16f-730c280d3726 c.w.a.g.log.RequestLoggingFilter - event=request_completed method=GET uri=/actuator/prometheus status=200 durationMs=68
2026-06-09 12:19:41 [INFO][module01-actuator] [http-nio-8080-exec-5] traceId=1f883068-6e09-428f-89c1-e1a40c18681d c.w.a.g.log.RequestLoggingFilter - event=request_started method=GET uri=/actuator/prometheus
2026-06-09 12:19:41 [INFO][module01-actuator] [http-nio-8080-exec-5] traceId=1f883068-6e09-428f-89c1-e1a40c18681d c.w.a.g.log.RequestLoggingFilter - event=request_completed method=GET uri=/actuator/prometheus status=200 durationMs=54
2026-06-09 12:19:46 [INFO][module01-actuator] [http-nio-8080-exec-6] traceId=f92b6968-022c-4fd9-a60f-7d43c8b97921 c.w.a.g.log.RequestLoggingFilter - event=request_started method=GET uri=/actuator/prometheus
2026-06-09 12:19:46 [INFO][module01-actuator] [http-nio-8080-exec-6] traceId=f92b6968-022c-4fd9-a60f-7d43c8b97921 c.w.a.g.log.RequestLoggingFilter - event=request_completed method=GET uri=/actuator/prometheus status=200 durationMs=137
2026-06-09 12:19:51 [INFO][module01-actuator] [http-nio-8080-exec-7] traceId=0b772f6b-a2d6-47e3-8e7b-742df42a743a c.w.a.g.log.RequestLoggingFilter - event=request_started method=GET uri=/actuator/prometheus
2026-06-09 12:19:51 [INFO][module01-actuator] [http-nio-8080-exec-7] traceId=0b772f6b-a2d6-47e3-8e7b-742df42a743a c.w.a.g.log.RequestLoggingFilter - event=request_completed method=GET uri=/actuator/prometheus status=200 durationMs=64
2026-06-09 12:19:56 [INFO][module01-actuator] [http-nio-8080-exec-8] traceId=bf0dc9a5-2ed5-400b-8b91-a2b5bbfb3d97 c.w.a.g.log.RequestLoggingFilter - event=request_started method=GET uri=/actuator/prometheus
2026-06-09 12:19:56 [INFO][module01-actuator] [http-nio-8080-exec-8] traceId=bf0dc9a5-2ed5-400b-8b91-a2b5bbfb3d97 c.w.a.g.log.RequestLoggingFilter - event=request_completed method=GET uri=/actuator/prometheus status=200 durationMs=69
2026-06-09 12:20:01 [INFO][module01-actuator] [http-nio-8080-exec-10] traceId=bd61d45e-9517-4e89-b6bf-93ccdebbc7b8 c.w.a.g.log.RequestLoggingFilter - event=request_started method=GET uri=/actuator/prometheus
2026-06-09 12:20:01 [INFO][module01-actuator] [http-nio-8080-exec-10] traceId=bd61d45e-9517-4e89-b6bf-93ccdebbc7b8 c.w.a.g.log.RequestLoggingFilter - event=request_completed method=GET uri=/actuator/prometheus status=200 durationMs=128
2026-06-09 12:20:06 [INFO][module01-actuator] [http-nio-8080-exec-9] traceId=f7fbf010-fdcd-402f-b901-d67a875ef124 c.w.a.g.log.RequestLoggingFilter - event=request_started method=GET uri=/actuator/prometheus
2026-06-09 12:20:06 [INFO][module01-actuator] [http-nio-8080-exec-9] traceId=f7fbf010-fdcd-402f-b901-d67a875ef124 c.w.a.g.log.RequestLoggingFilter - event=request_completed method=GET uri=/actuator/prometheus status=200 durationMs=89
2026-06-09 12:20:11 [INFO][module01-actuator] [http-nio-8080-exec-1] traceId=d60efaa7-30f8-43bf-8ae7-597e9ca4fee7 c.w.a.g.log.RequestLoggingFilter - event=request_started method=GET uri=/actuator/prometheus
2026-06-09 12:20:11 [INFO][module01-actuator] [http-nio-8080-exec-1] traceId=d60efaa7-30f8-43bf-8ae7-597e9ca4fee7 c.w.a.g.log.RequestLoggingFilter - event=request_completed method=GET uri=/actuator/prometheus status=200 durationMs=80
2026-06-09 12:20:16 [INFO][module01-actuator] [http-nio-8080-exec-2] traceId=3f351099-58b7-4c77-8f74-7bbfee3e1590 c.w.a.g.log.RequestLoggingFilter - event=request_started method=GET uri=/actuator/prometheus
2026-06-09 12:20:16 [INFO][module01-actuator] [http-nio-8080-exec-2] traceId=3f351099-58b7-4c77-8f74-7bbfee3e1590 c.w.a.g.log.RequestLoggingFilter - event=request_completed method=GET uri=/actuator/prometheus status=200 durationMs=77
2026-06-09 12:20:21 [INFO][module01-actuator] [http-nio-8080-exec-4] traceId=c0d4a4e1-1b09-4e81-b54f-809fc69c1c84 c.w.a.g.log.RequestLoggingFilter - event=request_started method=GET uri=/actuator/prometheus
2026-06-09 12:20:21 [INFO][module01-actuator] [http-nio-8080-exec-4] traceId=c0d4a4e1-1b09-4e81-b54f-809fc69c1c84 c.w.a.g.log.RequestLoggingFilter - event=request_completed method=GET uri=/actuator/prometheus status=200 durationMs=80
2026-06-09 12:20:26 [INFO][module01-actuator] [http-nio-8080-exec-3] traceId=4506cb84-bc4e-4d74-bb34-166efce2a0d3 c.w.a.g.log.RequestLoggingFilter - event=request_started method=GET uri=/actuator/prometheus
2026-06-09 12:20:26 [INFO][module01-actuator] [http-nio-8080-exec-3] traceId=4506cb84-bc4e-4d74-bb34-166efce2a0d3 c.w.a.g.log.RequestLoggingFilter - event=request_completed method=GET uri=/actuator/prometheus status=200 durationMs=131
2026-06-09 12:20:31 [INFO][module01-actuator] [http-nio-8080-exec-5] traceId=9adb1613-6bff-407c-bdb5-3ef0eec78c03 c.w.a.g.log.RequestLoggingFilter - event=request_started method=GET uri=/actuator/prometheus
2026-06-09 12:20:31 [INFO][module01-actuator] [http-nio-8080-exec-5] traceId=9adb1613-6bff-407c-bdb5-3ef0eec78c03 c.w.a.g.log.RequestLoggingFilter - event=request_completed method=GET uri=/actuator/prometheus status=200 durationMs=100
2026-06-09 12:20:36 [INFO][module01-actuator] [http-nio-8080-exec-6] traceId=4ef49535-c595-4800-8d37-e08a2f7801a3 c.w.a.g.log.RequestLoggingFilter - event=request_started method=GET uri=/actuator/prometheus
2026-06-09 12:20:36 [INFO][module01-actuator] [http-nio-8080-exec-6] traceId=4ef49535-c595-4800-8d37-e08a2f7801a3 c.w.a.g.log.RequestLoggingFilter - event=request_completed method=GET uri=/actuator/prometheus status=200 durationMs=51
2026-06-09 12:20:41 [INFO][module01-actuator] [http-nio-8080-exec-7] traceId=7b710e81-c990-4878-99a1-670f5d4d9e99 c.w.a.g.log.RequestLoggingFilter - event=request_started method=GET uri=/actuator/prometheus
2026-06-09 12:20:41 [INFO][module01-actuator] [http-nio-8080-exec-7] traceId=7b710e81-c990-4878-99a1-670f5d4d9e99 c.w.a.g.log.RequestLoggingFilter - event=request_completed method=GET uri=/actuator/prometheus status=200 durationMs=89
2026-06-09 12:20:46 [INFO][module01-actuator] [http-nio-8080-exec-8] traceId=fa10c2c4-ea0e-4314-abd7-944cb4d6eb09 c.w.a.g.log.RequestLoggingFilter - event=request_started method=GET uri=/actuator/prometheus
2026-06-09 12:20:46 [INFO][module01-actuator] [http-nio-8080-exec-8] traceId=fa10c2c4-ea0e-4314-abd7-944cb4d6eb09 c.w.a.g.log.RequestLoggingFilter - event=request_completed method=GET uri=/actuator/prometheus status=200 durationMs=72
2026-06-09 12:20:51 [INFO][module01-actuator] [http-nio-8080-exec-10] traceId=d22e7c59-33e8-4c56-beb8-ec34b7d21494 c.w.a.g.log.RequestLoggingFilter - event=request_started method=GET uri=/actuator/prometheus
2026-06-09 12:20:51 [INFO][module01-actuator] [http-nio-8080-exec-10] traceId=d22e7c59-33e8-4c56-beb8-ec34b7d21494 c.w.a.g.log.RequestLoggingFilter - event=request_completed method=GET uri=/actuator/prometheus status=200 durationMs=103
2026-06-09 12:20:56 [INFO][module01-actuator] [http-nio-8080-exec-9] traceId=486cef7d-9786-472b-804b-d71287b87513 c.w.a.g.log.RequestLoggingFilter - event=request_started method=GET uri=/actuator/prometheus
2026-06-09 12:20:56 [INFO][module01-actuator] [http-nio-8080-exec-9] traceId=486cef7d-9786-472b-804b-d71287b87513 c.w.a.g.log.RequestLoggingFilter - event=request_completed method=GET uri=/actuator/prometheus status=200 durationMs=85
2026-06-09 12:21:01 [INFO][module01-actuator] [http-nio-8080-exec-1] traceId=e2a93cf6-4b8c-4500-866c-f4ebdc8b4a98 c.w.a.g.log.RequestLoggingFilter - event=request_started method=GET uri=/actuator/prometheus
2026-06-09 12:21:01 [INFO][module01-actuator] [http-nio-8080-exec-1] traceId=e2a93cf6-4b8c-4500-866c-f4ebdc8b4a98 c.w.a.g.log.RequestLoggingFilter - event=request_completed method=GET uri=/actuator/prometheus status=200 durationMs=71
2026-06-09 12:21:06 [INFO][module01-actuator] [http-nio-8080-exec-2] traceId=78cd983d-2f1a-4ee3-84ef-d9f3373aa75d c.w.a.g.log.RequestLoggingFilter - event=request_started method=GET uri=/actuator/prometheus
2026-06-09 12:21:06 [INFO][module01-actuator] [http-nio-8080-exec-2] traceId=78cd983d-2f1a-4ee3-84ef-d9f3373aa75d c.w.a.g.log.RequestLoggingFilter - event=request_completed method=GET uri=/actuator/prometheus status=200 durationMs=108
2026-06-09 12:21:11 [INFO][module01-actuator] [http-nio-8080-exec-4] traceId=faf0e78b-698d-4ee9-8655-3faef6c716f5 c.w.a.g.log.RequestLoggingFilter - event=request_started method=GET uri=/actuator/prometheus
2026-06-09 12:21:11 [INFO][module01-actuator] [http-nio-8080-exec-4] traceId=faf0e78b-698d-4ee9-8655-3faef6c716f5 c.w.a.g.log.RequestLoggingFilter - event=request_completed method=GET uri=/actuator/prometheus status=200 durationMs=69
2026-06-09 12:21:16 [INFO][module01-actuator] [http-nio-8080-exec-3] traceId=280ac45a-a1d9-472a-84b9-fa2963078432 c.w.a.g.log.RequestLoggingFilter - event=request_started method=GET uri=/actuator/prometheus
2026-06-09 12:21:16 [INFO][module01-actuator] [http-nio-8080-exec-3] traceId=280ac45a-a1d9-472a-84b9-fa2963078432 c.w.a.g.log.RequestLoggingFilter - event=request_completed method=GET uri=/actuator/prometheus status=200 durationMs=75
2026-06-09 12:21:21 [INFO][module01-actuator] [http-nio-8080-exec-5] traceId=6ba9b605-666c-42ee-9be9-e1e03f9ad668 c.w.a.g.log.RequestLoggingFilter - event=request_started method=GET uri=/actuator/prometheus
2026-06-09 12:21:21 [INFO][module01-actuator] [http-nio-8080-exec-5] traceId=6ba9b605-666c-42ee-9be9-e1e03f9ad668 c.w.a.g.log.RequestLoggingFilter - event=request_completed method=GET uri=/actuator/prometheus status=200 durationMs=92
2026-06-09 12:21:26 [INFO][module01-actuator] [http-nio-8080-exec-6] traceId=ee20648b-d675-4142-a9b7-77d5f001f701 c.w.a.g.log.RequestLoggingFilter - event=request_started method=GET uri=/actuator/prometheus
2026-06-09 12:21:26 [INFO][module01-actuator] [http-nio-8080-exec-6] traceId=ee20648b-d675-4142-a9b7-77d5f001f701 c.w.a.g.log.RequestLoggingFilter - event=request_completed method=GET uri=/actuator/prometheus status=200 durationMs=72
2026-06-09 12:21:31 [INFO][module01-actuator] [http-nio-8080-exec-7] traceId=e1caade7-fd2a-420d-8ac2-9d1a4511fdca c.w.a.g.log.RequestLoggingFilter - event=request_started method=GET uri=/actuator/prometheus
2026-06-09 12:21:31 [INFO][module01-actuator] [http-nio-8080-exec-7] traceId=e1caade7-fd2a-420d-8ac2-9d1a4511fdca c.w.a.g.log.RequestLoggingFilter - event=request_completed method=GET uri=/actuator/prometheus status=200 durationMs=79
2026-06-09 12:21:36 [INFO][module01-actuator] [http-nio-8080-exec-8] traceId=3be21d9c-460a-4878-b59b-87586f6e2a49 c.w.a.g.log.RequestLoggingFilter - event=request_started method=GET uri=/actuator/prometheus
2026-06-09 12:21:36 [INFO][module01-actuator] [http-nio-8080-exec-8] traceId=3be21d9c-460a-4878-b59b-87586f6e2a49 c.w.a.g.log.RequestLoggingFilter - event=request_completed method=GET uri=/actuator/prometheus status=200 durationMs=84
2026-06-09 12:21:41 [INFO][module01-actuator] [http-nio-8080-exec-10] traceId=3bafafdd-7254-480e-b716-4209df058a51 c.w.a.g.log.RequestLoggingFilter - event=request_started method=GET uri=/actuator/prometheus
2026-06-09 12:21:41 [INFO][module01-actuator] [http-nio-8080-exec-10] traceId=3bafafdd-7254-480e-b716-4209df058a51 c.w.a.g.log.RequestLoggingFilter - event=request_completed method=GET uri=/actuator/prometheus status=200 durationMs=95
2026-06-09 12:21:46 [INFO][module01-actuator] [http-nio-8080-exec-9] traceId=8ef26a04-82fa-4e61-a84b-f3a404dc2128 c.w.a.g.log.RequestLoggingFilter - event=request_started method=GET uri=/actuator/prometheus
2026-06-09 12:21:46 [INFO][module01-actuator] [http-nio-8080-exec-9] traceId=8ef26a04-82fa-4e61-a84b-f3a404dc2128 c.w.a.g.log.RequestLoggingFilter - event=request_completed method=GET uri=/actuator/prometheus status=200 durationMs=79
2026-06-09 12:21:51 [INFO][module01-actuator] [http-nio-8080-exec-1] traceId=3a6aa82a-9c96-4b1e-9ef1-dcfe227392b1 c.w.a.g.log.RequestLoggingFilter - event=request_started method=GET uri=/actuator/prometheus
2026-06-09 12:21:51 [INFO][module01-actuator] [http-nio-8080-exec-1] traceId=3a6aa82a-9c96-4b1e-9ef1-dcfe227392b1 c.w.a.g.log.RequestLoggingFilter - event=request_completed method=GET uri=/actuator/prometheus status=200 durationMs=61
2026-06-09 12:21:56 [INFO][module01-actuator] [http-nio-8080-exec-2] traceId=aa47e8bf-c4db-41e6-96b3-4020381a48e2 c.w.a.g.log.RequestLoggingFilter - event=request_started method=GET uri=/actuator/prometheus
2026-06-09 12:21:56 [INFO][module01-actuator] [http-nio-8080-exec-2] traceId=aa47e8bf-c4db-41e6-96b3-4020381a48e2 c.w.a.g.log.RequestLoggingFilter - event=request_completed method=GET uri=/actuator/prometheus status=200 durationMs=79
2026-06-09 12:22:01 [INFO][module01-actuator] [http-nio-8080-exec-4] traceId=6927b31a-641e-46c6-a8b4-169ccaaeae3c c.w.a.g.log.RequestLoggingFilter - event=request_started method=GET uri=/actuator/prometheus
2026-06-09 12:22:01 [INFO][module01-actuator] [http-nio-8080-exec-4] traceId=6927b31a-641e-46c6-a8b4-169ccaaeae3c c.w.a.g.log.RequestLoggingFilter - event=request_completed method=GET uri=/actuator/prometheus status=200 durationMs=74
2026-06-09 12:22:06 [INFO][module01-actuator] [http-nio-8080-exec-3] traceId=296aa865-afc3-4b3a-a018-19444c4fb7a6 c.w.a.g.log.RequestLoggingFilter - event=request_started method=GET uri=/actuator/prometheus
2026-06-09 12:22:06 [INFO][module01-actuator] [http-nio-8080-exec-3] traceId=296aa865-afc3-4b3a-a018-19444c4fb7a6 c.w.a.g.log.RequestLoggingFilter - event=request_completed method=GET uri=/actuator/prometheus status=200 durationMs=78
2026-06-09 12:22:11 [INFO][module01-actuator] [http-nio-8080-exec-5] traceId=72da4985-f3a9-41c0-b2d3-6ba570b9fa84 c.w.a.g.log.RequestLoggingFilter - event=request_started method=GET uri=/actuator/prometheus
2026-06-09 12:22:11 [INFO][module01-actuator] [http-nio-8080-exec-5] traceId=72da4985-f3a9-41c0-b2d3-6ba570b9fa84 c.w.a.g.log.RequestLoggingFilter - event=request_completed method=GET uri=/actuator/prometheus status=200 durationMs=88
2026-06-09 12:22:16 [INFO][module01-actuator] [http-nio-8080-exec-6] traceId=5edaa224-114d-46a1-9cd6-0debb213b72f c.w.a.g.log.RequestLoggingFilter - event=request_started method=GET uri=/actuator/prometheus
2026-06-09 12:22:16 [INFO][module01-actuator] [http-nio-8080-exec-6] traceId=5edaa224-114d-46a1-9cd6-0debb213b72f c.w.a.g.log.RequestLoggingFilter - event=request_completed method=GET uri=/actuator/prometheus status=200 durationMs=89
2026-06-09 12:22:21 [INFO][module01-actuator] [http-nio-8080-exec-7] traceId=847f0bd1-3440-485f-93d2-09b5997f8942 c.w.a.g.log.RequestLoggingFilter - event=request_started method=GET uri=/actuator/prometheus
2026-06-09 12:22:21 [INFO][module01-actuator] [http-nio-8080-exec-7] traceId=847f0bd1-3440-485f-93d2-09b5997f8942 c.w.a.g.log.RequestLoggingFilter - event=request_completed method=GET uri=/actuator/prometheus status=200 durationMs=174
2026-06-09 12:22:26 [INFO][module01-actuator] [http-nio-8080-exec-8] traceId=10e3b3c4-699f-4fa0-8f93-e3c4deead944 c.w.a.g.log.RequestLoggingFilter - event=request_started method=GET uri=/actuator/prometheus
2026-06-09 12:22:26 [INFO][module01-actuator] [http-nio-8080-exec-8] traceId=10e3b3c4-699f-4fa0-8f93-e3c4deead944 c.w.a.g.log.RequestLoggingFilter - event=request_completed method=GET uri=/actuator/prometheus status=200 durationMs=85
2026-06-09 12:22:31 [INFO][module01-actuator] [http-nio-8080-exec-10] traceId=7a7cb7a4-b184-432f-8bb3-d9d9e3511b07 c.w.a.g.log.RequestLoggingFilter - event=request_started method=GET uri=/actuator/prometheus
2026-06-09 12:22:31 [INFO][module01-actuator] [http-nio-8080-exec-10] traceId=7a7cb7a4-b184-432f-8bb3-d9d9e3511b07 c.w.a.g.log.RequestLoggingFilter - event=request_completed method=GET uri=/actuator/prometheus status=200 durationMs=90
2026-06-09 12:22:36 [INFO][module01-actuator] [http-nio-8080-exec-9] traceId=85e07439-d730-413d-9d2d-1998c941228a c.w.a.g.log.RequestLoggingFilter - event=request_started method=GET uri=/actuator/prometheus
2026-06-09 12:22:36 [INFO][module01-actuator] [http-nio-8080-exec-9] traceId=85e07439-d730-413d-9d2d-1998c941228a c.w.a.g.log.RequestLoggingFilter - event=request_completed method=GET uri=/actuator/prometheus status=200 durationMs=70
2026-06-09 12:22:41 [INFO][module01-actuator] [http-nio-8080-exec-1] traceId=a9837b53-fe62-4ead-b042-46528e5f0ade c.w.a.g.log.RequestLoggingFilter - event=request_started method=GET uri=/actuator/prometheus
2026-06-09 12:22:41 [INFO][module01-actuator] [http-nio-8080-exec-1] traceId=a9837b53-fe62-4ead-b042-46528e5f0ade c.w.a.g.log.RequestLoggingFilter - event=request_completed method=GET uri=/actuator/prometheus status=200 durationMs=90
2026-06-09 12:22:46 [INFO][module01-actuator] [http-nio-8080-exec-2] traceId=01a94563-8ab8-4312-a3d6-9cf199b89965 c.w.a.g.log.RequestLoggingFilter - event=request_started method=GET uri=/actuator/prometheus
2026-06-09 12:22:46 [INFO][module01-actuator] [http-nio-8080-exec-2] traceId=01a94563-8ab8-4312-a3d6-9cf199b89965 c.w.a.g.log.RequestLoggingFilter - event=request_completed method=GET uri=/actuator/prometheus status=200 durationMs=161
2026-06-09 12:22:51 [INFO][module01-actuator] [http-nio-8080-exec-4] traceId=03776d6d-098a-403e-bf77-e50985c36e5d c.w.a.g.log.RequestLoggingFilter - event=request_started method=GET uri=/actuator/prometheus
2026-06-09 12:22:51 [INFO][module01-actuator] [http-nio-8080-exec-4] traceId=03776d6d-098a-403e-bf77-e50985c36e5d c.w.a.g.log.RequestLoggingFilter - event=request_completed method=GET uri=/actuator/prometheus status=200 durationMs=82
2026-06-09 12:22:56 [INFO][module01-actuator] [http-nio-8080-exec-3] traceId=12b68af1-f8a1-4dbc-8668-c1895e41d0ed c.w.a.g.log.RequestLoggingFilter - event=request_started method=GET uri=/actuator/prometheus
2026-06-09 12:22:56 [INFO][module01-actuator] [http-nio-8080-exec-3] traceId=12b68af1-f8a1-4dbc-8668-c1895e41d0ed c.w.a.g.log.RequestLoggingFilter - event=request_completed method=GET uri=/actuator/prometheus status=200 durationMs=63
2026-06-09 12:23:01 [INFO][module01-actuator] [http-nio-8080-exec-5] traceId=e95cec56-6bfa-4880-a3ff-a98a4e9156d3 c.w.a.g.log.RequestLoggingFilter - event=request_started method=GET uri=/actuator/prometheus
2026-06-09 12:23:01 [INFO][module01-actuator] [http-nio-8080-exec-5] traceId=e95cec56-6bfa-4880-a3ff-a98a4e9156d3 c.w.a.g.log.RequestLoggingFilter - event=request_completed method=GET uri=/actuator/prometheus status=200 durationMs=77
2026-06-09 12:23:06 [INFO][module01-actuator] [http-nio-8080-exec-6] traceId=11bbe399-4a26-415e-9777-a6f35f508226 c.w.a.g.log.RequestLoggingFilter - event=request_started method=GET uri=/actuator/prometheus
2026-06-09 12:23:06 [INFO][module01-actuator] [http-nio-8080-exec-6] traceId=11bbe399-4a26-415e-9777-a6f35f508226 c.w.a.g.log.RequestLoggingFilter - event=request_completed method=GET uri=/actuator/prometheus status=200 durationMs=73
2026-06-09 12:23:11 [INFO][module01-actuator] [http-nio-8080-exec-7] traceId=2e30b591-cd42-404d-a111-79e0a9fcb0a6 c.w.a.g.log.RequestLoggingFilter - event=request_started method=GET uri=/actuator/prometheus
2026-06-09 12:23:11 [INFO][module01-actuator] [http-nio-8080-exec-7] traceId=2e30b591-cd42-404d-a111-79e0a9fcb0a6 c.w.a.g.log.RequestLoggingFilter - event=request_completed method=GET uri=/actuator/prometheus status=200 durationMs=95
2026-06-09 12:23:16 [INFO][module01-actuator] [http-nio-8080-exec-8] traceId=f0788a03-e042-42bb-931c-5c62398ca0a7 c.w.a.g.log.RequestLoggingFilter - event=request_started method=GET uri=/actuator/prometheus
2026-06-09 12:23:16 [INFO][module01-actuator] [http-nio-8080-exec-8] traceId=f0788a03-e042-42bb-931c-5c62398ca0a7 c.w.a.g.log.RequestLoggingFilter - event=request_completed method=GET uri=/actuator/prometheus status=200 durationMs=88
2026-06-09 12:23:21 [INFO][module01-actuator] [http-nio-8080-exec-10] traceId=76e9cbf1-29e9-4078-8120-76ab1e202156 c.w.a.g.log.RequestLoggingFilter - event=request_started method=GET uri=/actuator/prometheus
2026-06-09 12:23:21 [INFO][module01-actuator] [http-nio-8080-exec-10] traceId=76e9cbf1-29e9-4078-8120-76ab1e202156 c.w.a.g.log.RequestLoggingFilter - event=request_completed method=GET uri=/actuator/prometheus status=200 durationMs=54
2026-06-09 12:23:26 [INFO][module01-actuator] [http-nio-8080-exec-9] traceId=4aa85153-ed19-4b52-bb35-9f09885d3ad8 c.w.a.g.log.RequestLoggingFilter - event=request_started method=GET uri=/actuator/prometheus
2026-06-09 12:23:26 [INFO][module01-actuator] [http-nio-8080-exec-9] traceId=4aa85153-ed19-4b52-bb35-9f09885d3ad8 c.w.a.g.log.RequestLoggingFilter - event=request_completed method=GET uri=/actuator/prometheus status=200 durationMs=99
2026-06-09 12:23:31 [INFO][module01-actuator] [http-nio-8080-exec-1] traceId=2d32209a-5345-4ec0-94a2-51fbe97d50d9 c.w.a.g.log.RequestLoggingFilter - event=request_started method=GET uri=/actuator/prometheus
2026-06-09 12:23:31 [INFO][module01-actuator] [http-nio-8080-exec-1] traceId=2d32209a-5345-4ec0-94a2-51fbe97d50d9 c.w.a.g.log.RequestLoggingFilter - event=request_completed method=GET uri=/actuator/prometheus status=200 durationMs=88
2026-06-09 12:23:36 [INFO][module01-actuator] [http-nio-8080-exec-2] traceId=b98e5356-3c15-476f-97e2-c2cac0b76484 c.w.a.g.log.RequestLoggingFilter - event=request_started method=GET uri=/actuator/prometheus
2026-06-09 12:23:36 [INFO][module01-actuator] [http-nio-8080-exec-2] traceId=b98e5356-3c15-476f-97e2-c2cac0b76484 c.w.a.g.log.RequestLoggingFilter - event=request_completed method=GET uri=/actuator/prometheus status=200 durationMs=145
2026-06-09 12:23:41 [INFO][module01-actuator] [http-nio-8080-exec-4] traceId=7e98125c-30bc-4413-a641-30a53e0a52c0 c.w.a.g.log.RequestLoggingFilter - event=request_started method=GET uri=/actuator/prometheus
2026-06-09 12:23:41 [INFO][module01-actuator] [http-nio-8080-exec-4] traceId=7e98125c-30bc-4413-a641-30a53e0a52c0 c.w.a.g.log.RequestLoggingFilter - event=request_completed method=GET uri=/actuator/prometheus status=200 durationMs=89
2026-06-09 12:23:46 [INFO][module01-actuator] [http-nio-8080-exec-3] traceId=08abdb69-b9d1-4cb0-811c-7df25492ea50 c.w.a.g.log.RequestLoggingFilter - event=request_started method=GET uri=/actuator/prometheus
2026-06-09 12:23:46 [INFO][module01-actuator] [http-nio-8080-exec-3] traceId=08abdb69-b9d1-4cb0-811c-7df25492ea50 c.w.a.g.log.RequestLoggingFilter - event=request_completed method=GET uri=/actuator/prometheus status=200 durationMs=95
2026-06-09 12:23:51 [INFO][module01-actuator] [http-nio-8080-exec-5] traceId=d3258d1e-f399-41d4-8db3-22d0f1edefda c.w.a.g.log.RequestLoggingFilter - event=request_started method=GET uri=/actuator/prometheus
2026-06-09 12:23:51 [INFO][module01-actuator] [http-nio-8080-exec-5] traceId=d3258d1e-f399-41d4-8db3-22d0f1edefda c.w.a.g.log.RequestLoggingFilter - event=request_completed method=GET uri=/actuator/prometheus status=200 durationMs=69
2026-06-09 12:23:56 [INFO][module01-actuator] [http-nio-8080-exec-6] traceId=64d6998f-923c-4e9a-a40a-a0eea0ad8697 c.w.a.g.log.RequestLoggingFilter - event=request_started method=GET uri=/actuator/prometheus
2026-06-09 12:23:56 [INFO][module01-actuator] [http-nio-8080-exec-6] traceId=64d6998f-923c-4e9a-a40a-a0eea0ad8697 c.w.a.g.log.RequestLoggingFilter - event=request_completed method=GET uri=/actuator/prometheus status=200 durationMs=68
2026-06-09 12:24:01 [INFO][module01-actuator] [http-nio-8080-exec-7] traceId=72447429-29b4-4224-a5a7-9e652a9275ab c.w.a.g.log.RequestLoggingFilter - event=request_started method=GET uri=/actuator/prometheus
2026-06-09 12:24:01 [INFO][module01-actuator] [http-nio-8080-exec-7] traceId=72447429-29b4-4224-a5a7-9e652a9275ab c.w.a.g.log.RequestLoggingFilter - event=request_completed method=GET uri=/actuator/prometheus status=200 durationMs=116
2026-06-09 12:24:06 [INFO][module01-actuator] [http-nio-8080-exec-8] traceId=aac6f9b8-1d47-4db7-8b43-4e399fd32289 c.w.a.g.log.RequestLoggingFilter - event=request_started method=GET uri=/actuator/prometheus
2026-06-09 12:24:06 [INFO][module01-actuator] [http-nio-8080-exec-8] traceId=aac6f9b8-1d47-4db7-8b43-4e399fd32289 c.w.a.g.log.RequestLoggingFilter - event=request_completed method=GET uri=/actuator/prometheus status=200 durationMs=76
2026-06-09 12:24:11 [INFO][module01-actuator] [http-nio-8080-exec-10] traceId=73c2a93f-b319-4ca7-a83d-f438e5f6d74e c.w.a.g.log.RequestLoggingFilter - event=request_started method=GET uri=/actuator/prometheus
2026-06-09 12:24:11 [INFO][module01-actuator] [http-nio-8080-exec-10] traceId=73c2a93f-b319-4ca7-a83d-f438e5f6d74e c.w.a.g.log.RequestLoggingFilter - event=request_completed method=GET uri=/actuator/prometheus status=200 durationMs=75
2026-06-09 12:24:16 [INFO][module01-actuator] [http-nio-8080-exec-9] traceId=e0a9f0d2-1d64-4b32-88a8-48e9939d7eec c.w.a.g.log.RequestLoggingFilter - event=request_started method=GET uri=/actuator/prometheus
2026-06-09 12:24:16 [INFO][module01-actuator] [http-nio-8080-exec-9] traceId=e0a9f0d2-1d64-4b32-88a8-48e9939d7eec c.w.a.g.log.RequestLoggingFilter - event=request_completed method=GET uri=/actuator/prometheus status=200 durationMs=76
2026-06-09 12:24:21 [INFO][module01-actuator] [http-nio-8080-exec-1] traceId=866e2e9e-23a5-4232-af79-d1f2418b2fc8 c.w.a.g.log.RequestLoggingFilter - event=request_started method=GET uri=/actuator/prometheus
2026-06-09 12:24:21 [INFO][module01-actuator] [http-nio-8080-exec-1] traceId=866e2e9e-23a5-4232-af79-d1f2418b2fc8 c.w.a.g.log.RequestLoggingFilter - event=request_completed method=GET uri=/actuator/prometheus status=200 durationMs=83
2026-06-09 12:24:26 [INFO][module01-actuator] [http-nio-8080-exec-2] traceId=d52d2adf-099a-46c0-91a6-c299efe6a629 c.w.a.g.log.RequestLoggingFilter - event=request_started method=GET uri=/actuator/prometheus
2026-06-09 12:24:26 [INFO][module01-actuator] [http-nio-8080-exec-2] traceId=d52d2adf-099a-46c0-91a6-c299efe6a629 c.w.a.g.log.RequestLoggingFilter - event=request_completed method=GET uri=/actuator/prometheus status=200 durationMs=85
2026-06-09 12:24:31 [INFO][module01-actuator] [http-nio-8080-exec-4] traceId=9c5bc403-0b63-468a-87ff-6d18911b3d2c c.w.a.g.log.RequestLoggingFilter - event=request_started method=GET uri=/actuator/prometheus
2026-06-09 12:24:31 [INFO][module01-actuator] [http-nio-8080-exec-4] traceId=9c5bc403-0b63-468a-87ff-6d18911b3d2c c.w.a.g.log.RequestLoggingFilter - event=request_completed method=GET uri=/actuator/prometheus status=200 durationMs=85
2026-06-09 12:24:36 [INFO][module01-actuator] [http-nio-8080-exec-3] traceId=796e146e-fa08-403d-bb5e-a1164b58cbf1 c.w.a.g.log.RequestLoggingFilter - event=request_started method=GET uri=/actuator/prometheus
2026-06-09 12:24:36 [INFO][module01-actuator] [http-nio-8080-exec-3] traceId=796e146e-fa08-403d-bb5e-a1164b58cbf1 c.w.a.g.log.RequestLoggingFilter - event=request_completed method=GET uri=/actuator/prometheus status=200 durationMs=103
2026-06-09 12:24:41 [INFO][module01-actuator] [http-nio-8080-exec-5] traceId=155387c4-b272-4b48-83b5-13913450fe2d c.w.a.g.log.RequestLoggingFilter - event=request_started method=GET uri=/actuator/prometheus
2026-06-09 12:24:41 [INFO][module01-actuator] [http-nio-8080-exec-5] traceId=155387c4-b272-4b48-83b5-13913450fe2d c.w.a.g.log.RequestLoggingFilter - event=request_completed method=GET uri=/actuator/prometheus status=200 durationMs=142
2026-06-09 12:24:46 [INFO][module01-actuator] [http-nio-8080-exec-6] traceId=52c9a221-d432-46cb-b0f7-efe44f58558c c.w.a.g.log.RequestLoggingFilter - event=request_started method=GET uri=/actuator/prometheus
2026-06-09 12:24:46 [INFO][module01-actuator] [http-nio-8080-exec-6] traceId=52c9a221-d432-46cb-b0f7-efe44f58558c c.w.a.g.log.RequestLoggingFilter - event=request_completed method=GET uri=/actuator/prometheus status=200 durationMs=71
2026-06-09 12:24:51 [INFO][module01-actuator] [http-nio-8080-exec-7] traceId=c6f09290-c8ae-494f-9328-2a4d5ff96b08 c.w.a.g.log.RequestLoggingFilter - event=request_started method=GET uri=/actuator/prometheus
2026-06-09 12:24:51 [INFO][module01-actuator] [http-nio-8080-exec-7] traceId=c6f09290-c8ae-494f-9328-2a4d5ff96b08 c.w.a.g.log.RequestLoggingFilter - event=request_completed method=GET uri=/actuator/prometheus status=200 durationMs=69
2026-06-09 12:24:56 [INFO][module01-actuator] [http-nio-8080-exec-8] traceId=16dfdb2f-1da9-45c3-83be-28b20a7f3032 c.w.a.g.log.RequestLoggingFilter - event=request_started method=GET uri=/actuator/prometheus
2026-06-09 12:24:56 [INFO][module01-actuator] [http-nio-8080-exec-8] traceId=16dfdb2f-1da9-45c3-83be-28b20a7f3032 c.w.a.g.log.RequestLoggingFilter - event=request_completed method=GET uri=/actuator/prometheus status=200 durationMs=80
2026-06-09 12:25:01 [INFO][module01-actuator] [http-nio-8080-exec-10] traceId=0d99761d-bfc8-4387-8e1c-f62ec6684859 c.w.a.g.log.RequestLoggingFilter - event=request_started method=GET uri=/actuator/prometheus
2026-06-09 12:25:01 [INFO][module01-actuator] [http-nio-8080-exec-10] traceId=0d99761d-bfc8-4387-8e1c-f62ec6684859 c.w.a.g.log.RequestLoggingFilter - event=request_completed method=GET uri=/actuator/prometheus status=200 durationMs=79
2026-06-09 12:25:06 [INFO][module01-actuator] [http-nio-8080-exec-9] traceId=4161b779-473d-4614-bc75-507d6a1e9384 c.w.a.g.log.RequestLoggingFilter - event=request_started method=GET uri=/actuator/prometheus
2026-06-09 12:25:06 [INFO][module01-actuator] [http-nio-8080-exec-9] traceId=4161b779-473d-4614-bc75-507d6a1e9384 c.w.a.g.log.RequestLoggingFilter - event=request_completed method=GET uri=/actuator/prometheus status=200 durationMs=122
2026-06-09 12:25:11 [INFO][module01-actuator] [http-nio-8080-exec-1] traceId=87d1ad52-e2b5-4c14-8d80-968d8995dc01 c.w.a.g.log.RequestLoggingFilter - event=request_started method=GET uri=/actuator/prometheus
2026-06-09 12:25:11 [INFO][module01-actuator] [http-nio-8080-exec-1] traceId=87d1ad52-e2b5-4c14-8d80-968d8995dc01 c.w.a.g.log.RequestLoggingFilter - event=request_completed method=GET uri=/actuator/prometheus status=200 durationMs=82
2026-06-09 12:25:16 [INFO][module01-actuator] [http-nio-8080-exec-2] traceId=b3efdd97-3ab8-4ac2-afe2-9db6c03fdffa c.w.a.g.log.RequestLoggingFilter - event=request_started method=GET uri=/actuator/prometheus
2026-06-09 12:25:16 [INFO][module01-actuator] [http-nio-8080-exec-2] traceId=b3efdd97-3ab8-4ac2-afe2-9db6c03fdffa c.w.a.g.log.RequestLoggingFilter - event=request_completed method=GET uri=/actuator/prometheus status=200 durationMs=78
2026-06-09 12:25:21 [INFO][module01-actuator] [http-nio-8080-exec-4] traceId=b73d8771-a9f6-4598-99dc-3d6fa3fe9c81 c.w.a.g.log.RequestLoggingFilter - event=request_started method=GET uri=/actuator/prometheus
2026-06-09 12:25:21 [INFO][module01-actuator] [http-nio-8080-exec-4] traceId=b73d8771-a9f6-4598-99dc-3d6fa3fe9c81 c.w.a.g.log.RequestLoggingFilter - event=request_completed method=GET uri=/actuator/prometheus status=200 durationMs=68
2026-06-09 12:25:26 [INFO][module01-actuator] [http-nio-8080-exec-3] traceId=8d69b0b9-ddeb-452b-88a4-4dbbeb213253 c.w.a.g.log.RequestLoggingFilter - event=request_started method=GET uri=/actuator/prometheus
2026-06-09 12:25:26 [INFO][module01-actuator] [http-nio-8080-exec-3] traceId=8d69b0b9-ddeb-452b-88a4-4dbbeb213253 c.w.a.g.log.RequestLoggingFilter - event=request_completed method=GET uri=/actuator/prometheus status=200 durationMs=72
2026-06-09 12:25:31 [INFO][module01-actuator] [http-nio-8080-exec-5] traceId=6c40e200-fce7-4a4d-8209-cc66f3102030 c.w.a.g.log.RequestLoggingFilter - event=request_started method=GET uri=/actuator/prometheus
2026-06-09 12:25:31 [INFO][module01-actuator] [http-nio-8080-exec-5] traceId=6c40e200-fce7-4a4d-8209-cc66f3102030 c.w.a.g.log.RequestLoggingFilter - event=request_completed method=GET uri=/actuator/prometheus status=200 durationMs=64
2026-06-09 12:25:36 [INFO][module01-actuator] [http-nio-8080-exec-6] traceId=234fab62-a5dc-4331-a998-7a83c853900e c.w.a.g.log.RequestLoggingFilter - event=request_started method=GET uri=/actuator/prometheus
2026-06-09 12:25:36 [INFO][module01-actuator] [http-nio-8080-exec-6] traceId=234fab62-a5dc-4331-a998-7a83c853900e c.w.a.g.log.RequestLoggingFilter - event=request_completed method=GET uri=/actuator/prometheus status=200 durationMs=71
2026-06-09 12:25:41 [INFO][module01-actuator] [http-nio-8080-exec-7] traceId=3dfc44ff-059d-404a-bb97-10d107aeacc6 c.w.a.g.log.RequestLoggingFilter - event=request_started method=GET uri=/actuator/prometheus
2026-06-09 12:25:41 [INFO][module01-actuator] [http-nio-8080-exec-7] traceId=3dfc44ff-059d-404a-bb97-10d107aeacc6 c.w.a.g.log.RequestLoggingFilter - event=request_completed method=GET uri=/actuator/prometheus status=200 durationMs=69
2026-06-09 12:25:46 [INFO][module01-actuator] [http-nio-8080-exec-8] traceId=17161ee2-ec5f-4e1e-a80b-2f7e1cd52681 c.w.a.g.log.RequestLoggingFilter - event=request_started method=GET uri=/actuator/prometheus
2026-06-09 12:25:46 [INFO][module01-actuator] [http-nio-8080-exec-8] traceId=17161ee2-ec5f-4e1e-a80b-2f7e1cd52681 c.w.a.g.log.RequestLoggingFilter - event=request_completed method=GET uri=/actuator/prometheus status=200 durationMs=64
2026-06-09 12:25:51 [INFO][module01-actuator] [http-nio-8080-exec-10] traceId=cb5dcb00-a1db-4833-a0a5-841b870eea8c c.w.a.g.log.RequestLoggingFilter - event=request_started method=GET uri=/actuator/prometheus
2026-06-09 12:25:51 [INFO][module01-actuator] [http-nio-8080-exec-10] traceId=cb5dcb00-a1db-4833-a0a5-841b870eea8c c.w.a.g.log.RequestLoggingFilter - event=request_completed method=GET uri=/actuator/prometheus status=200 durationMs=82
2026-06-09 12:25:56 [INFO][module01-actuator] [http-nio-8080-exec-9] traceId=bd41f657-0673-4f1f-a010-47ba65ee4b94 c.w.a.g.log.RequestLoggingFilter - event=request_started method=GET uri=/actuator/prometheus
2026-06-09 12:25:56 [INFO][module01-actuator] [http-nio-8080-exec-9] traceId=bd41f657-0673-4f1f-a010-47ba65ee4b94 c.w.a.g.log.RequestLoggingFilter - event=request_completed method=GET uri=/actuator/prometheus status=200 durationMs=65
2026-06-09 12:26:01 [INFO][module01-actuator] [http-nio-8080-exec-1] traceId=24929b07-48bd-4283-a83a-9da750e710ea c.w.a.g.log.RequestLoggingFilter - event=request_started method=GET uri=/actuator/prometheus
2026-06-09 12:26:01 [INFO][module01-actuator] [http-nio-8080-exec-1] traceId=24929b07-48bd-4283-a83a-9da750e710ea c.w.a.g.log.RequestLoggingFilter - event=request_completed method=GET uri=/actuator/prometheus status=200 durationMs=67
2026-06-09 12:26:06 [INFO][module01-actuator] [http-nio-8080-exec-2] traceId=239ba458-41ca-4bb0-af68-8571fabd5d15 c.w.a.g.log.RequestLoggingFilter - event=request_started method=GET uri=/actuator/prometheus
2026-06-09 12:26:06 [INFO][module01-actuator] [http-nio-8080-exec-2] traceId=239ba458-41ca-4bb0-af68-8571fabd5d15 c.w.a.g.log.RequestLoggingFilter - event=request_completed method=GET uri=/actuator/prometheus status=200 durationMs=67
2026-06-09 12:26:11 [INFO][module01-actuator] [http-nio-8080-exec-4] traceId=93e8e636-9da6-430d-9dd0-61dd0564ad9e c.w.a.g.log.RequestLoggingFilter - event=request_started method=GET uri=/actuator/prometheus
2026-06-09 12:26:11 [INFO][module01-actuator] [http-nio-8080-exec-4] traceId=93e8e636-9da6-430d-9dd0-61dd0564ad9e c.w.a.g.log.RequestLoggingFilter - event=request_completed method=GET uri=/actuator/prometheus status=200 durationMs=74
2026-06-09 12:26:16 [INFO][module01-actuator] [http-nio-8080-exec-3] traceId=e51657d5-d6a2-4b2f-afff-2e986c9b6110 c.w.a.g.log.RequestLoggingFilter - event=request_started method=GET uri=/actuator/prometheus
2026-06-09 12:26:16 [INFO][module01-actuator] [http-nio-8080-exec-3] traceId=e51657d5-d6a2-4b2f-afff-2e986c9b6110 c.w.a.g.log.RequestLoggingFilter - event=request_completed method=GET uri=/actuator/prometheus status=200 durationMs=65
2026-06-09 12:26:21 [INFO][module01-actuator] [http-nio-8080-exec-5] traceId=cb84ae71-440c-47ef-a297-1ba7898cce58 c.w.a.g.log.RequestLoggingFilter - event=request_started method=GET uri=/actuator/prometheus
2026-06-09 12:26:21 [INFO][module01-actuator] [http-nio-8080-exec-5] traceId=cb84ae71-440c-47ef-a297-1ba7898cce58 c.w.a.g.log.RequestLoggingFilter - event=request_completed method=GET uri=/actuator/prometheus status=200 durationMs=63
2026-06-09 12:26:26 [INFO][module01-actuator] [http-nio-8080-exec-6] traceId=f62bae3a-2b45-4d0b-b070-e26835348521 c.w.a.g.log.RequestLoggingFilter - event=request_started method=GET uri=/actuator/prometheus
2026-06-09 12:26:26 [INFO][module01-actuator] [http-nio-8080-exec-6] traceId=f62bae3a-2b45-4d0b-b070-e26835348521 c.w.a.g.log.RequestLoggingFilter - event=request_completed method=GET uri=/actuator/prometheus status=200 durationMs=75
2026-06-09 12:26:31 [INFO][module01-actuator] [http-nio-8080-exec-7] traceId=c1e790ca-9dfb-4ee6-8765-e6b7c6edf3ba c.w.a.g.log.RequestLoggingFilter - event=request_started method=GET uri=/actuator/prometheus
2026-06-09 12:26:31 [INFO][module01-actuator] [http-nio-8080-exec-7] traceId=c1e790ca-9dfb-4ee6-8765-e6b7c6edf3ba c.w.a.g.log.RequestLoggingFilter - event=request_completed method=GET uri=/actuator/prometheus status=200 durationMs=67
2026-06-09 12:26:36 [INFO][module01-actuator] [http-nio-8080-exec-8] traceId=c57ff6c8-415c-47ee-833b-f62a9f069d43 c.w.a.g.log.RequestLoggingFilter - event=request_started method=GET uri=/actuator/prometheus
2026-06-09 12:26:36 [INFO][module01-actuator] [http-nio-8080-exec-8] traceId=c57ff6c8-415c-47ee-833b-f62a9f069d43 c.w.a.g.log.RequestLoggingFilter - event=request_completed method=GET uri=/actuator/prometheus status=200 durationMs=61
2026-06-09 12:26:41 [INFO][module01-actuator] [http-nio-8080-exec-10] traceId=2d4e115a-b9ca-4adb-8b56-c9907d4aed9a c.w.a.g.log.RequestLoggingFilter - event=request_started method=GET uri=/actuator/prometheus
2026-06-09 12:26:41 [INFO][module01-actuator] [http-nio-8080-exec-10] traceId=2d4e115a-b9ca-4adb-8b56-c9907d4aed9a c.w.a.g.log.RequestLoggingFilter - event=request_completed method=GET uri=/actuator/prometheus status=200 durationMs=73
2026-06-09 12:26:46 [INFO][module01-actuator] [http-nio-8080-exec-9] traceId=2e976bfb-8229-41bc-81fa-a0c734ce99db c.w.a.g.log.RequestLoggingFilter - event=request_started method=GET uri=/actuator/prometheus
2026-06-09 12:26:46 [INFO][module01-actuator] [http-nio-8080-exec-9] traceId=2e976bfb-8229-41bc-81fa-a0c734ce99db c.w.a.g.log.RequestLoggingFilter - event=request_completed method=GET uri=/actuator/prometheus status=200 durationMs=63
2026-06-09 12:26:51 [INFO][module01-actuator] [http-nio-8080-exec-1] traceId=7243b24f-4845-4ff8-bed9-cb7554861fe4 c.w.a.g.log.RequestLoggingFilter - event=request_started method=GET uri=/actuator/prometheus
2026-06-09 12:26:51 [INFO][module01-actuator] [http-nio-8080-exec-1] traceId=7243b24f-4845-4ff8-bed9-cb7554861fe4 c.w.a.g.log.RequestLoggingFilter - event=request_completed method=GET uri=/actuator/prometheus status=200 durationMs=83
2026-06-09 12:26:56 [INFO][module01-actuator] [http-nio-8080-exec-2] traceId=b00744c5-716c-45b0-aa1b-21a904ec2540 c.w.a.g.log.RequestLoggingFilter - event=request_started method=GET uri=/actuator/prometheus
2026-06-09 12:26:56 [INFO][module01-actuator] [http-nio-8080-exec-2] traceId=b00744c5-716c-45b0-aa1b-21a904ec2540 c.w.a.g.log.RequestLoggingFilter - event=request_completed method=GET uri=/actuator/prometheus status=200 durationMs=90
2026-06-09 12:27:01 [INFO][module01-actuator] [http-nio-8080-exec-4] traceId=ce192c1e-6676-4964-be0d-4cade8b2e9b2 c.w.a.g.log.RequestLoggingFilter - event=request_started method=GET uri=/actuator/prometheus
2026-06-09 12:27:01 [INFO][module01-actuator] [http-nio-8080-exec-4] traceId=ce192c1e-6676-4964-be0d-4cade8b2e9b2 c.w.a.g.log.RequestLoggingFilter - event=request_completed method=GET uri=/actuator/prometheus status=200 durationMs=101
2026-06-09 12:27:06 [INFO][module01-actuator] [http-nio-8080-exec-3] traceId=4983dd00-ed12-4d35-b2cc-0f114dd02be9 c.w.a.g.log.RequestLoggingFilter - event=request_started method=GET uri=/actuator/prometheus
2026-06-09 12:27:06 [INFO][module01-actuator] [http-nio-8080-exec-3] traceId=4983dd00-ed12-4d35-b2cc-0f114dd02be9 c.w.a.g.log.RequestLoggingFilter - event=request_completed method=GET uri=/actuator/prometheus status=200 durationMs=88
2026-06-09 12:27:11 [INFO][module01-actuator] [http-nio-8080-exec-5] traceId=bd21c03b-f32e-45b2-95c6-f25950ebb178 c.w.a.g.log.RequestLoggingFilter - event=request_started method=GET uri=/actuator/prometheus
2026-06-09 12:27:11 [INFO][module01-actuator] [http-nio-8080-exec-5] traceId=bd21c03b-f32e-45b2-95c6-f25950ebb178 c.w.a.g.log.RequestLoggingFilter - event=request_completed method=GET uri=/actuator/prometheus status=200 durationMs=79
2026-06-09 12:27:16 [INFO][module01-actuator] [http-nio-8080-exec-6] traceId=73eabf92-c9b5-4482-86f7-80f9bc3c095c c.w.a.g.log.RequestLoggingFilter - event=request_started method=GET uri=/actuator/prometheus
2026-06-09 12:27:16 [INFO][module01-actuator] [http-nio-8080-exec-6] traceId=73eabf92-c9b5-4482-86f7-80f9bc3c095c c.w.a.g.log.RequestLoggingFilter - event=request_completed method=GET uri=/actuator/prometheus status=200 durationMs=93
2026-06-09 12:27:21 [INFO][module01-actuator] [http-nio-8080-exec-7] traceId=2eff0417-e752-4e09-8b3d-36891c7d6871 c.w.a.g.log.RequestLoggingFilter - event=request_started method=GET uri=/actuator/prometheus
2026-06-09 12:27:21 [INFO][module01-actuator] [http-nio-8080-exec-7] traceId=2eff0417-e752-4e09-8b3d-36891c7d6871 c.w.a.g.log.RequestLoggingFilter - event=request_completed method=GET uri=/actuator/prometheus status=200 durationMs=66
2026-06-09 12:27:26 [INFO][module01-actuator] [http-nio-8080-exec-8] traceId=aae09a3b-6659-42b2-b34f-020e7746fc00 c.w.a.g.log.RequestLoggingFilter - event=request_started method=GET uri=/actuator/prometheus
2026-06-09 12:27:26 [INFO][module01-actuator] [http-nio-8080-exec-8] traceId=aae09a3b-6659-42b2-b34f-020e7746fc00 c.w.a.g.log.RequestLoggingFilter - event=request_completed method=GET uri=/actuator/prometheus status=200 durationMs=157
2026-06-09 12:27:31 [INFO][module01-actuator] [http-nio-8080-exec-10] traceId=5e10fe84-d008-4682-a0cd-0d3760198844 c.w.a.g.log.RequestLoggingFilter - event=request_started method=GET uri=/actuator/prometheus
2026-06-09 12:27:31 [INFO][module01-actuator] [http-nio-8080-exec-10] traceId=5e10fe84-d008-4682-a0cd-0d3760198844 c.w.a.g.log.RequestLoggingFilter - event=request_completed method=GET uri=/actuator/prometheus status=200 durationMs=93
2026-06-09 12:27:36 [INFO][module01-actuator] [http-nio-8080-exec-9] traceId=ccb5198b-3a37-4d56-81c8-04c1fdfb4333 c.w.a.g.log.RequestLoggingFilter - event=request_started method=GET uri=/actuator/prometheus
2026-06-09 12:27:36 [INFO][module01-actuator] [http-nio-8080-exec-9] traceId=ccb5198b-3a37-4d56-81c8-04c1fdfb4333 c.w.a.g.log.RequestLoggingFilter - event=request_completed method=GET uri=/actuator/prometheus status=200 durationMs=67
2026-06-09 12:27:41 [INFO][module01-actuator] [http-nio-8080-exec-1] traceId=2460a591-4557-4545-a020-8065f336d755 c.w.a.g.log.RequestLoggingFilter - event=request_started method=GET uri=/actuator/prometheus
2026-06-09 12:27:41 [INFO][module01-actuator] [http-nio-8080-exec-1] traceId=2460a591-4557-4545-a020-8065f336d755 c.w.a.g.log.RequestLoggingFilter - event=request_completed method=GET uri=/actuator/prometheus status=200 durationMs=100
2026-06-09 12:27:46 [INFO][module01-actuator] [http-nio-8080-exec-2] traceId=a5d6cb28-1a15-4396-ad81-c24cba265fa7 c.w.a.g.log.RequestLoggingFilter - event=request_started method=GET uri=/actuator/prometheus
2026-06-09 12:27:46 [INFO][module01-actuator] [http-nio-8080-exec-2] traceId=a5d6cb28-1a15-4396-ad81-c24cba265fa7 c.w.a.g.log.RequestLoggingFilter - event=request_completed method=GET uri=/actuator/prometheus status=200 durationMs=77
2026-06-09 12:27:51 [INFO][module01-actuator] [http-nio-8080-exec-4] traceId=3e11b7a6-59a1-4e5e-8b14-cffe0f40a7bb c.w.a.g.log.RequestLoggingFilter - event=request_started method=GET uri=/actuator/prometheus
2026-06-09 12:27:51 [INFO][module01-actuator] [http-nio-8080-exec-4] traceId=3e11b7a6-59a1-4e5e-8b14-cffe0f40a7bb c.w.a.g.log.RequestLoggingFilter - event=request_completed method=GET uri=/actuator/prometheus status=200 durationMs=89
2026-06-09 12:27:56 [INFO][module01-actuator] [http-nio-8080-exec-3] traceId=f241b3a6-de25-4421-895a-a656218432d2 c.w.a.g.log.RequestLoggingFilter - event=request_started method=GET uri=/actuator/prometheus
2026-06-09 12:27:56 [INFO][module01-actuator] [http-nio-8080-exec-3] traceId=f241b3a6-de25-4421-895a-a656218432d2 c.w.a.g.log.RequestLoggingFilter - event=request_completed method=GET uri=/actuator/prometheus status=200 durationMs=88
2026-06-09 12:28:01 [INFO][module01-actuator] [http-nio-8080-exec-5] traceId=246a4739-33ea-4b33-a1ac-ea8b83150d77 c.w.a.g.log.RequestLoggingFilter - event=request_started method=GET uri=/actuator/prometheus
2026-06-09 12:28:01 [INFO][module01-actuator] [http-nio-8080-exec-5] traceId=246a4739-33ea-4b33-a1ac-ea8b83150d77 c.w.a.g.log.RequestLoggingFilter - event=request_completed method=GET uri=/actuator/prometheus status=200 durationMs=92
2026-06-09 12:28:06 [INFO][module01-actuator] [http-nio-8080-exec-6] traceId=a765366a-c4ce-44ca-bde7-dd667813cbed c.w.a.g.log.RequestLoggingFilter - event=request_started method=GET uri=/actuator/prometheus
2026-06-09 12:28:06 [INFO][module01-actuator] [http-nio-8080-exec-6] traceId=a765366a-c4ce-44ca-bde7-dd667813cbed c.w.a.g.log.RequestLoggingFilter - event=request_completed method=GET uri=/actuator/prometheus status=200 durationMs=81
2026-06-09 12:28:11 [INFO][module01-actuator] [http-nio-8080-exec-7] traceId=74ec54ed-d5e6-43cb-bbd4-3ad9ed34ae0e c.w.a.g.log.RequestLoggingFilter - event=request_started method=GET uri=/actuator/prometheus
2026-06-09 12:28:11 [INFO][module01-actuator] [http-nio-8080-exec-7] traceId=74ec54ed-d5e6-43cb-bbd4-3ad9ed34ae0e c.w.a.g.log.RequestLoggingFilter - event=request_completed method=GET uri=/actuator/prometheus status=200 durationMs=75
2026-06-09 12:28:16 [INFO][module01-actuator] [http-nio-8080-exec-8] traceId=494dcaa8-ab39-473a-9544-1db6df8956a6 c.w.a.g.log.RequestLoggingFilter - event=request_started method=GET uri=/actuator/prometheus
2026-06-09 12:28:16 [INFO][module01-actuator] [http-nio-8080-exec-8] traceId=494dcaa8-ab39-473a-9544-1db6df8956a6 c.w.a.g.log.RequestLoggingFilter - event=request_completed method=GET uri=/actuator/prometheus status=200 durationMs=89
2026-06-09 12:28:21 [INFO][module01-actuator] [http-nio-8080-exec-10] traceId=c97ae8e9-00a0-443b-8b75-3eaabd7de9a4 c.w.a.g.log.RequestLoggingFilter - event=request_started method=GET uri=/actuator/prometheus
2026-06-09 12:28:21 [INFO][module01-actuator] [http-nio-8080-exec-10] traceId=c97ae8e9-00a0-443b-8b75-3eaabd7de9a4 c.w.a.g.log.RequestLoggingFilter - event=request_completed method=GET uri=/actuator/prometheus status=200 durationMs=79
2026-06-09 12:28:26 [INFO][module01-actuator] [http-nio-8080-exec-9] traceId=c9e00aa7-459c-469b-8823-113d910c1326 c.w.a.g.log.RequestLoggingFilter - event=request_started method=GET uri=/actuator/prometheus
2026-06-09 12:28:26 [INFO][module01-actuator] [http-nio-8080-exec-9] traceId=c9e00aa7-459c-469b-8823-113d910c1326 c.w.a.g.log.RequestLoggingFilter - event=request_completed method=GET uri=/actuator/prometheus status=200 durationMs=76
2026-06-09 12:28:31 [INFO][module01-actuator] [http-nio-8080-exec-1] traceId=04e28e55-61b9-40ca-af47-20b1fb21e836 c.w.a.g.log.RequestLoggingFilter - event=request_started method=GET uri=/actuator/prometheus
2026-06-09 12:28:31 [INFO][module01-actuator] [http-nio-8080-exec-1] traceId=04e28e55-61b9-40ca-af47-20b1fb21e836 c.w.a.g.log.RequestLoggingFilter - event=request_completed method=GET uri=/actuator/prometheus status=200 durationMs=81
2026-06-09 12:28:36 [INFO][module01-actuator] [http-nio-8080-exec-2] traceId=a72023a3-7f23-4964-bd23-1c14f477649b c.w.a.g.log.RequestLoggingFilter - event=request_started method=GET uri=/actuator/prometheus
2026-06-09 12:28:36 [INFO][module01-actuator] [http-nio-8080-exec-2] traceId=a72023a3-7f23-4964-bd23-1c14f477649b c.w.a.g.log.RequestLoggingFilter - event=request_completed method=GET uri=/actuator/prometheus status=200 durationMs=77
2026-06-09 12:28:41 [INFO][module01-actuator] [http-nio-8080-exec-4] traceId=026deca5-fcc1-4cef-82ab-af2ed0cab128 c.w.a.g.log.RequestLoggingFilter - event=request_started method=GET uri=/actuator/prometheus
2026-06-09 12:28:41 [INFO][module01-actuator] [http-nio-8080-exec-4] traceId=026deca5-fcc1-4cef-82ab-af2ed0cab128 c.w.a.g.log.RequestLoggingFilter - event=request_completed method=GET uri=/actuator/prometheus status=200 durationMs=125
2026-06-09 12:28:46 [INFO][module01-actuator] [http-nio-8080-exec-3] traceId=c05a0d95-0422-4e27-99d5-2dcdc405b8d2 c.w.a.g.log.RequestLoggingFilter - event=request_started method=GET uri=/actuator/prometheus
2026-06-09 12:28:46 [INFO][module01-actuator] [http-nio-8080-exec-3] traceId=c05a0d95-0422-4e27-99d5-2dcdc405b8d2 c.w.a.g.log.RequestLoggingFilter - event=request_completed method=GET uri=/actuator/prometheus status=200 durationMs=86
2026-06-09 12:28:51 [INFO][module01-actuator] [http-nio-8080-exec-5] traceId=c4218d5d-14e0-4d46-910b-7afa46957398 c.w.a.g.log.RequestLoggingFilter - event=request_started method=GET uri=/actuator/prometheus
2026-06-09 12:28:51 [INFO][module01-actuator] [http-nio-8080-exec-5] traceId=c4218d5d-14e0-4d46-910b-7afa46957398 c.w.a.g.log.RequestLoggingFilter - event=request_completed method=GET uri=/actuator/prometheus status=200 durationMs=77
2026-06-09 12:32:27 [INFO][module01-actuator] [http-nio-8080-exec-6] traceId=cd8e1f4c-f127-4d76-bda4-16b64c775dba c.w.a.g.log.RequestLoggingFilter - event=request_started method=GET uri=/actuator/prometheus
2026-06-09 12:32:27 [INFO][module01-actuator] [http-nio-8080-exec-6] traceId=cd8e1f4c-f127-4d76-bda4-16b64c775dba c.w.a.g.log.RequestLoggingFilter - event=request_completed method=GET uri=/actuator/prometheus status=200 durationMs=145
2026-06-09 12:32:31 [INFO][module01-actuator] [http-nio-8080-exec-7] traceId=f5ed3883-e4f7-4681-be9c-2114397b8208 c.w.a.g.log.RequestLoggingFilter - event=request_started method=GET uri=/actuator/prometheus
2026-06-09 12:32:31 [INFO][module01-actuator] [http-nio-8080-exec-7] traceId=f5ed3883-e4f7-4681-be9c-2114397b8208 c.w.a.g.log.RequestLoggingFilter - event=request_completed method=GET uri=/actuator/prometheus status=200 durationMs=78
2026-06-09 12:32:33 [WARN][module01-actuator] [HikariPool-1:housekeeper] traceId= com.zaxxer.hikari.pool.HikariPool - HikariPool-1 - Thread starvation or clock leap detected (housekeeper delta=3m55s29ms550µs).
2026-06-09 12:32:36 [INFO][module01-actuator] [http-nio-8080-exec-8] traceId=ce8f18bd-3f6c-401d-a132-c41510bf0253 c.w.a.g.log.RequestLoggingFilter - event=request_started method=GET uri=/actuator/prometheus
2026-06-09 12:32:36 [INFO][module01-actuator] [http-nio-8080-exec-8] traceId=ce8f18bd-3f6c-401d-a132-c41510bf0253 c.w.a.g.log.RequestLoggingFilter - event=request_completed method=GET uri=/actuator/prometheus status=200 durationMs=90
2026-06-09 12:32:41 [INFO][module01-actuator] [http-nio-8080-exec-10] traceId=0035fa4c-e154-410a-813e-2a07dc200b63 c.w.a.g.log.RequestLoggingFilter - event=request_started method=GET uri=/actuator/prometheus
2026-06-09 12:32:41 [INFO][module01-actuator] [http-nio-8080-exec-10] traceId=0035fa4c-e154-410a-813e-2a07dc200b63 c.w.a.g.log.RequestLoggingFilter - event=request_completed method=GET uri=/actuator/prometheus status=200 durationMs=78
2026-06-09 12:32:46 [INFO][module01-actuator] [http-nio-8080-exec-9] traceId=6042a7e0-de19-403c-87ce-cb36bf92b7bf c.w.a.g.log.RequestLoggingFilter - event=request_started method=GET uri=/actuator/prometheus
2026-06-09 12:32:46 [INFO][module01-actuator] [http-nio-8080-exec-9] traceId=6042a7e0-de19-403c-87ce-cb36bf92b7bf c.w.a.g.log.RequestLoggingFilter - event=request_completed method=GET uri=/actuator/prometheus status=200 durationMs=85
2026-06-09 12:32:51 [INFO][module01-actuator] [http-nio-8080-exec-1] traceId=d946bd48-2447-41f4-82a5-1024c3ec285a c.w.a.g.log.RequestLoggingFilter - event=request_started method=GET uri=/actuator/prometheus
2026-06-09 12:32:51 [INFO][module01-actuator] [http-nio-8080-exec-1] traceId=d946bd48-2447-41f4-82a5-1024c3ec285a c.w.a.g.log.RequestLoggingFilter - event=request_completed method=GET uri=/actuator/prometheus status=200 durationMs=92
2026-06-09 12:32:56 [INFO][module01-actuator] [http-nio-8080-exec-2] traceId=c8ff1977-9d1f-4bdf-b486-b847bc40f4ce c.w.a.g.log.RequestLoggingFilter - event=request_started method=GET uri=/actuator/prometheus
2026-06-09 12:32:56 [INFO][module01-actuator] [http-nio-8080-exec-2] traceId=c8ff1977-9d1f-4bdf-b486-b847bc40f4ce c.w.a.g.log.RequestLoggingFilter - event=request_completed method=GET uri=/actuator/prometheus status=200 durationMs=80
2026-06-09 12:33:01 [INFO][module01-actuator] [http-nio-8080-exec-4] traceId=b9530494-4037-46a4-a344-d25f607a0b50 c.w.a.g.log.RequestLoggingFilter - event=request_started method=GET uri=/actuator/prometheus
2026-06-09 12:33:01 [INFO][module01-actuator] [http-nio-8080-exec-4] traceId=b9530494-4037-46a4-a344-d25f607a0b50 c.w.a.g.log.RequestLoggingFilter - event=request_completed method=GET uri=/actuator/prometheus status=200 durationMs=91
2026-06-09 12:33:06 [INFO][module01-actuator] [http-nio-8080-exec-3] traceId=1d2ffcaa-5968-4af2-94c3-5df61d0f6970 c.w.a.g.log.RequestLoggingFilter - event=request_started method=GET uri=/actuator/prometheus
2026-06-09 12:33:06 [INFO][module01-actuator] [http-nio-8080-exec-3] traceId=1d2ffcaa-5968-4af2-94c3-5df61d0f6970 c.w.a.g.log.RequestLoggingFilter - event=request_completed method=GET uri=/actuator/prometheus status=200 durationMs=83
2026-06-09 12:33:11 [INFO][module01-actuator] [http-nio-8080-exec-5] traceId=19b0d529-cd00-4b86-b84f-9074592c45cf c.w.a.g.log.RequestLoggingFilter - event=request_started method=GET uri=/actuator/prometheus
2026-06-09 12:33:11 [INFO][module01-actuator] [http-nio-8080-exec-5] traceId=19b0d529-cd00-4b86-b84f-9074592c45cf c.w.a.g.log.RequestLoggingFilter - event=request_completed method=GET uri=/actuator/prometheus status=200 durationMs=70
2026-06-09 12:33:16 [INFO][module01-actuator] [http-nio-8080-exec-6] traceId=9887effb-15d2-4cee-bc12-24f8490b4d07 c.w.a.g.log.RequestLoggingFilter - event=request_started method=GET uri=/actuator/prometheus
2026-06-09 12:33:16 [INFO][module01-actuator] [http-nio-8080-exec-6] traceId=9887effb-15d2-4cee-bc12-24f8490b4d07 c.w.a.g.log.RequestLoggingFilter - event=request_completed method=GET uri=/actuator/prometheus status=200 durationMs=67
2026-06-09 12:33:21 [INFO][module01-actuator] [http-nio-8080-exec-7] traceId=8cf01cb4-19a9-4a0e-8010-fd558398b146 c.w.a.g.log.RequestLoggingFilter - event=request_started method=GET uri=/actuator/prometheus
2026-06-09 12:33:21 [INFO][module01-actuator] [http-nio-8080-exec-7] traceId=8cf01cb4-19a9-4a0e-8010-fd558398b146 c.w.a.g.log.RequestLoggingFilter - event=request_completed method=GET uri=/actuator/prometheus status=200 durationMs=84
2026-06-09 12:33:26 [INFO][module01-actuator] [http-nio-8080-exec-8] traceId=3c68df92-4078-429b-995a-b30d48b894b7 c.w.a.g.log.RequestLoggingFilter - event=request_started method=GET uri=/actuator/prometheus
2026-06-09 12:33:26 [INFO][module01-actuator] [http-nio-8080-exec-8] traceId=3c68df92-4078-429b-995a-b30d48b894b7 c.w.a.g.log.RequestLoggingFilter - event=request_completed method=GET uri=/actuator/prometheus status=200 durationMs=140
2026-06-09 12:33:31 [INFO][module01-actuator] [http-nio-8080-exec-10] traceId=ec2489e6-3b82-4275-931d-fb43ce072cfd c.w.a.g.log.RequestLoggingFilter - event=request_started method=GET uri=/actuator/prometheus
2026-06-09 12:33:31 [INFO][module01-actuator] [http-nio-8080-exec-10] traceId=ec2489e6-3b82-4275-931d-fb43ce072cfd c.w.a.g.log.RequestLoggingFilter - event=request_completed method=GET uri=/actuator/prometheus status=200 durationMs=90
2026-06-09 12:33:36 [INFO][module01-actuator] [http-nio-8080-exec-9] traceId=592172ed-364a-4fb4-baa1-17bba555d329 c.w.a.g.log.RequestLoggingFilter - event=request_started method=GET uri=/actuator/prometheus
2026-06-09 12:33:36 [INFO][module01-actuator] [http-nio-8080-exec-9] traceId=592172ed-364a-4fb4-baa1-17bba555d329 c.w.a.g.log.RequestLoggingFilter - event=request_completed method=GET uri=/actuator/prometheus status=200 durationMs=77
2026-06-09 12:33:41 [INFO][module01-actuator] [http-nio-8080-exec-1] traceId=11720beb-1191-4d9e-9c52-e4b9d80d4c27 c.w.a.g.log.RequestLoggingFilter - event=request_started method=GET uri=/actuator/prometheus
2026-06-09 12:33:41 [INFO][module01-actuator] [http-nio-8080-exec-1] traceId=11720beb-1191-4d9e-9c52-e4b9d80d4c27 c.w.a.g.log.RequestLoggingFilter - event=request_completed method=GET uri=/actuator/prometheus status=200 durationMs=86
2026-06-09 12:33:46 [INFO][module01-actuator] [http-nio-8080-exec-2] traceId=2034e241-298a-4c68-bb48-7c059eefe2d8 c.w.a.g.log.RequestLoggingFilter - event=request_started method=GET uri=/actuator/prometheus
2026-06-09 12:33:46 [INFO][module01-actuator] [http-nio-8080-exec-2] traceId=2034e241-298a-4c68-bb48-7c059eefe2d8 c.w.a.g.log.RequestLoggingFilter - event=request_completed method=GET uri=/actuator/prometheus status=200 durationMs=91
2026-06-09 12:33:51 [INFO][module01-actuator] [http-nio-8080-exec-4] traceId=0b476e3d-91b6-4978-9b66-cccec18a66a3 c.w.a.g.log.RequestLoggingFilter - event=request_started method=GET uri=/actuator/prometheus
2026-06-09 12:33:51 [INFO][module01-actuator] [http-nio-8080-exec-4] traceId=0b476e3d-91b6-4978-9b66-cccec18a66a3 c.w.a.g.log.RequestLoggingFilter - event=request_completed method=GET uri=/actuator/prometheus status=200 durationMs=128
2026-06-09 12:33:56 [INFO][module01-actuator] [http-nio-8080-exec-3] traceId=7fa53cfe-99d3-487f-908a-b9411e00fd63 c.w.a.g.log.RequestLoggingFilter - event=request_started method=GET uri=/actuator/prometheus
2026-06-09 12:33:56 [INFO][module01-actuator] [http-nio-8080-exec-3] traceId=7fa53cfe-99d3-487f-908a-b9411e00fd63 c.w.a.g.log.RequestLoggingFilter - event=request_completed method=GET uri=/actuator/prometheus status=200 durationMs=84
2026-06-09 12:34:01 [INFO][module01-actuator] [http-nio-8080-exec-5] traceId=16fe7b94-eb35-4233-9fbe-2d44c519d0ff c.w.a.g.log.RequestLoggingFilter - event=request_started method=GET uri=/actuator/prometheus
2026-06-09 12:34:01 [INFO][module01-actuator] [http-nio-8080-exec-5] traceId=16fe7b94-eb35-4233-9fbe-2d44c519d0ff c.w.a.g.log.RequestLoggingFilter - event=request_completed method=GET uri=/actuator/prometheus status=200 durationMs=87
2026-06-09 12:34:06 [INFO][module01-actuator] [http-nio-8080-exec-6] traceId=0c3fe565-3a63-463e-a7c5-cd62c0cea486 c.w.a.g.log.RequestLoggingFilter - event=request_started method=GET uri=/actuator/prometheus
2026-06-09 12:34:06 [INFO][module01-actuator] [http-nio-8080-exec-6] traceId=0c3fe565-3a63-463e-a7c5-cd62c0cea486 c.w.a.g.log.RequestLoggingFilter - event=request_completed method=GET uri=/actuator/prometheus status=200 durationMs=79
2026-06-09 12:34:11 [INFO][module01-actuator] [http-nio-8080-exec-7] traceId=d29c56b9-b647-4d12-9a1b-2cea010b0901 c.w.a.g.log.RequestLoggingFilter - event=request_started method=GET uri=/actuator/prometheus
2026-06-09 12:34:11 [INFO][module01-actuator] [http-nio-8080-exec-7] traceId=d29c56b9-b647-4d12-9a1b-2cea010b0901 c.w.a.g.log.RequestLoggingFilter - event=request_completed method=GET uri=/actuator/prometheus status=200 durationMs=82
2026-06-09 12:34:16 [INFO][module01-actuator] [http-nio-8080-exec-8] traceId=2251a635-d29f-4784-b848-0777d8da7824 c.w.a.g.log.RequestLoggingFilter - event=request_started method=GET uri=/actuator/prometheus
2026-06-09 12:34:16 [INFO][module01-actuator] [http-nio-8080-exec-8] traceId=2251a635-d29f-4784-b848-0777d8da7824 c.w.a.g.log.RequestLoggingFilter - event=request_completed method=GET uri=/actuator/prometheus status=200 durationMs=139
2026-06-09 12:34:21 [INFO][module01-actuator] [http-nio-8080-exec-10] traceId=3cd26727-002a-460b-95cc-3a754d8945ec c.w.a.g.log.RequestLoggingFilter - event=request_started method=GET uri=/actuator/prometheus
2026-06-09 12:34:21 [INFO][module01-actuator] [http-nio-8080-exec-10] traceId=3cd26727-002a-460b-95cc-3a754d8945ec c.w.a.g.log.RequestLoggingFilter - event=request_completed method=GET uri=/actuator/prometheus status=200 durationMs=91
2026-06-09 12:34:26 [INFO][module01-actuator] [http-nio-8080-exec-9] traceId=38128faf-ff58-4a2d-acfc-43c35765ecfd c.w.a.g.log.RequestLoggingFilter - event=request_started method=GET uri=/actuator/prometheus
2026-06-09 12:34:26 [INFO][module01-actuator] [http-nio-8080-exec-9] traceId=38128faf-ff58-4a2d-acfc-43c35765ecfd c.w.a.g.log.RequestLoggingFilter - event=request_completed method=GET uri=/actuator/prometheus status=200 durationMs=84
2026-06-09 12:34:31 [INFO][module01-actuator] [http-nio-8080-exec-1] traceId=0ce4b536-0ce4-456a-bea8-f1ec8f4a7f3b c.w.a.g.log.RequestLoggingFilter - event=request_started method=GET uri=/actuator/prometheus
2026-06-09 12:34:31 [INFO][module01-actuator] [http-nio-8080-exec-1] traceId=0ce4b536-0ce4-456a-bea8-f1ec8f4a7f3b c.w.a.g.log.RequestLoggingFilter - event=request_completed method=GET uri=/actuator/prometheus status=200 durationMs=81
2026-06-09 12:34:36 [INFO][module01-actuator] [http-nio-8080-exec-2] traceId=f619824a-04a0-4d66-b6cb-99dfd14c8f43 c.w.a.g.log.RequestLoggingFilter - event=request_started method=GET uri=/actuator/prometheus
2026-06-09 12:34:36 [INFO][module01-actuator] [http-nio-8080-exec-2] traceId=f619824a-04a0-4d66-b6cb-99dfd14c8f43 c.w.a.g.log.RequestLoggingFilter - event=request_completed method=GET uri=/actuator/prometheus status=200 durationMs=89
2026-06-09 12:34:41 [INFO][module01-actuator] [http-nio-8080-exec-4] traceId=b3c44dff-bb27-42f1-9384-6d965503af8e c.w.a.g.log.RequestLoggingFilter - event=request_started method=GET uri=/actuator/prometheus
2026-06-09 12:34:41 [INFO][module01-actuator] [http-nio-8080-exec-4] traceId=b3c44dff-bb27-42f1-9384-6d965503af8e c.w.a.g.log.RequestLoggingFilter - event=request_completed method=GET uri=/actuator/prometheus status=200 durationMs=94
2026-06-09 12:34:46 [INFO][module01-actuator] [http-nio-8080-exec-3] traceId=ae2783de-3aed-4023-9ccb-adba6fcc48bf c.w.a.g.log.RequestLoggingFilter - event=request_started method=GET uri=/actuator/prometheus
2026-06-09 12:34:46 [INFO][module01-actuator] [http-nio-8080-exec-3] traceId=ae2783de-3aed-4023-9ccb-adba6fcc48bf c.w.a.g.log.RequestLoggingFilter - event=request_completed method=GET uri=/actuator/prometheus status=200 durationMs=81
2026-06-09 12:34:51 [INFO][module01-actuator] [http-nio-8080-exec-5] traceId=4da6fbab-5a9f-4595-86e1-287ef6841220 c.w.a.g.log.RequestLoggingFilter - event=request_started method=GET uri=/actuator/prometheus
2026-06-09 12:34:51 [INFO][module01-actuator] [http-nio-8080-exec-5] traceId=4da6fbab-5a9f-4595-86e1-287ef6841220 c.w.a.g.log.RequestLoggingFilter - event=request_completed method=GET uri=/actuator/prometheus status=200 durationMs=152
2026-06-09 12:34:56 [INFO][module01-actuator] [http-nio-8080-exec-6] traceId=ed0d90b0-0b93-496a-bdee-191af1034d51 c.w.a.g.log.RequestLoggingFilter - event=request_started method=GET uri=/actuator/prometheus
2026-06-09 12:34:56 [INFO][module01-actuator] [http-nio-8080-exec-6] traceId=ed0d90b0-0b93-496a-bdee-191af1034d51 c.w.a.g.log.RequestLoggingFilter - event=request_completed method=GET uri=/actuator/prometheus status=200 durationMs=81
2026-06-09 12:35:01 [INFO][module01-actuator] [http-nio-8080-exec-7] traceId=40633aab-13c3-4ac3-aa5b-8166bc744b5f c.w.a.g.log.RequestLoggingFilter - event=request_started method=GET uri=/actuator/prometheus
2026-06-09 12:35:01 [INFO][module01-actuator] [http-nio-8080-exec-7] traceId=40633aab-13c3-4ac3-aa5b-8166bc744b5f c.w.a.g.log.RequestLoggingFilter - event=request_completed method=GET uri=/actuator/prometheus status=200 durationMs=70
2026-06-09 12:35:06 [INFO][module01-actuator] [http-nio-8080-exec-8] traceId=80b2bf9f-71c1-410f-bf15-0e7606fb5275 c.w.a.g.log.RequestLoggingFilter - event=request_started method=GET uri=/actuator/prometheus
2026-06-09 12:35:06 [INFO][module01-actuator] [http-nio-8080-exec-8] traceId=80b2bf9f-71c1-410f-bf15-0e7606fb5275 c.w.a.g.log.RequestLoggingFilter - event=request_completed method=GET uri=/actuator/prometheus status=200 durationMs=65
2026-06-09 12:35:11 [INFO][module01-actuator] [http-nio-8080-exec-10] traceId=8533a6c2-ed73-40d3-b57e-44aee9f27009 c.w.a.g.log.RequestLoggingFilter - event=request_started method=GET uri=/actuator/prometheus
2026-06-09 12:35:11 [INFO][module01-actuator] [http-nio-8080-exec-10] traceId=8533a6c2-ed73-40d3-b57e-44aee9f27009 c.w.a.g.log.RequestLoggingFilter - event=request_completed method=GET uri=/actuator/prometheus status=200 durationMs=63
2026-06-09 12:35:16 [INFO][module01-actuator] [http-nio-8080-exec-9] traceId=7dee6d56-0d36-4065-b855-17de03c9fd0d c.w.a.g.log.RequestLoggingFilter - event=request_started method=GET uri=/actuator/prometheus
2026-06-09 12:35:16 [INFO][module01-actuator] [http-nio-8080-exec-9] traceId=7dee6d56-0d36-4065-b855-17de03c9fd0d c.w.a.g.log.RequestLoggingFilter - event=request_completed method=GET uri=/actuator/prometheus status=200 durationMs=79
2026-06-09 12:35:21 [INFO][module01-actuator] [http-nio-8080-exec-1] traceId=60679b5c-ac5d-4d67-8d61-260c57de404f c.w.a.g.log.RequestLoggingFilter - event=request_started method=GET uri=/actuator/prometheus
2026-06-09 12:35:21 [INFO][module01-actuator] [http-nio-8080-exec-1] traceId=60679b5c-ac5d-4d67-8d61-260c57de404f c.w.a.g.log.RequestLoggingFilter - event=request_completed method=GET uri=/actuator/prometheus status=200 durationMs=71
2026-06-09 12:35:26 [INFO][module01-actuator] [http-nio-8080-exec-2] traceId=4c8414b1-a7d5-4d66-a5ab-4df49d6af6af c.w.a.g.log.RequestLoggingFilter - event=request_started method=GET uri=/actuator/prometheus
2026-06-09 12:35:26 [INFO][module01-actuator] [http-nio-8080-exec-2] traceId=4c8414b1-a7d5-4d66-a5ab-4df49d6af6af c.w.a.g.log.RequestLoggingFilter - event=request_completed method=GET uri=/actuator/prometheus status=200 durationMs=74
2026-06-09 12:35:31 [INFO][module01-actuator] [http-nio-8080-exec-4] traceId=7e0deade-df07-4cd3-816e-e78179abb3ac c.w.a.g.log.RequestLoggingFilter - event=request_started method=GET uri=/actuator/prometheus
2026-06-09 12:35:31 [INFO][module01-actuator] [http-nio-8080-exec-4] traceId=7e0deade-df07-4cd3-816e-e78179abb3ac c.w.a.g.log.RequestLoggingFilter - event=request_completed method=GET uri=/actuator/prometheus status=200 durationMs=65
2026-06-09 12:35:36 [INFO][module01-actuator] [http-nio-8080-exec-3] traceId=f4a6af17-5dde-4654-af4a-154bfdfd9e41 c.w.a.g.log.RequestLoggingFilter - event=request_started method=GET uri=/actuator/prometheus
2026-06-09 12:35:36 [INFO][module01-actuator] [http-nio-8080-exec-3] traceId=f4a6af17-5dde-4654-af4a-154bfdfd9e41 c.w.a.g.log.RequestLoggingFilter - event=request_completed method=GET uri=/actuator/prometheus status=200 durationMs=86
2026-06-09 12:35:41 [INFO][module01-actuator] [http-nio-8080-exec-5] traceId=b54fe760-f69a-4481-9a05-4fd59d48a48a c.w.a.g.log.RequestLoggingFilter - event=request_started method=GET uri=/actuator/prometheus
2026-06-09 12:35:41 [INFO][module01-actuator] [http-nio-8080-exec-5] traceId=b54fe760-f69a-4481-9a05-4fd59d48a48a c.w.a.g.log.RequestLoggingFilter - event=request_completed method=GET uri=/actuator/prometheus status=200 durationMs=59
2026-06-09 12:35:46 [INFO][module01-actuator] [http-nio-8080-exec-6] traceId=8ae040dd-2dcc-4669-abf3-3966e19e4057 c.w.a.g.log.RequestLoggingFilter - event=request_started method=GET uri=/actuator/prometheus
2026-06-09 12:35:46 [INFO][module01-actuator] [http-nio-8080-exec-6] traceId=8ae040dd-2dcc-4669-abf3-3966e19e4057 c.w.a.g.log.RequestLoggingFilter - event=request_completed method=GET uri=/actuator/prometheus status=200 durationMs=66
2026-06-09 12:35:51 [INFO][module01-actuator] [http-nio-8080-exec-7] traceId=8c900080-336e-41bb-ab04-1c3a78abc0ef c.w.a.g.log.RequestLoggingFilter - event=request_started method=GET uri=/actuator/prometheus
2026-06-09 12:35:51 [INFO][module01-actuator] [http-nio-8080-exec-7] traceId=8c900080-336e-41bb-ab04-1c3a78abc0ef c.w.a.g.log.RequestLoggingFilter - event=request_completed method=GET uri=/actuator/prometheus status=200 durationMs=94
2026-06-09 12:35:56 [INFO][module01-actuator] [http-nio-8080-exec-8] traceId=4a2b2416-bddb-4d89-ad22-c6927a0a7991 c.w.a.g.log.RequestLoggingFilter - event=request_started method=GET uri=/actuator/prometheus
2026-06-09 12:35:56 [INFO][module01-actuator] [http-nio-8080-exec-8] traceId=4a2b2416-bddb-4d89-ad22-c6927a0a7991 c.w.a.g.log.RequestLoggingFilter - event=request_completed method=GET uri=/actuator/prometheus status=200 durationMs=67
2026-06-09 12:36:01 [INFO][module01-actuator] [http-nio-8080-exec-10] traceId=2288ce70-6865-4f30-8028-4909278b7006 c.w.a.g.log.RequestLoggingFilter - event=request_started method=GET uri=/actuator/prometheus
2026-06-09 12:36:01 [INFO][module01-actuator] [http-nio-8080-exec-10] traceId=2288ce70-6865-4f30-8028-4909278b7006 c.w.a.g.log.RequestLoggingFilter - event=request_completed method=GET uri=/actuator/prometheus status=200 durationMs=61
2026-06-09 12:36:06 [INFO][module01-actuator] [http-nio-8080-exec-9] traceId=565afc74-e657-45af-b8b3-23ed0bac2e94 c.w.a.g.log.RequestLoggingFilter - event=request_started method=GET uri=/actuator/prometheus
2026-06-09 12:36:06 [INFO][module01-actuator] [http-nio-8080-exec-9] traceId=565afc74-e657-45af-b8b3-23ed0bac2e94 c.w.a.g.log.RequestLoggingFilter - event=request_completed method=GET uri=/actuator/prometheus status=200 durationMs=107
2026-06-09 12:36:11 [INFO][module01-actuator] [http-nio-8080-exec-1] traceId=16c164c4-9e57-412c-9f90-8ab9527a80d5 c.w.a.g.log.RequestLoggingFilter - event=request_started method=GET uri=/actuator/prometheus
2026-06-09 12:36:11 [INFO][module01-actuator] [http-nio-8080-exec-1] traceId=16c164c4-9e57-412c-9f90-8ab9527a80d5 c.w.a.g.log.RequestLoggingFilter - event=request_completed method=GET uri=/actuator/prometheus status=200 durationMs=81
2026-06-09 12:36:16 [INFO][module01-actuator] [http-nio-8080-exec-2] traceId=ebed8e2e-3e23-44d5-b215-66ca8a7d6e5d c.w.a.g.log.RequestLoggingFilter - event=request_started method=GET uri=/actuator/prometheus
2026-06-09 12:36:16 [INFO][module01-actuator] [http-nio-8080-exec-2] traceId=ebed8e2e-3e23-44d5-b215-66ca8a7d6e5d c.w.a.g.log.RequestLoggingFilter - event=request_completed method=GET uri=/actuator/prometheus status=200 durationMs=52
2026-06-09 12:36:21 [INFO][module01-actuator] [http-nio-8080-exec-4] traceId=03995f12-f7f5-457b-8069-c3445dad5db9 c.w.a.g.log.RequestLoggingFilter - event=request_started method=GET uri=/actuator/prometheus
2026-06-09 12:36:21 [INFO][module01-actuator] [http-nio-8080-exec-4] traceId=03995f12-f7f5-457b-8069-c3445dad5db9 c.w.a.g.log.RequestLoggingFilter - event=request_completed method=GET uri=/actuator/prometheus status=200 durationMs=110
2026-06-09 12:36:26 [INFO][module01-actuator] [http-nio-8080-exec-3] traceId=a07c1a5a-31dd-496e-901a-196d01a103fc c.w.a.g.log.RequestLoggingFilter - event=request_started method=GET uri=/actuator/prometheus
2026-06-09 12:36:26 [INFO][module01-actuator] [http-nio-8080-exec-3] traceId=a07c1a5a-31dd-496e-901a-196d01a103fc c.w.a.g.log.RequestLoggingFilter - event=request_completed method=GET uri=/actuator/prometheus status=200 durationMs=67
2026-06-09 12:36:31 [INFO][module01-actuator] [http-nio-8080-exec-5] traceId=b905ff1c-b5ae-49da-a84a-20d45d202e70 c.w.a.g.log.RequestLoggingFilter - event=request_started method=GET uri=/actuator/prometheus
2026-06-09 12:36:31 [INFO][module01-actuator] [http-nio-8080-exec-5] traceId=b905ff1c-b5ae-49da-a84a-20d45d202e70 c.w.a.g.log.RequestLoggingFilter - event=request_completed method=GET uri=/actuator/prometheus status=200 durationMs=57
2026-06-09 12:36:36 [INFO][module01-actuator] [http-nio-8080-exec-6] traceId=7f455455-927f-4928-8ba1-66163702bf8e c.w.a.g.log.RequestLoggingFilter - event=request_started method=GET uri=/actuator/prometheus
2026-06-09 12:36:36 [INFO][module01-actuator] [http-nio-8080-exec-6] traceId=7f455455-927f-4928-8ba1-66163702bf8e c.w.a.g.log.RequestLoggingFilter - event=request_completed method=GET uri=/actuator/prometheus status=200 durationMs=99
2026-06-09 12:36:41 [INFO][module01-actuator] [http-nio-8080-exec-7] traceId=4659f948-787c-41a4-a65d-2cfd72f32fd4 c.w.a.g.log.RequestLoggingFilter - event=request_started method=GET uri=/actuator/prometheus
2026-06-09 12:36:41 [INFO][module01-actuator] [http-nio-8080-exec-7] traceId=4659f948-787c-41a4-a65d-2cfd72f32fd4 c.w.a.g.log.RequestLoggingFilter - event=request_completed method=GET uri=/actuator/prometheus status=200 durationMs=64
2026-06-09 12:36:46 [INFO][module01-actuator] [http-nio-8080-exec-8] traceId=b90ef5d0-a416-417c-ba41-954abdb334e6 c.w.a.g.log.RequestLoggingFilter - event=request_started method=GET uri=/actuator/prometheus
2026-06-09 12:36:46 [INFO][module01-actuator] [http-nio-8080-exec-8] traceId=b90ef5d0-a416-417c-ba41-954abdb334e6 c.w.a.g.log.RequestLoggingFilter - event=request_completed method=GET uri=/actuator/prometheus status=200 durationMs=53
2026-06-09 12:36:51 [INFO][module01-actuator] [http-nio-8080-exec-10] traceId=7990c964-2155-4c13-a757-f13b2332f9eb c.w.a.g.log.RequestLoggingFilter - event=request_started method=GET uri=/actuator/prometheus
2026-06-09 12:36:51 [INFO][module01-actuator] [http-nio-8080-exec-10] traceId=7990c964-2155-4c13-a757-f13b2332f9eb c.w.a.g.log.RequestLoggingFilter - event=request_completed method=GET uri=/actuator/prometheus status=200 durationMs=130
2026-06-09 12:36:56 [INFO][module01-actuator] [http-nio-8080-exec-9] traceId=3f5e5ce9-9660-4879-a608-484f401a9934 c.w.a.g.log.RequestLoggingFilter - event=request_started method=GET uri=/actuator/prometheus
2026-06-09 12:36:56 [INFO][module01-actuator] [http-nio-8080-exec-9] traceId=3f5e5ce9-9660-4879-a608-484f401a9934 c.w.a.g.log.RequestLoggingFilter - event=request_completed method=GET uri=/actuator/prometheus status=200 durationMs=64
2026-06-09 12:37:01 [INFO][module01-actuator] [http-nio-8080-exec-1] traceId=23db8ed7-09c0-42c8-abc0-addf444d6a74 c.w.a.g.log.RequestLoggingFilter - event=request_started method=GET uri=/actuator/prometheus
2026-06-09 12:37:01 [INFO][module01-actuator] [http-nio-8080-exec-1] traceId=23db8ed7-09c0-42c8-abc0-addf444d6a74 c.w.a.g.log.RequestLoggingFilter - event=request_completed method=GET uri=/actuator/prometheus status=200 durationMs=59
2026-06-09 12:37:06 [INFO][module01-actuator] [http-nio-8080-exec-2] traceId=0f07ccd0-3702-4a3a-9c74-03a7a6a866fb c.w.a.g.log.RequestLoggingFilter - event=request_started method=GET uri=/actuator/prometheus
2026-06-09 12:37:06 [INFO][module01-actuator] [http-nio-8080-exec-2] traceId=0f07ccd0-3702-4a3a-9c74-03a7a6a866fb c.w.a.g.log.RequestLoggingFilter - event=request_completed method=GET uri=/actuator/prometheus status=200 durationMs=97
2026-06-09 12:37:11 [INFO][module01-actuator] [http-nio-8080-exec-4] traceId=c93c5119-4150-46b8-9133-d3dd678a375b c.w.a.g.log.RequestLoggingFilter - event=request_started method=GET uri=/actuator/prometheus
2026-06-09 12:37:11 [INFO][module01-actuator] [http-nio-8080-exec-4] traceId=c93c5119-4150-46b8-9133-d3dd678a375b c.w.a.g.log.RequestLoggingFilter - event=request_completed method=GET uri=/actuator/prometheus status=200 durationMs=52
2026-06-09 12:37:16 [INFO][module01-actuator] [http-nio-8080-exec-3] traceId=2c1182b7-dea6-42f6-a110-415c5aa30bc2 c.w.a.g.log.RequestLoggingFilter - event=request_started method=GET uri=/actuator/prometheus
2026-06-09 12:37:16 [INFO][module01-actuator] [http-nio-8080-exec-3] traceId=2c1182b7-dea6-42f6-a110-415c5aa30bc2 c.w.a.g.log.RequestLoggingFilter - event=request_completed method=GET uri=/actuator/prometheus status=200 durationMs=56
2026-06-09 12:37:21 [INFO][module01-actuator] [http-nio-8080-exec-5] traceId=6bf09df9-94c2-4e78-9094-6e8fa28f2256 c.w.a.g.log.RequestLoggingFilter - event=request_started method=GET uri=/actuator/prometheus
2026-06-09 12:37:21 [INFO][module01-actuator] [http-nio-8080-exec-5] traceId=6bf09df9-94c2-4e78-9094-6e8fa28f2256 c.w.a.g.log.RequestLoggingFilter - event=request_completed method=GET uri=/actuator/prometheus status=200 durationMs=84
2026-06-09 12:37:26 [INFO][module01-actuator] [http-nio-8080-exec-6] traceId=cc8ca19d-2c23-4b51-92d5-dc27db7f4927 c.w.a.g.log.RequestLoggingFilter - event=request_started method=GET uri=/actuator/prometheus
2026-06-09 12:37:26 [INFO][module01-actuator] [http-nio-8080-exec-6] traceId=cc8ca19d-2c23-4b51-92d5-dc27db7f4927 c.w.a.g.log.RequestLoggingFilter - event=request_completed method=GET uri=/actuator/prometheus status=200 durationMs=55
2026-06-09 12:37:31 [INFO][module01-actuator] [http-nio-8080-exec-7] traceId=1eef5f6c-5b66-4e71-b13d-332643f87399 c.w.a.g.log.RequestLoggingFilter - event=request_started method=GET uri=/actuator/prometheus
2026-06-09 12:37:31 [INFO][module01-actuator] [http-nio-8080-exec-7] traceId=1eef5f6c-5b66-4e71-b13d-332643f87399 c.w.a.g.log.RequestLoggingFilter - event=request_completed method=GET uri=/actuator/prometheus status=200 durationMs=59
2026-06-09 12:37:36 [INFO][module01-actuator] [http-nio-8080-exec-8] traceId=73d41496-0b17-456e-8876-b6dd9fa95d10 c.w.a.g.log.RequestLoggingFilter - event=request_started method=GET uri=/actuator/prometheus
2026-06-09 12:37:36 [INFO][module01-actuator] [http-nio-8080-exec-8] traceId=73d41496-0b17-456e-8876-b6dd9fa95d10 c.w.a.g.log.RequestLoggingFilter - event=request_completed method=GET uri=/actuator/prometheus status=200 durationMs=150
2026-06-09 12:37:41 [INFO][module01-actuator] [http-nio-8080-exec-10] traceId=a79c662d-3d23-4348-b381-dacfd1533338 c.w.a.g.log.RequestLoggingFilter - event=request_started method=GET uri=/actuator/prometheus
2026-06-09 12:37:41 [INFO][module01-actuator] [http-nio-8080-exec-10] traceId=a79c662d-3d23-4348-b381-dacfd1533338 c.w.a.g.log.RequestLoggingFilter - event=request_completed method=GET uri=/actuator/prometheus status=200 durationMs=70
2026-06-09 12:37:46 [INFO][module01-actuator] [http-nio-8080-exec-9] traceId=e169b787-8c18-45ce-9038-493a17725c05 c.w.a.g.log.RequestLoggingFilter - event=request_started method=GET uri=/actuator/prometheus
2026-06-09 12:37:46 [INFO][module01-actuator] [http-nio-8080-exec-9] traceId=e169b787-8c18-45ce-9038-493a17725c05 c.w.a.g.log.RequestLoggingFilter - event=request_completed method=GET uri=/actuator/prometheus status=200 durationMs=86
2026-06-09 12:37:51 [INFO][module01-actuator] [http-nio-8080-exec-1] traceId=2057801d-da2f-45da-8bac-6f8e470f53ee c.w.a.g.log.RequestLoggingFilter - event=request_started method=GET uri=/actuator/prometheus
2026-06-09 12:37:51 [INFO][module01-actuator] [http-nio-8080-exec-1] traceId=2057801d-da2f-45da-8bac-6f8e470f53ee c.w.a.g.log.RequestLoggingFilter - event=request_completed method=GET uri=/actuator/prometheus status=200 durationMs=87
2026-06-09 12:37:56 [INFO][module01-actuator] [http-nio-8080-exec-2] traceId=4597ce0a-b681-4661-83ca-8d1c9dff2051 c.w.a.g.log.RequestLoggingFilter - event=request_started method=GET uri=/actuator/prometheus
2026-06-09 12:37:56 [INFO][module01-actuator] [http-nio-8080-exec-2] traceId=4597ce0a-b681-4661-83ca-8d1c9dff2051 c.w.a.g.log.RequestLoggingFilter - event=request_completed method=GET uri=/actuator/prometheus status=200 durationMs=67
2026-06-09 12:38:01 [INFO][module01-actuator] [http-nio-8080-exec-4] traceId=be9ff2d9-fe6e-4782-b244-f53c396485aa c.w.a.g.log.RequestLoggingFilter - event=request_started method=GET uri=/actuator/prometheus
2026-06-09 12:38:01 [INFO][module01-actuator] [http-nio-8080-exec-4] traceId=be9ff2d9-fe6e-4782-b244-f53c396485aa c.w.a.g.log.RequestLoggingFilter - event=request_completed method=GET uri=/actuator/prometheus status=200 durationMs=192
2026-06-09 12:38:06 [INFO][module01-actuator] [http-nio-8080-exec-3] traceId=cfdc36f0-e970-4fb8-980d-2f0ebf65590e c.w.a.g.log.RequestLoggingFilter - event=request_started method=GET uri=/actuator/prometheus
2026-06-09 12:38:06 [INFO][module01-actuator] [http-nio-8080-exec-3] traceId=cfdc36f0-e970-4fb8-980d-2f0ebf65590e c.w.a.g.log.RequestLoggingFilter - event=request_completed method=GET uri=/actuator/prometheus status=200 durationMs=69
2026-06-09 12:38:11 [INFO][module01-actuator] [http-nio-8080-exec-5] traceId=1f60a61e-dcfa-4831-8e26-062187d2d869 c.w.a.g.log.RequestLoggingFilter - event=request_started method=GET uri=/actuator/prometheus
2026-06-09 12:38:11 [INFO][module01-actuator] [http-nio-8080-exec-5] traceId=1f60a61e-dcfa-4831-8e26-062187d2d869 c.w.a.g.log.RequestLoggingFilter - event=request_completed method=GET uri=/actuator/prometheus status=200 durationMs=87
2026-06-09 12:38:16 [INFO][module01-actuator] [http-nio-8080-exec-6] traceId=225c4467-8213-445b-8db4-008f11097b0e c.w.a.g.log.RequestLoggingFilter - event=request_started method=GET uri=/actuator/prometheus
2026-06-09 12:38:16 [INFO][module01-actuator] [http-nio-8080-exec-6] traceId=225c4467-8213-445b-8db4-008f11097b0e c.w.a.g.log.RequestLoggingFilter - event=request_completed method=GET uri=/actuator/prometheus status=200 durationMs=73
2026-06-09 12:38:21 [INFO][module01-actuator] [http-nio-8080-exec-7] traceId=2797886d-5730-415b-8158-ac6f0bd7c880 c.w.a.g.log.RequestLoggingFilter - event=request_started method=GET uri=/actuator/prometheus
2026-06-09 12:38:21 [INFO][module01-actuator] [http-nio-8080-exec-7] traceId=2797886d-5730-415b-8158-ac6f0bd7c880 c.w.a.g.log.RequestLoggingFilter - event=request_completed method=GET uri=/actuator/prometheus status=200 durationMs=80
2026-06-09 12:38:26 [INFO][module01-actuator] [http-nio-8080-exec-8] traceId=f3919ea0-319e-4d80-bd47-b405f299446d c.w.a.g.log.RequestLoggingFilter - event=request_started method=GET uri=/actuator/prometheus
2026-06-09 12:38:26 [INFO][module01-actuator] [http-nio-8080-exec-8] traceId=f3919ea0-319e-4d80-bd47-b405f299446d c.w.a.g.log.RequestLoggingFilter - event=request_completed method=GET uri=/actuator/prometheus status=200 durationMs=91
2026-06-09 12:38:31 [INFO][module01-actuator] [http-nio-8080-exec-10] traceId=07e8eec6-b73c-4314-83fd-514071e30af1 c.w.a.g.log.RequestLoggingFilter - event=request_started method=GET uri=/actuator/prometheus
2026-06-09 12:38:31 [INFO][module01-actuator] [http-nio-8080-exec-10] traceId=07e8eec6-b73c-4314-83fd-514071e30af1 c.w.a.g.log.RequestLoggingFilter - event=request_completed method=GET uri=/actuator/prometheus status=200 durationMs=81
2026-06-09 12:38:36 [INFO][module01-actuator] [http-nio-8080-exec-9] traceId=314804b1-8c94-42ca-bc0d-26edbb32e93b c.w.a.g.log.RequestLoggingFilter - event=request_started method=GET uri=/actuator/prometheus
2026-06-09 12:38:36 [INFO][module01-actuator] [http-nio-8080-exec-9] traceId=314804b1-8c94-42ca-bc0d-26edbb32e93b c.w.a.g.log.RequestLoggingFilter - event=request_completed method=GET uri=/actuator/prometheus status=200 durationMs=76
2026-06-09 12:38:41 [INFO][module01-actuator] [http-nio-8080-exec-1] traceId=75b29791-9358-48ae-8d51-c783003fd34f c.w.a.g.log.RequestLoggingFilter - event=request_started method=GET uri=/actuator/prometheus
2026-06-09 12:38:41 [INFO][module01-actuator] [http-nio-8080-exec-1] traceId=75b29791-9358-48ae-8d51-c783003fd34f c.w.a.g.log.RequestLoggingFilter - event=request_completed method=GET uri=/actuator/prometheus status=200 durationMs=92
2026-06-09 12:38:46 [INFO][module01-actuator] [http-nio-8080-exec-2] traceId=5d6f5eca-2f47-4e8b-b11c-275582c71692 c.w.a.g.log.RequestLoggingFilter - event=request_started method=GET uri=/actuator/prometheus
2026-06-09 12:38:46 [INFO][module01-actuator] [http-nio-8080-exec-2] traceId=5d6f5eca-2f47-4e8b-b11c-275582c71692 c.w.a.g.log.RequestLoggingFilter - event=request_completed method=GET uri=/actuator/prometheus status=200 durationMs=92
2026-06-09 12:38:51 [INFO][module01-actuator] [http-nio-8080-exec-4] traceId=de5ce833-c722-45a1-b6d5-28c814edd605 c.w.a.g.log.RequestLoggingFilter - event=request_started method=GET uri=/actuator/prometheus
2026-06-09 12:38:51 [INFO][module01-actuator] [http-nio-8080-exec-4] traceId=de5ce833-c722-45a1-b6d5-28c814edd605 c.w.a.g.log.RequestLoggingFilter - event=request_completed method=GET uri=/actuator/prometheus status=200 durationMs=82
2026-06-09 12:38:56 [INFO][module01-actuator] [http-nio-8080-exec-3] traceId=52f4d35b-9552-460e-bc37-4e460d568e59 c.w.a.g.log.RequestLoggingFilter - event=request_started method=GET uri=/actuator/prometheus
2026-06-09 12:38:56 [INFO][module01-actuator] [http-nio-8080-exec-3] traceId=52f4d35b-9552-460e-bc37-4e460d568e59 c.w.a.g.log.RequestLoggingFilter - event=request_completed method=GET uri=/actuator/prometheus status=200 durationMs=88
2026-06-09 12:39:01 [INFO][module01-actuator] [http-nio-8080-exec-5] traceId=016c50db-9ad8-4926-971a-4df9e2c153fb c.w.a.g.log.RequestLoggingFilter - event=request_started method=GET uri=/actuator/prometheus
2026-06-09 12:39:01 [INFO][module01-actuator] [http-nio-8080-exec-5] traceId=016c50db-9ad8-4926-971a-4df9e2c153fb c.w.a.g.log.RequestLoggingFilter - event=request_completed method=GET uri=/actuator/prometheus status=200 durationMs=149
2026-06-09 12:39:06 [INFO][module01-actuator] [http-nio-8080-exec-6] traceId=0f254248-6d3c-407a-9604-d64bce5793f3 c.w.a.g.log.RequestLoggingFilter - event=request_started method=GET uri=/actuator/prometheus
2026-06-09 12:39:06 [INFO][module01-actuator] [http-nio-8080-exec-6] traceId=0f254248-6d3c-407a-9604-d64bce5793f3 c.w.a.g.log.RequestLoggingFilter - event=request_completed method=GET uri=/actuator/prometheus status=200 durationMs=81
2026-06-09 12:39:11 [INFO][module01-actuator] [http-nio-8080-exec-7] traceId=a4245c7e-5b40-4495-9443-3818cec50094 c.w.a.g.log.RequestLoggingFilter - event=request_started method=GET uri=/actuator/prometheus
2026-06-09 12:39:11 [INFO][module01-actuator] [http-nio-8080-exec-7] traceId=a4245c7e-5b40-4495-9443-3818cec50094 c.w.a.g.log.RequestLoggingFilter - event=request_completed method=GET uri=/actuator/prometheus status=200 durationMs=72
2026-06-09 12:39:16 [INFO][module01-actuator] [http-nio-8080-exec-8] traceId=c1efafea-c116-47f6-babb-fbd5ded45bc3 c.w.a.g.log.RequestLoggingFilter - event=request_started method=GET uri=/actuator/prometheus
2026-06-09 12:39:16 [INFO][module01-actuator] [http-nio-8080-exec-8] traceId=c1efafea-c116-47f6-babb-fbd5ded45bc3 c.w.a.g.log.RequestLoggingFilter - event=request_completed method=GET uri=/actuator/prometheus status=200 durationMs=92
2026-06-09 12:39:21 [INFO][module01-actuator] [http-nio-8080-exec-10] traceId=351e82fa-2c9d-489d-904e-c2e0b8af618a c.w.a.g.log.RequestLoggingFilter - event=request_started method=GET uri=/actuator/prometheus
2026-06-09 12:39:21 [INFO][module01-actuator] [http-nio-8080-exec-10] traceId=351e82fa-2c9d-489d-904e-c2e0b8af618a c.w.a.g.log.RequestLoggingFilter - event=request_completed method=GET uri=/actuator/prometheus status=200 durationMs=78
2026-06-09 12:39:26 [INFO][module01-actuator] [http-nio-8080-exec-9] traceId=ab9cc09b-1b72-48dd-84eb-f51dcda426b7 c.w.a.g.log.RequestLoggingFilter - event=request_started method=GET uri=/actuator/prometheus
2026-06-09 12:39:26 [INFO][module01-actuator] [http-nio-8080-exec-9] traceId=ab9cc09b-1b72-48dd-84eb-f51dcda426b7 c.w.a.g.log.RequestLoggingFilter - event=request_completed method=GET uri=/actuator/prometheus status=200 durationMs=89
2026-06-09 12:39:31 [INFO][module01-actuator] [http-nio-8080-exec-1] traceId=cefac7c4-ef60-40ee-b7a7-29900363e46b c.w.a.g.log.RequestLoggingFilter - event=request_started method=GET uri=/actuator/prometheus
2026-06-09 12:39:31 [INFO][module01-actuator] [http-nio-8080-exec-1] traceId=cefac7c4-ef60-40ee-b7a7-29900363e46b c.w.a.g.log.RequestLoggingFilter - event=request_completed method=GET uri=/actuator/prometheus status=200 durationMs=81
2026-06-09 12:39:36 [INFO][module01-actuator] [http-nio-8080-exec-2] traceId=0b604b1c-6df0-433e-a3cd-69be7c741424 c.w.a.g.log.RequestLoggingFilter - event=request_started method=GET uri=/actuator/prometheus
2026-06-09 12:39:36 [INFO][module01-actuator] [http-nio-8080-exec-2] traceId=0b604b1c-6df0-433e-a3cd-69be7c741424 c.w.a.g.log.RequestLoggingFilter - event=request_completed method=GET uri=/actuator/prometheus status=200 durationMs=42
2026-06-09 12:39:41 [INFO][module01-actuator] [http-nio-8080-exec-4] traceId=dc7c057c-6745-4add-92a0-a3c18f3b495b c.w.a.g.log.RequestLoggingFilter - event=request_started method=GET uri=/actuator/prometheus
2026-06-09 12:39:41 [INFO][module01-actuator] [http-nio-8080-exec-4] traceId=dc7c057c-6745-4add-92a0-a3c18f3b495b c.w.a.g.log.RequestLoggingFilter - event=request_completed method=GET uri=/actuator/prometheus status=200 durationMs=43
2026-06-09 12:39:46 [INFO][module01-actuator] [http-nio-8080-exec-3] traceId=5f233bca-fdbe-48e1-b233-8543f901ae6f c.w.a.g.log.RequestLoggingFilter - event=request_started method=GET uri=/actuator/prometheus
2026-06-09 12:39:46 [INFO][module01-actuator] [http-nio-8080-exec-3] traceId=5f233bca-fdbe-48e1-b233-8543f901ae6f c.w.a.g.log.RequestLoggingFilter - event=request_completed method=GET uri=/actuator/prometheus status=200 durationMs=42
2026-06-09 12:39:51 [INFO][module01-actuator] [http-nio-8080-exec-5] traceId=d8fc6e87-36dc-4c34-89b3-54dfb3481ebd c.w.a.g.log.RequestLoggingFilter - event=request_started method=GET uri=/actuator/prometheus
2026-06-09 12:39:51 [INFO][module01-actuator] [http-nio-8080-exec-5] traceId=d8fc6e87-36dc-4c34-89b3-54dfb3481ebd c.w.a.g.log.RequestLoggingFilter - event=request_completed method=GET uri=/actuator/prometheus status=200 durationMs=81
2026-06-09 12:39:56 [INFO][module01-actuator] [http-nio-8080-exec-6] traceId=e424fa1d-b347-4ef9-8980-c29bfb33ff12 c.w.a.g.log.RequestLoggingFilter - event=request_started method=GET uri=/actuator/prometheus
2026-06-09 12:39:56 [INFO][module01-actuator] [http-nio-8080-exec-6] traceId=e424fa1d-b347-4ef9-8980-c29bfb33ff12 c.w.a.g.log.RequestLoggingFilter - event=request_completed method=GET uri=/actuator/prometheus status=200 durationMs=128
2026-06-09 12:40:01 [INFO][module01-actuator] [http-nio-8080-exec-7] traceId=4988b472-3b51-41de-bb38-0b64d0110404 c.w.a.g.log.RequestLoggingFilter - event=request_started method=GET uri=/actuator/prometheus
2026-06-09 12:40:01 [INFO][module01-actuator] [http-nio-8080-exec-7] traceId=4988b472-3b51-41de-bb38-0b64d0110404 c.w.a.g.log.RequestLoggingFilter - event=request_completed method=GET uri=/actuator/prometheus status=200 durationMs=81
2026-06-09 12:40:06 [INFO][module01-actuator] [http-nio-8080-exec-8] traceId=7613b503-0097-4665-925d-35652e10b1fe c.w.a.g.log.RequestLoggingFilter - event=request_started method=GET uri=/actuator/prometheus
2026-06-09 12:40:06 [INFO][module01-actuator] [http-nio-8080-exec-8] traceId=7613b503-0097-4665-925d-35652e10b1fe c.w.a.g.log.RequestLoggingFilter - event=request_completed method=GET uri=/actuator/prometheus status=200 durationMs=84
2026-06-09 12:40:11 [INFO][module01-actuator] [http-nio-8080-exec-10] traceId=e7ebe55c-adf1-4a57-a306-ba2820853d0f c.w.a.g.log.RequestLoggingFilter - event=request_started method=GET uri=/actuator/prometheus
2026-06-09 12:40:11 [INFO][module01-actuator] [http-nio-8080-exec-10] traceId=e7ebe55c-adf1-4a57-a306-ba2820853d0f c.w.a.g.log.RequestLoggingFilter - event=request_completed method=GET uri=/actuator/prometheus status=200 durationMs=74
2026-06-09 12:40:16 [INFO][module01-actuator] [http-nio-8080-exec-9] traceId=fe0ce861-ca06-46e9-8802-e93b8afbabb8 c.w.a.g.log.RequestLoggingFilter - event=request_started method=GET uri=/actuator/prometheus
2026-06-09 12:40:16 [INFO][module01-actuator] [http-nio-8080-exec-9] traceId=fe0ce861-ca06-46e9-8802-e93b8afbabb8 c.w.a.g.log.RequestLoggingFilter - event=request_completed method=GET uri=/actuator/prometheus status=200 durationMs=73
2026-06-09 12:40:21 [INFO][module01-actuator] [http-nio-8080-exec-1] traceId=298db33a-ff8c-4df0-8a6e-ba3c26ef01d5 c.w.a.g.log.RequestLoggingFilter - event=request_started method=GET uri=/actuator/prometheus
2026-06-09 12:40:21 [INFO][module01-actuator] [http-nio-8080-exec-1] traceId=298db33a-ff8c-4df0-8a6e-ba3c26ef01d5 c.w.a.g.log.RequestLoggingFilter - event=request_completed method=GET uri=/actuator/prometheus status=200 durationMs=203
2026-06-09 12:40:26 [INFO][module01-actuator] [http-nio-8080-exec-2] traceId=36091986-9dce-44f5-9d15-5f38806b41d0 c.w.a.g.log.RequestLoggingFilter - event=request_started method=GET uri=/actuator/prometheus
2026-06-09 12:40:26 [INFO][module01-actuator] [http-nio-8080-exec-2] traceId=36091986-9dce-44f5-9d15-5f38806b41d0 c.w.a.g.log.RequestLoggingFilter - event=request_completed method=GET uri=/actuator/prometheus status=200 durationMs=82
2026-06-09 12:40:31 [INFO][module01-actuator] [http-nio-8080-exec-4] traceId=28db3170-7a25-4a82-b55a-05d7b5bf1926 c.w.a.g.log.RequestLoggingFilter - event=request_started method=GET uri=/actuator/prometheus
2026-06-09 12:40:31 [INFO][module01-actuator] [http-nio-8080-exec-4] traceId=28db3170-7a25-4a82-b55a-05d7b5bf1926 c.w.a.g.log.RequestLoggingFilter - event=request_completed method=GET uri=/actuator/prometheus status=200 durationMs=68
2026-06-09 12:40:36 [INFO][module01-actuator] [http-nio-8080-exec-3] traceId=93d0d8e5-660d-4447-8236-228016062704 c.w.a.g.log.RequestLoggingFilter - event=request_started method=GET uri=/actuator/prometheus
2026-06-09 12:40:36 [INFO][module01-actuator] [http-nio-8080-exec-3] traceId=93d0d8e5-660d-4447-8236-228016062704 c.w.a.g.log.RequestLoggingFilter - event=request_completed method=GET uri=/actuator/prometheus status=200 durationMs=111
2026-06-09 12:40:41 [INFO][module01-actuator] [http-nio-8080-exec-5] traceId=bc01f5b0-f0f4-4715-8026-6b542116f65f c.w.a.g.log.RequestLoggingFilter - event=request_started method=GET uri=/actuator/prometheus
2026-06-09 12:40:41 [INFO][module01-actuator] [http-nio-8080-exec-5] traceId=bc01f5b0-f0f4-4715-8026-6b542116f65f c.w.a.g.log.RequestLoggingFilter - event=request_completed method=GET uri=/actuator/prometheus status=200 durationMs=65
2026-06-09 12:40:46 [INFO][module01-actuator] [http-nio-8080-exec-6] traceId=214f45c1-af09-4f64-bc00-832585ac8bf8 c.w.a.g.log.RequestLoggingFilter - event=request_started method=GET uri=/actuator/prometheus
2026-06-09 12:40:46 [INFO][module01-actuator] [http-nio-8080-exec-6] traceId=214f45c1-af09-4f64-bc00-832585ac8bf8 c.w.a.g.log.RequestLoggingFilter - event=request_completed method=GET uri=/actuator/prometheus status=200 durationMs=145
2026-06-09 12:40:51 [INFO][module01-actuator] [http-nio-8080-exec-7] traceId=4d72a226-8f9f-4d2e-a2c3-af72213f3cb4 c.w.a.g.log.RequestLoggingFilter - event=request_started method=GET uri=/actuator/prometheus
2026-06-09 12:40:51 [INFO][module01-actuator] [http-nio-8080-exec-7] traceId=4d72a226-8f9f-4d2e-a2c3-af72213f3cb4 c.w.a.g.log.RequestLoggingFilter - event=request_completed method=GET uri=/actuator/prometheus status=200 durationMs=87
2026-06-09 12:40:56 [INFO][module01-actuator] [http-nio-8080-exec-8] traceId=f318e9f7-9c5b-45f0-89d4-75d05860f9a6 c.w.a.g.log.RequestLoggingFilter - event=request_started method=GET uri=/actuator/prometheus
2026-06-09 12:40:56 [INFO][module01-actuator] [http-nio-8080-exec-8] traceId=f318e9f7-9c5b-45f0-89d4-75d05860f9a6 c.w.a.g.log.RequestLoggingFilter - event=request_completed method=GET uri=/actuator/prometheus status=200 durationMs=73
2026-06-09 12:41:01 [INFO][module01-actuator] [http-nio-8080-exec-10] traceId=acc3a238-d91a-4c5c-b7da-04bf9ff401b6 c.w.a.g.log.RequestLoggingFilter - event=request_started method=GET uri=/actuator/prometheus
2026-06-09 12:41:01 [INFO][module01-actuator] [http-nio-8080-exec-10] traceId=acc3a238-d91a-4c5c-b7da-04bf9ff401b6 c.w.a.g.log.RequestLoggingFilter - event=request_completed method=GET uri=/actuator/prometheus status=200 durationMs=77
2026-06-09 12:41:06 [INFO][module01-actuator] [http-nio-8080-exec-9] traceId=88ba50ac-675e-4e1a-bd72-3a2c0bc16015 c.w.a.g.log.RequestLoggingFilter - event=request_started method=GET uri=/actuator/prometheus
2026-06-09 12:41:06 [INFO][module01-actuator] [http-nio-8080-exec-9] traceId=88ba50ac-675e-4e1a-bd72-3a2c0bc16015 c.w.a.g.log.RequestLoggingFilter - event=request_completed method=GET uri=/actuator/prometheus status=200 durationMs=93
2026-06-09 12:41:11 [INFO][module01-actuator] [http-nio-8080-exec-1] traceId=f5928638-dc75-48dc-ad4e-e6211673e4b5 c.w.a.g.log.RequestLoggingFilter - event=request_started method=GET uri=/actuator/prometheus
2026-06-09 12:41:11 [INFO][module01-actuator] [http-nio-8080-exec-1] traceId=f5928638-dc75-48dc-ad4e-e6211673e4b5 c.w.a.g.log.RequestLoggingFilter - event=request_completed method=GET uri=/actuator/prometheus status=200 durationMs=79
2026-06-09 12:41:16 [INFO][module01-actuator] [http-nio-8080-exec-2] traceId=c2f4b9e6-32c9-4c6c-84f0-c185a1a3149b c.w.a.g.log.RequestLoggingFilter - event=request_started method=GET uri=/actuator/prometheus
2026-06-09 12:41:16 [INFO][module01-actuator] [http-nio-8080-exec-2] traceId=c2f4b9e6-32c9-4c6c-84f0-c185a1a3149b c.w.a.g.log.RequestLoggingFilter - event=request_completed method=GET uri=/actuator/prometheus status=200 durationMs=77
2026-06-09 12:41:21 [INFO][module01-actuator] [http-nio-8080-exec-4] traceId=548ed73f-0868-4e46-b747-110b9e5844bd c.w.a.g.log.RequestLoggingFilter - event=request_started method=GET uri=/actuator/prometheus
2026-06-09 12:41:21 [INFO][module01-actuator] [http-nio-8080-exec-4] traceId=548ed73f-0868-4e46-b747-110b9e5844bd c.w.a.g.log.RequestLoggingFilter - event=request_completed method=GET uri=/actuator/prometheus status=200 durationMs=96
2026-06-09 12:41:26 [INFO][module01-actuator] [http-nio-8080-exec-3] traceId=7bdc19e1-11db-49d8-a3b5-519916736e45 c.w.a.g.log.RequestLoggingFilter - event=request_started method=GET uri=/actuator/prometheus
2026-06-09 12:41:26 [INFO][module01-actuator] [http-nio-8080-exec-3] traceId=7bdc19e1-11db-49d8-a3b5-519916736e45 c.w.a.g.log.RequestLoggingFilter - event=request_completed method=GET uri=/actuator/prometheus status=200 durationMs=157
2026-06-09 12:41:31 [INFO][module01-actuator] [http-nio-8080-exec-5] traceId=3e5afd8c-5fb8-4ea2-99fc-b9c58b53f51f c.w.a.g.log.RequestLoggingFilter - event=request_started method=GET uri=/actuator/prometheus
2026-06-09 12:41:31 [INFO][module01-actuator] [http-nio-8080-exec-5] traceId=3e5afd8c-5fb8-4ea2-99fc-b9c58b53f51f c.w.a.g.log.RequestLoggingFilter - event=request_completed method=GET uri=/actuator/prometheus status=200 durationMs=64
2026-06-09 12:41:36 [INFO][module01-actuator] [http-nio-8080-exec-6] traceId=1cea8f99-9dcd-4609-a65d-1c5fe72f5d4c c.w.a.g.log.RequestLoggingFilter - event=request_started method=GET uri=/actuator/prometheus
2026-06-09 12:41:36 [INFO][module01-actuator] [http-nio-8080-exec-6] traceId=1cea8f99-9dcd-4609-a65d-1c5fe72f5d4c c.w.a.g.log.RequestLoggingFilter - event=request_completed method=GET uri=/actuator/prometheus status=200 durationMs=76
2026-06-09 12:41:41 [INFO][module01-actuator] [http-nio-8080-exec-7] traceId=7954da95-43ce-4154-9c2a-2f033c458c5d c.w.a.g.log.RequestLoggingFilter - event=request_started method=GET uri=/actuator/prometheus
2026-06-09 12:41:41 [INFO][module01-actuator] [http-nio-8080-exec-7] traceId=7954da95-43ce-4154-9c2a-2f033c458c5d c.w.a.g.log.RequestLoggingFilter - event=request_completed method=GET uri=/actuator/prometheus status=200 durationMs=79
2026-06-09 12:41:46 [INFO][module01-actuator] [http-nio-8080-exec-8] traceId=0dc05625-8b09-4c2d-a5df-ee887efb8224 c.w.a.g.log.RequestLoggingFilter - event=request_started method=GET uri=/actuator/prometheus
2026-06-09 12:41:46 [INFO][module01-actuator] [http-nio-8080-exec-8] traceId=0dc05625-8b09-4c2d-a5df-ee887efb8224 c.w.a.g.log.RequestLoggingFilter - event=request_completed method=GET uri=/actuator/prometheus status=200 durationMs=65
2026-06-09 12:41:51 [INFO][module01-actuator] [http-nio-8080-exec-10] traceId=6afd5bff-bd05-4cfc-af03-5110dfc9aa0e c.w.a.g.log.RequestLoggingFilter - event=request_started method=GET uri=/actuator/prometheus
2026-06-09 12:41:51 [INFO][module01-actuator] [http-nio-8080-exec-10] traceId=6afd5bff-bd05-4cfc-af03-5110dfc9aa0e c.w.a.g.log.RequestLoggingFilter - event=request_completed method=GET uri=/actuator/prometheus status=200 durationMs=214
2026-06-09 12:41:56 [INFO][module01-actuator] [http-nio-8080-exec-9] traceId=a1d84c5c-1e43-421a-b47b-ef04d1403aca c.w.a.g.log.RequestLoggingFilter - event=request_started method=GET uri=/actuator/prometheus
2026-06-09 12:41:56 [INFO][module01-actuator] [http-nio-8080-exec-9] traceId=a1d84c5c-1e43-421a-b47b-ef04d1403aca c.w.a.g.log.RequestLoggingFilter - event=request_completed method=GET uri=/actuator/prometheus status=200 durationMs=73
2026-06-09 12:42:01 [INFO][module01-actuator] [http-nio-8080-exec-1] traceId=56febc37-2e7a-4b48-b00d-26b7571fa9a8 c.w.a.g.log.RequestLoggingFilter - event=request_started method=GET uri=/actuator/prometheus
2026-06-09 12:42:01 [INFO][module01-actuator] [http-nio-8080-exec-1] traceId=56febc37-2e7a-4b48-b00d-26b7571fa9a8 c.w.a.g.log.RequestLoggingFilter - event=request_completed method=GET uri=/actuator/prometheus status=200 durationMs=70
2026-06-09 12:42:06 [INFO][module01-actuator] [http-nio-8080-exec-2] traceId=ece08653-31e3-4b66-a681-a9aa4950a4db c.w.a.g.log.RequestLoggingFilter - event=request_started method=GET uri=/actuator/prometheus
2026-06-09 12:42:06 [INFO][module01-actuator] [http-nio-8080-exec-2] traceId=ece08653-31e3-4b66-a681-a9aa4950a4db c.w.a.g.log.RequestLoggingFilter - event=request_completed method=GET uri=/actuator/prometheus status=200 durationMs=105
2026-06-09 12:42:11 [INFO][module01-actuator] [http-nio-8080-exec-4] traceId=ecfe64aa-b84e-47ea-8d44-44b6024e7824 c.w.a.g.log.RequestLoggingFilter - event=request_started method=GET uri=/actuator/prometheus
2026-06-09 12:42:11 [INFO][module01-actuator] [http-nio-8080-exec-4] traceId=ecfe64aa-b84e-47ea-8d44-44b6024e7824 c.w.a.g.log.RequestLoggingFilter - event=request_completed method=GET uri=/actuator/prometheus status=200 durationMs=85
2026-06-09 12:42:16 [INFO][module01-actuator] [http-nio-8080-exec-3] traceId=01ff1775-d7f3-4e78-8103-9a50aa3ee17f c.w.a.g.log.RequestLoggingFilter - event=request_started method=GET uri=/actuator/prometheus
2026-06-09 12:42:16 [INFO][module01-actuator] [http-nio-8080-exec-3] traceId=01ff1775-d7f3-4e78-8103-9a50aa3ee17f c.w.a.g.log.RequestLoggingFilter - event=request_completed method=GET uri=/actuator/prometheus status=200 durationMs=113
2026-06-09 12:42:21 [INFO][module01-actuator] [http-nio-8080-exec-5] traceId=cac3d0db-d3d8-4362-b074-c9f753fab6ed c.w.a.g.log.RequestLoggingFilter - event=request_started method=GET uri=/actuator/prometheus
2026-06-09 12:42:21 [INFO][module01-actuator] [http-nio-8080-exec-5] traceId=cac3d0db-d3d8-4362-b074-c9f753fab6ed c.w.a.g.log.RequestLoggingFilter - event=request_completed method=GET uri=/actuator/prometheus status=200 durationMs=61
2026-06-09 12:42:26 [INFO][module01-actuator] [http-nio-8080-exec-6] traceId=7a536d2e-0b0a-49a6-89c8-13bc833288c0 c.w.a.g.log.RequestLoggingFilter - event=request_started method=GET uri=/actuator/prometheus
2026-06-09 12:42:26 [INFO][module01-actuator] [http-nio-8080-exec-6] traceId=7a536d2e-0b0a-49a6-89c8-13bc833288c0 c.w.a.g.log.RequestLoggingFilter - event=request_completed method=GET uri=/actuator/prometheus status=200 durationMs=69
2026-06-09 12:42:31 [INFO][module01-actuator] [http-nio-8080-exec-7] traceId=bff54dcd-e2f6-4e41-a8f3-72bdd489ba76 c.w.a.g.log.RequestLoggingFilter - event=request_started method=GET uri=/actuator/prometheus
2026-06-09 12:42:31 [INFO][module01-actuator] [http-nio-8080-exec-7] traceId=bff54dcd-e2f6-4e41-a8f3-72bdd489ba76 c.w.a.g.log.RequestLoggingFilter - event=request_completed method=GET uri=/actuator/prometheus status=200 durationMs=83
2026-06-09 12:42:36 [INFO][module01-actuator] [http-nio-8080-exec-8] traceId=8060091c-9a4b-4188-8470-92db5c49ad0d c.w.a.g.log.RequestLoggingFilter - event=request_started method=GET uri=/actuator/prometheus
2026-06-09 12:42:36 [INFO][module01-actuator] [http-nio-8080-exec-8] traceId=8060091c-9a4b-4188-8470-92db5c49ad0d c.w.a.g.log.RequestLoggingFilter - event=request_completed method=GET uri=/actuator/prometheus status=200 durationMs=77
2026-06-09 12:42:41 [INFO][module01-actuator] [http-nio-8080-exec-10] traceId=6078bddf-a2ff-451f-9964-623a683832af c.w.a.g.log.RequestLoggingFilter - event=request_started method=GET uri=/actuator/prometheus
2026-06-09 12:42:41 [INFO][module01-actuator] [http-nio-8080-exec-10] traceId=6078bddf-a2ff-451f-9964-623a683832af c.w.a.g.log.RequestLoggingFilter - event=request_completed method=GET uri=/actuator/prometheus status=200 durationMs=152
2026-06-09 12:42:46 [INFO][module01-actuator] [http-nio-8080-exec-9] traceId=bcebf719-9e83-4ac0-bd6a-15a1f63d1045 c.w.a.g.log.RequestLoggingFilter - event=request_started method=GET uri=/actuator/prometheus
2026-06-09 12:42:46 [INFO][module01-actuator] [http-nio-8080-exec-9] traceId=bcebf719-9e83-4ac0-bd6a-15a1f63d1045 c.w.a.g.log.RequestLoggingFilter - event=request_completed method=GET uri=/actuator/prometheus status=200 durationMs=87
2026-06-09 12:42:51 [INFO][module01-actuator] [http-nio-8080-exec-1] traceId=485db141-2582-49e6-9b86-4ae5351fd9cb c.w.a.g.log.RequestLoggingFilter - event=request_started method=GET uri=/actuator/prometheus
2026-06-09 12:42:51 [INFO][module01-actuator] [http-nio-8080-exec-1] traceId=485db141-2582-49e6-9b86-4ae5351fd9cb c.w.a.g.log.RequestLoggingFilter - event=request_completed method=GET uri=/actuator/prometheus status=200 durationMs=77
2026-06-09 12:42:56 [INFO][module01-actuator] [http-nio-8080-exec-2] traceId=74327617-5f73-4bb0-a966-496657105cee c.w.a.g.log.RequestLoggingFilter - event=request_started method=GET uri=/actuator/prometheus
2026-06-09 12:42:56 [INFO][module01-actuator] [http-nio-8080-exec-2] traceId=74327617-5f73-4bb0-a966-496657105cee c.w.a.g.log.RequestLoggingFilter - event=request_completed method=GET uri=/actuator/prometheus status=200 durationMs=96
2026-06-09 12:43:01 [INFO][module01-actuator] [http-nio-8080-exec-4] traceId=313e4999-9c78-4652-aa17-501ef9e60a1b c.w.a.g.log.RequestLoggingFilter - event=request_started method=GET uri=/actuator/prometheus
2026-06-09 12:43:01 [INFO][module01-actuator] [http-nio-8080-exec-4] traceId=313e4999-9c78-4652-aa17-501ef9e60a1b c.w.a.g.log.RequestLoggingFilter - event=request_completed method=GET uri=/actuator/prometheus status=200 durationMs=86
2026-06-09 12:43:06 [INFO][module01-actuator] [http-nio-8080-exec-3] traceId=5f642646-e16c-443c-be20-37a91096e99a c.w.a.g.log.RequestLoggingFilter - event=request_started method=GET uri=/actuator/prometheus
2026-06-09 12:43:06 [INFO][module01-actuator] [http-nio-8080-exec-3] traceId=5f642646-e16c-443c-be20-37a91096e99a c.w.a.g.log.RequestLoggingFilter - event=request_completed method=GET uri=/actuator/prometheus status=200 durationMs=59
2026-06-09 12:43:11 [INFO][module01-actuator] [http-nio-8080-exec-5] traceId=02e8fafa-966a-4bdb-b354-804b6b8a0353 c.w.a.g.log.RequestLoggingFilter - event=request_started method=GET uri=/actuator/prometheus
2026-06-09 12:43:11 [INFO][module01-actuator] [http-nio-8080-exec-5] traceId=02e8fafa-966a-4bdb-b354-804b6b8a0353 c.w.a.g.log.RequestLoggingFilter - event=request_completed method=GET uri=/actuator/prometheus status=200 durationMs=85
2026-06-09 12:43:16 [INFO][module01-actuator] [http-nio-8080-exec-6] traceId=fb0322e0-6397-46a0-af27-341f3323d896 c.w.a.g.log.RequestLoggingFilter - event=request_started method=GET uri=/actuator/prometheus
2026-06-09 12:43:16 [INFO][module01-actuator] [http-nio-8080-exec-6] traceId=fb0322e0-6397-46a0-af27-341f3323d896 c.w.a.g.log.RequestLoggingFilter - event=request_completed method=GET uri=/actuator/prometheus status=200 durationMs=76
2026-06-09 12:43:21 [INFO][module01-actuator] [http-nio-8080-exec-7] traceId=b671c490-6aac-4595-91d9-c8a24dc709d9 c.w.a.g.log.RequestLoggingFilter - event=request_started method=GET uri=/actuator/prometheus
2026-06-09 12:43:21 [INFO][module01-actuator] [http-nio-8080-exec-7] traceId=b671c490-6aac-4595-91d9-c8a24dc709d9 c.w.a.g.log.RequestLoggingFilter - event=request_completed method=GET uri=/actuator/prometheus status=200 durationMs=50
2026-06-09 12:43:26 [INFO][module01-actuator] [http-nio-8080-exec-8] traceId=54cd7681-51d7-4754-a7a8-a4ebb662e49f c.w.a.g.log.RequestLoggingFilter - event=request_started method=GET uri=/actuator/prometheus
2026-06-09 12:43:26 [INFO][module01-actuator] [http-nio-8080-exec-8] traceId=54cd7681-51d7-4754-a7a8-a4ebb662e49f c.w.a.g.log.RequestLoggingFilter - event=request_completed method=GET uri=/actuator/prometheus status=200 durationMs=43
2026-06-09 12:43:31 [INFO][module01-actuator] [http-nio-8080-exec-10] traceId=8949a95b-76c7-4eaf-8524-a85e1131c0f2 c.w.a.g.log.RequestLoggingFilter - event=request_started method=GET uri=/actuator/prometheus
2026-06-09 12:43:31 [INFO][module01-actuator] [http-nio-8080-exec-10] traceId=8949a95b-76c7-4eaf-8524-a85e1131c0f2 c.w.a.g.log.RequestLoggingFilter - event=request_completed method=GET uri=/actuator/prometheus status=200 durationMs=75
2026-06-09 12:43:36 [INFO][module01-actuator] [http-nio-8080-exec-9] traceId=4281ed47-ff67-42b8-8c9b-7a92f5d21f5f c.w.a.g.log.RequestLoggingFilter - event=request_started method=GET uri=/actuator/prometheus
2026-06-09 12:43:36 [INFO][module01-actuator] [http-nio-8080-exec-9] traceId=4281ed47-ff67-42b8-8c9b-7a92f5d21f5f c.w.a.g.log.RequestLoggingFilter - event=request_completed method=GET uri=/actuator/prometheus status=200 durationMs=75
2026-06-09 12:43:41 [INFO][module01-actuator] [http-nio-8080-exec-1] traceId=7c72ac4c-e95a-42ef-8ef9-ea7eb648be52 c.w.a.g.log.RequestLoggingFilter - event=request_started method=GET uri=/actuator/prometheus
2026-06-09 12:43:41 [INFO][module01-actuator] [http-nio-8080-exec-1] traceId=7c72ac4c-e95a-42ef-8ef9-ea7eb648be52 c.w.a.g.log.RequestLoggingFilter - event=request_completed method=GET uri=/actuator/prometheus status=200 durationMs=91
2026-06-09 12:43:46 [INFO][module01-actuator] [http-nio-8080-exec-2] traceId=10cade62-3ae9-450f-a90a-dc8d695eea2d c.w.a.g.log.RequestLoggingFilter - event=request_started method=GET uri=/actuator/prometheus
2026-06-09 12:43:46 [INFO][module01-actuator] [http-nio-8080-exec-2] traceId=10cade62-3ae9-450f-a90a-dc8d695eea2d c.w.a.g.log.RequestLoggingFilter - event=request_completed method=GET uri=/actuator/prometheus status=200 durationMs=75
2026-06-09 12:43:51 [INFO][module01-actuator] [http-nio-8080-exec-4] traceId=d8d2e631-e565-4c08-b578-d116b262eb1a c.w.a.g.log.RequestLoggingFilter - event=request_started method=GET uri=/actuator/prometheus
2026-06-09 12:43:51 [INFO][module01-actuator] [http-nio-8080-exec-4] traceId=d8d2e631-e565-4c08-b578-d116b262eb1a c.w.a.g.log.RequestLoggingFilter - event=request_completed method=GET uri=/actuator/prometheus status=200 durationMs=94
2026-06-09 12:43:56 [INFO][module01-actuator] [http-nio-8080-exec-3] traceId=936c1245-9b34-4f8b-a7d2-7f29009aabf6 c.w.a.g.log.RequestLoggingFilter - event=request_started method=GET uri=/actuator/prometheus
2026-06-09 12:43:56 [INFO][module01-actuator] [http-nio-8080-exec-3] traceId=936c1245-9b34-4f8b-a7d2-7f29009aabf6 c.w.a.g.log.RequestLoggingFilter - event=request_completed method=GET uri=/actuator/prometheus status=200 durationMs=57
2026-06-09 12:44:01 [INFO][module01-actuator] [http-nio-8080-exec-5] traceId=95185740-6e9c-4a77-9bc3-d5e66dd212de c.w.a.g.log.RequestLoggingFilter - event=request_started method=GET uri=/actuator/prometheus
2026-06-09 12:44:01 [INFO][module01-actuator] [http-nio-8080-exec-5] traceId=95185740-6e9c-4a77-9bc3-d5e66dd212de c.w.a.g.log.RequestLoggingFilter - event=request_completed method=GET uri=/actuator/prometheus status=200 durationMs=56
2026-06-09 12:44:06 [INFO][module01-actuator] [http-nio-8080-exec-6] traceId=8152781d-0f35-49ef-94bf-b64053841bb6 c.w.a.g.log.RequestLoggingFilter - event=request_started method=GET uri=/actuator/prometheus
2026-06-09 12:44:06 [INFO][module01-actuator] [http-nio-8080-exec-6] traceId=8152781d-0f35-49ef-94bf-b64053841bb6 c.w.a.g.log.RequestLoggingFilter - event=request_completed method=GET uri=/actuator/prometheus status=200 durationMs=62
2026-06-09 12:44:11 [INFO][module01-actuator] [http-nio-8080-exec-7] traceId=9041e1a1-31e4-4c28-a037-9adfda6ab6ab c.w.a.g.log.RequestLoggingFilter - event=request_started method=GET uri=/actuator/prometheus
2026-06-09 12:44:11 [INFO][module01-actuator] [http-nio-8080-exec-7] traceId=9041e1a1-31e4-4c28-a037-9adfda6ab6ab c.w.a.g.log.RequestLoggingFilter - event=request_completed method=GET uri=/actuator/prometheus status=200 durationMs=61
2026-06-09 12:44:16 [INFO][module01-actuator] [http-nio-8080-exec-8] traceId=0c8c55eb-5464-4b25-a524-cfda051fa95e c.w.a.g.log.RequestLoggingFilter - event=request_started method=GET uri=/actuator/prometheus
2026-06-09 12:44:16 [INFO][module01-actuator] [http-nio-8080-exec-8] traceId=0c8c55eb-5464-4b25-a524-cfda051fa95e c.w.a.g.log.RequestLoggingFilter - event=request_completed method=GET uri=/actuator/prometheus status=200 durationMs=48
2026-06-09 12:44:21 [INFO][module01-actuator] [http-nio-8080-exec-10] traceId=3e40c80b-bbce-4bd3-9501-b7d800257075 c.w.a.g.log.RequestLoggingFilter - event=request_started method=GET uri=/actuator/prometheus
2026-06-09 12:44:21 [INFO][module01-actuator] [http-nio-8080-exec-10] traceId=3e40c80b-bbce-4bd3-9501-b7d800257075 c.w.a.g.log.RequestLoggingFilter - event=request_completed method=GET uri=/actuator/prometheus status=200 durationMs=107
2026-06-09 12:44:26 [INFO][module01-actuator] [http-nio-8080-exec-9] traceId=79206be4-d2e1-4e15-8a0b-1c5f6ba1fffb c.w.a.g.log.RequestLoggingFilter - event=request_started method=GET uri=/actuator/prometheus
2026-06-09 12:44:26 [INFO][module01-actuator] [http-nio-8080-exec-9] traceId=79206be4-d2e1-4e15-8a0b-1c5f6ba1fffb c.w.a.g.log.RequestLoggingFilter - event=request_completed method=GET uri=/actuator/prometheus status=200 durationMs=53
2026-06-09 12:44:31 [INFO][module01-actuator] [http-nio-8080-exec-1] traceId=8b25dbab-859e-4eb8-a00a-79f21864b904 c.w.a.g.log.RequestLoggingFilter - event=request_started method=GET uri=/actuator/prometheus
2026-06-09 12:44:31 [INFO][module01-actuator] [http-nio-8080-exec-1] traceId=8b25dbab-859e-4eb8-a00a-79f21864b904 c.w.a.g.log.RequestLoggingFilter - event=request_completed method=GET uri=/actuator/prometheus status=200 durationMs=61
2026-06-09 12:44:36 [INFO][module01-actuator] [http-nio-8080-exec-2] traceId=f498e804-4dde-4c28-a6e7-8f46832d1e4c c.w.a.g.log.RequestLoggingFilter - event=request_started method=GET uri=/actuator/prometheus
2026-06-09 12:44:36 [INFO][module01-actuator] [http-nio-8080-exec-2] traceId=f498e804-4dde-4c28-a6e7-8f46832d1e4c c.w.a.g.log.RequestLoggingFilter - event=request_completed method=GET uri=/actuator/prometheus status=200 durationMs=99
2026-06-09 12:44:41 [INFO][module01-actuator] [http-nio-8080-exec-4] traceId=2067433d-6efc-425b-99c0-ab206f03d812 c.w.a.g.log.RequestLoggingFilter - event=request_started method=GET uri=/actuator/prometheus
2026-06-09 12:44:41 [INFO][module01-actuator] [http-nio-8080-exec-4] traceId=2067433d-6efc-425b-99c0-ab206f03d812 c.w.a.g.log.RequestLoggingFilter - event=request_completed method=GET uri=/actuator/prometheus status=200 durationMs=58
2026-06-09 12:44:46 [INFO][module01-actuator] [http-nio-8080-exec-3] traceId=7811ebdc-4390-4209-916d-413f5dd55585 c.w.a.g.log.RequestLoggingFilter - event=request_started method=GET uri=/actuator/prometheus
2026-06-09 12:44:46 [INFO][module01-actuator] [http-nio-8080-exec-3] traceId=7811ebdc-4390-4209-916d-413f5dd55585 c.w.a.g.log.RequestLoggingFilter - event=request_completed method=GET uri=/actuator/prometheus status=200 durationMs=41
2026-06-09 12:44:51 [INFO][module01-actuator] [http-nio-8080-exec-5] traceId=9c76f476-f6aa-41e8-9b61-0c0f0afcabad c.w.a.g.log.RequestLoggingFilter - event=request_started method=GET uri=/actuator/prometheus
2026-06-09 12:44:51 [INFO][module01-actuator] [http-nio-8080-exec-5] traceId=9c76f476-f6aa-41e8-9b61-0c0f0afcabad c.w.a.g.log.RequestLoggingFilter - event=request_completed method=GET uri=/actuator/prometheus status=200 durationMs=44
2026-06-09 12:44:56 [INFO][module01-actuator] [http-nio-8080-exec-6] traceId=72c6f01a-7ea4-43f9-997d-94ab346a5e99 c.w.a.g.log.RequestLoggingFilter - event=request_started method=GET uri=/actuator/prometheus
2026-06-09 12:44:56 [INFO][module01-actuator] [http-nio-8080-exec-6] traceId=72c6f01a-7ea4-43f9-997d-94ab346a5e99 c.w.a.g.log.RequestLoggingFilter - event=request_completed method=GET uri=/actuator/prometheus status=200 durationMs=75
2026-06-09 12:45:01 [INFO][module01-actuator] [http-nio-8080-exec-7] traceId=1eb3985e-1246-415a-8b52-25babef20f02 c.w.a.g.log.RequestLoggingFilter - event=request_started method=GET uri=/actuator/prometheus
2026-06-09 12:45:01 [INFO][module01-actuator] [http-nio-8080-exec-7] traceId=1eb3985e-1246-415a-8b52-25babef20f02 c.w.a.g.log.RequestLoggingFilter - event=request_completed method=GET uri=/actuator/prometheus status=200 durationMs=55
2026-06-09 12:45:06 [INFO][module01-actuator] [http-nio-8080-exec-8] traceId=040e98dc-906d-425e-b81a-03576eacbd0b c.w.a.g.log.RequestLoggingFilter - event=request_started method=GET uri=/actuator/prometheus
2026-06-09 12:45:06 [INFO][module01-actuator] [http-nio-8080-exec-8] traceId=040e98dc-906d-425e-b81a-03576eacbd0b c.w.a.g.log.RequestLoggingFilter - event=request_completed method=GET uri=/actuator/prometheus status=200 durationMs=67
2026-06-09 12:45:11 [INFO][module01-actuator] [http-nio-8080-exec-10] traceId=9e13281d-2a3b-488e-9511-0a20f72b0ea2 c.w.a.g.log.RequestLoggingFilter - event=request_started method=GET uri=/actuator/prometheus
2026-06-09 12:45:11 [INFO][module01-actuator] [http-nio-8080-exec-10] traceId=9e13281d-2a3b-488e-9511-0a20f72b0ea2 c.w.a.g.log.RequestLoggingFilter - event=request_completed method=GET uri=/actuator/prometheus status=200 durationMs=48
2026-06-09 12:45:16 [INFO][module01-actuator] [http-nio-8080-exec-9] traceId=16cdab58-fdd6-472f-a4d6-3074a91ae623 c.w.a.g.log.RequestLoggingFilter - event=request_started method=GET uri=/actuator/prometheus
2026-06-09 12:45:16 [INFO][module01-actuator] [http-nio-8080-exec-9] traceId=16cdab58-fdd6-472f-a4d6-3074a91ae623 c.w.a.g.log.RequestLoggingFilter - event=request_completed method=GET uri=/actuator/prometheus status=200 durationMs=39
2026-06-09 12:45:21 [INFO][module01-actuator] [http-nio-8080-exec-1] traceId=6c543644-b321-437a-ba04-9e0430e3ac46 c.w.a.g.log.RequestLoggingFilter - event=request_started method=GET uri=/actuator/prometheus
2026-06-09 12:45:21 [INFO][module01-actuator] [http-nio-8080-exec-1] traceId=6c543644-b321-437a-ba04-9e0430e3ac46 c.w.a.g.log.RequestLoggingFilter - event=request_completed method=GET uri=/actuator/prometheus status=200 durationMs=78
2026-06-09 12:45:26 [INFO][module01-actuator] [http-nio-8080-exec-2] traceId=22c6e613-3234-415f-bfaf-7f9e7dc2ca15 c.w.a.g.log.RequestLoggingFilter - event=request_started method=GET uri=/actuator/prometheus
2026-06-09 12:45:26 [INFO][module01-actuator] [http-nio-8080-exec-2] traceId=22c6e613-3234-415f-bfaf-7f9e7dc2ca15 c.w.a.g.log.RequestLoggingFilter - event=request_completed method=GET uri=/actuator/prometheus status=200 durationMs=50
2026-06-09 12:45:31 [INFO][module01-actuator] [http-nio-8080-exec-4] traceId=b448b684-2a0a-4b49-b873-75782254be12 c.w.a.g.log.RequestLoggingFilter - event=request_started method=GET uri=/actuator/prometheus
2026-06-09 12:45:31 [INFO][module01-actuator] [http-nio-8080-exec-4] traceId=b448b684-2a0a-4b49-b873-75782254be12 c.w.a.g.log.RequestLoggingFilter - event=request_completed method=GET uri=/actuator/prometheus status=200 durationMs=51
2026-06-09 12:45:36 [INFO][module01-actuator] [http-nio-8080-exec-3] traceId=bc98263a-dc8b-4281-bf20-e47f397e4053 c.w.a.g.log.RequestLoggingFilter - event=request_started method=GET uri=/actuator/prometheus
2026-06-09 12:45:36 [INFO][module01-actuator] [http-nio-8080-exec-3] traceId=bc98263a-dc8b-4281-bf20-e47f397e4053 c.w.a.g.log.RequestLoggingFilter - event=request_completed method=GET uri=/actuator/prometheus status=200 durationMs=89
2026-06-09 12:45:41 [INFO][module01-actuator] [http-nio-8080-exec-5] traceId=1fed63a1-8e0e-469c-a85f-15fa209e3d6d c.w.a.g.log.RequestLoggingFilter - event=request_started method=GET uri=/actuator/prometheus
2026-06-09 12:45:41 [INFO][module01-actuator] [http-nio-8080-exec-5] traceId=1fed63a1-8e0e-469c-a85f-15fa209e3d6d c.w.a.g.log.RequestLoggingFilter - event=request_completed method=GET uri=/actuator/prometheus status=200 durationMs=58
2026-06-09 12:45:46 [INFO][module01-actuator] [http-nio-8080-exec-6] traceId=ee0686a0-f697-4e4d-afc1-6d8b18c96425 c.w.a.g.log.RequestLoggingFilter - event=request_started method=GET uri=/actuator/prometheus
2026-06-09 12:45:46 [INFO][module01-actuator] [http-nio-8080-exec-6] traceId=ee0686a0-f697-4e4d-afc1-6d8b18c96425 c.w.a.g.log.RequestLoggingFilter - event=request_completed method=GET uri=/actuator/prometheus status=200 durationMs=80
2026-06-09 12:45:51 [INFO][module01-actuator] [http-nio-8080-exec-7] traceId=485699fa-d1bb-4020-96d5-c15a2d4865d6 c.w.a.g.log.RequestLoggingFilter - event=request_started method=GET uri=/actuator/prometheus
2026-06-09 12:45:51 [INFO][module01-actuator] [http-nio-8080-exec-7] traceId=485699fa-d1bb-4020-96d5-c15a2d4865d6 c.w.a.g.log.RequestLoggingFilter - event=request_completed method=GET uri=/actuator/prometheus status=200 durationMs=69
2026-06-09 12:45:56 [INFO][module01-actuator] [http-nio-8080-exec-8] traceId=f0859bda-29b6-4b5d-8fe5-c76eddf423e3 c.w.a.g.log.RequestLoggingFilter - event=request_started method=GET uri=/actuator/prometheus
2026-06-09 12:45:56 [INFO][module01-actuator] [http-nio-8080-exec-8] traceId=f0859bda-29b6-4b5d-8fe5-c76eddf423e3 c.w.a.g.log.RequestLoggingFilter - event=request_completed method=GET uri=/actuator/prometheus status=200 durationMs=74
2026-06-09 12:46:01 [INFO][module01-actuator] [http-nio-8080-exec-10] traceId=a1bfbf75-a0a7-48c1-a896-7f5468a38e2c c.w.a.g.log.RequestLoggingFilter - event=request_started method=GET uri=/actuator/prometheus
2026-06-09 12:46:01 [INFO][module01-actuator] [http-nio-8080-exec-10] traceId=a1bfbf75-a0a7-48c1-a896-7f5468a38e2c c.w.a.g.log.RequestLoggingFilter - event=request_completed method=GET uri=/actuator/prometheus status=200 durationMs=147
2026-06-09 12:46:06 [INFO][module01-actuator] [http-nio-8080-exec-9] traceId=fa1ca37e-2602-40f2-9ceb-158eec685f72 c.w.a.g.log.RequestLoggingFilter - event=request_started method=GET uri=/actuator/prometheus
2026-06-09 12:46:06 [INFO][module01-actuator] [http-nio-8080-exec-9] traceId=fa1ca37e-2602-40f2-9ceb-158eec685f72 c.w.a.g.log.RequestLoggingFilter - event=request_completed method=GET uri=/actuator/prometheus status=200 durationMs=76
2026-06-09 12:46:11 [INFO][module01-actuator] [http-nio-8080-exec-1] traceId=da3c44e7-b2b2-48db-bb15-0141588b846d c.w.a.g.log.RequestLoggingFilter - event=request_started method=GET uri=/actuator/prometheus
2026-06-09 12:46:11 [INFO][module01-actuator] [http-nio-8080-exec-1] traceId=da3c44e7-b2b2-48db-bb15-0141588b846d c.w.a.g.log.RequestLoggingFilter - event=request_completed method=GET uri=/actuator/prometheus status=200 durationMs=76
2026-06-09 12:46:16 [INFO][module01-actuator] [http-nio-8080-exec-2] traceId=af6f27f9-c92e-4360-abea-ddcb129eeb59 c.w.a.g.log.RequestLoggingFilter - event=request_started method=GET uri=/actuator/prometheus
2026-06-09 12:46:16 [INFO][module01-actuator] [http-nio-8080-exec-2] traceId=af6f27f9-c92e-4360-abea-ddcb129eeb59 c.w.a.g.log.RequestLoggingFilter - event=request_completed method=GET uri=/actuator/prometheus status=200 durationMs=88
2026-06-09 12:46:21 [INFO][module01-actuator] [http-nio-8080-exec-4] traceId=923b11cc-97bf-441f-9c27-9fb71c43e8a4 c.w.a.g.log.RequestLoggingFilter - event=request_started method=GET uri=/actuator/prometheus
2026-06-09 12:46:21 [INFO][module01-actuator] [http-nio-8080-exec-4] traceId=923b11cc-97bf-441f-9c27-9fb71c43e8a4 c.w.a.g.log.RequestLoggingFilter - event=request_completed method=GET uri=/actuator/prometheus status=200 durationMs=49
2026-06-09 12:46:26 [INFO][module01-actuator] [http-nio-8080-exec-3] traceId=276f7500-90ea-4678-a728-9f62d3668e7f c.w.a.g.log.RequestLoggingFilter - event=request_started method=GET uri=/actuator/prometheus
2026-06-09 12:46:26 [INFO][module01-actuator] [http-nio-8080-exec-3] traceId=276f7500-90ea-4678-a728-9f62d3668e7f c.w.a.g.log.RequestLoggingFilter - event=request_completed method=GET uri=/actuator/prometheus status=200 durationMs=72
2026-06-09 12:46:31 [INFO][module01-actuator] [http-nio-8080-exec-5] traceId=f8853990-b87f-4b15-9b50-7e39711d642e c.w.a.g.log.RequestLoggingFilter - event=request_started method=GET uri=/actuator/prometheus
2026-06-09 12:46:31 [INFO][module01-actuator] [http-nio-8080-exec-5] traceId=f8853990-b87f-4b15-9b50-7e39711d642e c.w.a.g.log.RequestLoggingFilter - event=request_completed method=GET uri=/actuator/prometheus status=200 durationMs=84
2026-06-09 12:46:36 [INFO][module01-actuator] [http-nio-8080-exec-6] traceId=3a490ab7-a370-40f2-8e07-7fd606baa56c c.w.a.g.log.RequestLoggingFilter - event=request_started method=GET uri=/actuator/prometheus
2026-06-09 12:46:36 [INFO][module01-actuator] [http-nio-8080-exec-6] traceId=3a490ab7-a370-40f2-8e07-7fd606baa56c c.w.a.g.log.RequestLoggingFilter - event=request_completed method=GET uri=/actuator/prometheus status=200 durationMs=70
2026-06-09 12:46:41 [INFO][module01-actuator] [http-nio-8080-exec-7] traceId=fd7d0a61-af62-4475-a2be-34f340bc2619 c.w.a.g.log.RequestLoggingFilter - event=request_started method=GET uri=/actuator/prometheus
2026-06-09 12:46:41 [INFO][module01-actuator] [http-nio-8080-exec-7] traceId=fd7d0a61-af62-4475-a2be-34f340bc2619 c.w.a.g.log.RequestLoggingFilter - event=request_completed method=GET uri=/actuator/prometheus status=200 durationMs=143
2026-06-09 12:46:46 [INFO][module01-actuator] [http-nio-8080-exec-8] traceId=da9ac484-cd1a-42bb-ab1b-59ced12455e3 c.w.a.g.log.RequestLoggingFilter - event=request_started method=GET uri=/actuator/prometheus
2026-06-09 12:46:46 [INFO][module01-actuator] [http-nio-8080-exec-8] traceId=da9ac484-cd1a-42bb-ab1b-59ced12455e3 c.w.a.g.log.RequestLoggingFilter - event=request_completed method=GET uri=/actuator/prometheus status=200 durationMs=78
2026-06-09 12:46:51 [INFO][module01-actuator] [http-nio-8080-exec-10] traceId=eb361ee2-6fbb-4a30-b30e-75a26e5533e7 c.w.a.g.log.RequestLoggingFilter - event=request_started method=GET uri=/actuator/prometheus
2026-06-09 12:46:51 [INFO][module01-actuator] [http-nio-8080-exec-10] traceId=eb361ee2-6fbb-4a30-b30e-75a26e5533e7 c.w.a.g.log.RequestLoggingFilter - event=request_completed method=GET uri=/actuator/prometheus status=200 durationMs=61
2026-06-09 12:46:56 [INFO][module01-actuator] [http-nio-8080-exec-9] traceId=a0ff12d4-fed9-4ff2-9deb-dc04e75d786a c.w.a.g.log.RequestLoggingFilter - event=request_started method=GET uri=/actuator/prometheus
2026-06-09 12:46:56 [INFO][module01-actuator] [http-nio-8080-exec-9] traceId=a0ff12d4-fed9-4ff2-9deb-dc04e75d786a c.w.a.g.log.RequestLoggingFilter - event=request_completed method=GET uri=/actuator/prometheus status=200 durationMs=111
2026-06-09 12:47:01 [INFO][module01-actuator] [http-nio-8080-exec-1] traceId=d2d8e9f2-ed39-46cb-bfbd-bad8760a6045 c.w.a.g.log.RequestLoggingFilter - event=request_started method=GET uri=/actuator/prometheus
2026-06-09 12:47:01 [INFO][module01-actuator] [http-nio-8080-exec-1] traceId=d2d8e9f2-ed39-46cb-bfbd-bad8760a6045 c.w.a.g.log.RequestLoggingFilter - event=request_completed method=GET uri=/actuator/prometheus status=200 durationMs=53
2026-06-09 12:47:06 [INFO][module01-actuator] [http-nio-8080-exec-2] traceId=e7c36284-d77c-47ad-846b-e28cd52ea84a c.w.a.g.log.RequestLoggingFilter - event=request_started method=GET uri=/actuator/prometheus
2026-06-09 12:47:06 [INFO][module01-actuator] [http-nio-8080-exec-2] traceId=e7c36284-d77c-47ad-846b-e28cd52ea84a c.w.a.g.log.RequestLoggingFilter - event=request_completed method=GET uri=/actuator/prometheus status=200 durationMs=76
2026-06-09 12:47:11 [INFO][module01-actuator] [http-nio-8080-exec-4] traceId=ca30df45-da1c-4f2a-b815-71fb8bf25798 c.w.a.g.log.RequestLoggingFilter - event=request_started method=GET uri=/actuator/prometheus
2026-06-09 12:47:11 [INFO][module01-actuator] [http-nio-8080-exec-4] traceId=ca30df45-da1c-4f2a-b815-71fb8bf25798 c.w.a.g.log.RequestLoggingFilter - event=request_completed method=GET uri=/actuator/prometheus status=200 durationMs=78
2026-06-09 12:47:16 [INFO][module01-actuator] [http-nio-8080-exec-3] traceId=a7946111-76bc-40e4-a234-306ea59e0447 c.w.a.g.log.RequestLoggingFilter - event=request_started method=GET uri=/actuator/prometheus
2026-06-09 12:47:16 [INFO][module01-actuator] [http-nio-8080-exec-3] traceId=a7946111-76bc-40e4-a234-306ea59e0447 c.w.a.g.log.RequestLoggingFilter - event=request_completed method=GET uri=/actuator/prometheus status=200 durationMs=62
2026-06-09 12:47:21 [INFO][module01-actuator] [http-nio-8080-exec-5] traceId=6ce687cc-c12d-4dbc-b3a0-0a96e25da79b c.w.a.g.log.RequestLoggingFilter - event=request_started method=GET uri=/actuator/prometheus
2026-06-09 12:47:21 [INFO][module01-actuator] [http-nio-8080-exec-5] traceId=6ce687cc-c12d-4dbc-b3a0-0a96e25da79b c.w.a.g.log.RequestLoggingFilter - event=request_completed method=GET uri=/actuator/prometheus status=200 durationMs=62
2026-06-09 12:47:26 [INFO][module01-actuator] [http-nio-8080-exec-6] traceId=46ee26eb-bbe5-4e31-b233-9bd34e9b7cb7 c.w.a.g.log.RequestLoggingFilter - event=request_started method=GET uri=/actuator/prometheus
2026-06-09 12:47:26 [INFO][module01-actuator] [http-nio-8080-exec-6] traceId=46ee26eb-bbe5-4e31-b233-9bd34e9b7cb7 c.w.a.g.log.RequestLoggingFilter - event=request_completed method=GET uri=/actuator/prometheus status=200 durationMs=61
2026-06-09 12:47:31 [INFO][module01-actuator] [http-nio-8080-exec-7] traceId=7a359e17-18d7-4137-a348-ca776e763573 c.w.a.g.log.RequestLoggingFilter - event=request_started method=GET uri=/actuator/prometheus
2026-06-09 12:47:31 [INFO][module01-actuator] [http-nio-8080-exec-7] traceId=7a359e17-18d7-4137-a348-ca776e763573 c.w.a.g.log.RequestLoggingFilter - event=request_completed method=GET uri=/actuator/prometheus status=200 durationMs=76
2026-06-09 12:47:36 [INFO][module01-actuator] [http-nio-8080-exec-8] traceId=e4211b69-5b09-454e-b9ea-8d8df025ce5d c.w.a.g.log.RequestLoggingFilter - event=request_started method=GET uri=/actuator/prometheus
2026-06-09 12:47:36 [INFO][module01-actuator] [http-nio-8080-exec-8] traceId=e4211b69-5b09-454e-b9ea-8d8df025ce5d c.w.a.g.log.RequestLoggingFilter - event=request_completed method=GET uri=/actuator/prometheus status=200 durationMs=78
2026-06-09 12:47:41 [INFO][module01-actuator] [http-nio-8080-exec-10] traceId=752c8d2d-2dec-427b-8fe3-6a98f376c46a c.w.a.g.log.RequestLoggingFilter - event=request_started method=GET uri=/actuator/prometheus
2026-06-09 12:47:41 [INFO][module01-actuator] [http-nio-8080-exec-10] traceId=752c8d2d-2dec-427b-8fe3-6a98f376c46a c.w.a.g.log.RequestLoggingFilter - event=request_completed method=GET uri=/actuator/prometheus status=200 durationMs=76
2026-06-09 12:47:46 [INFO][module01-actuator] [http-nio-8080-exec-9] traceId=811241b7-9b50-44e5-b50e-ff77aceea805 c.w.a.g.log.RequestLoggingFilter - event=request_started method=GET uri=/actuator/prometheus
2026-06-09 12:47:46 [INFO][module01-actuator] [http-nio-8080-exec-9] traceId=811241b7-9b50-44e5-b50e-ff77aceea805 c.w.a.g.log.RequestLoggingFilter - event=request_completed method=GET uri=/actuator/prometheus status=200 durationMs=56
2026-06-09 12:47:51 [INFO][module01-actuator] [http-nio-8080-exec-1] traceId=ecae0000-7dd4-47a9-b13f-b35156ba4a87 c.w.a.g.log.RequestLoggingFilter - event=request_started method=GET uri=/actuator/prometheus
2026-06-09 12:47:51 [INFO][module01-actuator] [http-nio-8080-exec-1] traceId=ecae0000-7dd4-47a9-b13f-b35156ba4a87 c.w.a.g.log.RequestLoggingFilter - event=request_completed method=GET uri=/actuator/prometheus status=200 durationMs=84
2026-06-09 12:47:56 [INFO][module01-actuator] [http-nio-8080-exec-2] traceId=65be5b5d-8500-4665-8730-1cb4a426c97c c.w.a.g.log.RequestLoggingFilter - event=request_started method=GET uri=/actuator/prometheus
2026-06-09 12:47:56 [INFO][module01-actuator] [http-nio-8080-exec-2] traceId=65be5b5d-8500-4665-8730-1cb4a426c97c c.w.a.g.log.RequestLoggingFilter - event=request_completed method=GET uri=/actuator/prometheus status=200 durationMs=53
2026-06-09 12:48:01 [INFO][module01-actuator] [http-nio-8080-exec-4] traceId=540bff21-fafd-4d89-9efa-7e3f568996ae c.w.a.g.log.RequestLoggingFilter - event=request_started method=GET uri=/actuator/prometheus
2026-06-09 12:48:01 [INFO][module01-actuator] [http-nio-8080-exec-4] traceId=540bff21-fafd-4d89-9efa-7e3f568996ae c.w.a.g.log.RequestLoggingFilter - event=request_completed method=GET uri=/actuator/prometheus status=200 durationMs=54
2026-06-09 12:48:06 [INFO][module01-actuator] [http-nio-8080-exec-3] traceId=8f6298b7-76ff-4275-87b8-e5aa5117829d c.w.a.g.log.RequestLoggingFilter - event=request_started method=GET uri=/actuator/prometheus
2026-06-09 12:48:06 [INFO][module01-actuator] [http-nio-8080-exec-3] traceId=8f6298b7-76ff-4275-87b8-e5aa5117829d c.w.a.g.log.RequestLoggingFilter - event=request_completed method=GET uri=/actuator/prometheus status=200 durationMs=127
2026-06-09 12:48:11 [INFO][module01-actuator] [http-nio-8080-exec-5] traceId=2fd936aa-50d4-4aaf-bdff-005cb82eea1f c.w.a.g.log.RequestLoggingFilter - event=request_started method=GET uri=/actuator/prometheus
2026-06-09 12:48:11 [INFO][module01-actuator] [http-nio-8080-exec-5] traceId=2fd936aa-50d4-4aaf-bdff-005cb82eea1f c.w.a.g.log.RequestLoggingFilter - event=request_completed method=GET uri=/actuator/prometheus status=200 durationMs=59
2026-06-09 12:48:16 [INFO][module01-actuator] [http-nio-8080-exec-6] traceId=04956afa-62fd-4f09-a745-1cad7da19ea0 c.w.a.g.log.RequestLoggingFilter - event=request_started method=GET uri=/actuator/prometheus
2026-06-09 12:48:16 [INFO][module01-actuator] [http-nio-8080-exec-6] traceId=04956afa-62fd-4f09-a745-1cad7da19ea0 c.w.a.g.log.RequestLoggingFilter - event=request_completed method=GET uri=/actuator/prometheus status=200 durationMs=67
2026-06-09 12:48:21 [INFO][module01-actuator] [http-nio-8080-exec-7] traceId=c706b407-fb59-4f06-ad8f-ff5ac55b61bd c.w.a.g.log.RequestLoggingFilter - event=request_started method=GET uri=/actuator/prometheus
2026-06-09 12:48:21 [INFO][module01-actuator] [http-nio-8080-exec-7] traceId=c706b407-fb59-4f06-ad8f-ff5ac55b61bd c.w.a.g.log.RequestLoggingFilter - event=request_completed method=GET uri=/actuator/prometheus status=200 durationMs=85
2026-06-09 12:48:26 [INFO][module01-actuator] [http-nio-8080-exec-8] traceId=a12aefc6-7c06-41b5-9071-9f71c66556fa c.w.a.g.log.RequestLoggingFilter - event=request_started method=GET uri=/actuator/prometheus
2026-06-09 12:48:26 [INFO][module01-actuator] [http-nio-8080-exec-8] traceId=a12aefc6-7c06-41b5-9071-9f71c66556fa c.w.a.g.log.RequestLoggingFilter - event=request_completed method=GET uri=/actuator/prometheus status=200 durationMs=73
2026-06-09 12:48:31 [INFO][module01-actuator] [http-nio-8080-exec-10] traceId=75e2498a-d614-4025-8803-e34fe30869c1 c.w.a.g.log.RequestLoggingFilter - event=request_started method=GET uri=/actuator/prometheus
2026-06-09 12:48:31 [INFO][module01-actuator] [http-nio-8080-exec-10] traceId=75e2498a-d614-4025-8803-e34fe30869c1 c.w.a.g.log.RequestLoggingFilter - event=request_completed method=GET uri=/actuator/prometheus status=200 durationMs=65
2026-06-09 12:48:36 [INFO][module01-actuator] [http-nio-8080-exec-9] traceId=2fca7ab4-4799-4fa7-bf7d-98dc8548db28 c.w.a.g.log.RequestLoggingFilter - event=request_started method=GET uri=/actuator/prometheus
2026-06-09 12:48:36 [INFO][module01-actuator] [http-nio-8080-exec-9] traceId=2fca7ab4-4799-4fa7-bf7d-98dc8548db28 c.w.a.g.log.RequestLoggingFilter - event=request_completed method=GET uri=/actuator/prometheus status=200 durationMs=82
2026-06-09 12:48:41 [INFO][module01-actuator] [http-nio-8080-exec-1] traceId=3d3ff04a-d530-435c-b96d-61d577970e4c c.w.a.g.log.RequestLoggingFilter - event=request_started method=GET uri=/actuator/prometheus
2026-06-09 12:48:41 [INFO][module01-actuator] [http-nio-8080-exec-1] traceId=3d3ff04a-d530-435c-b96d-61d577970e4c c.w.a.g.log.RequestLoggingFilter - event=request_completed method=GET uri=/actuator/prometheus status=200 durationMs=73
2026-06-09 12:48:46 [INFO][module01-actuator] [http-nio-8080-exec-2] traceId=e0b111b0-95c9-459c-ad1a-610da2a63b9e c.w.a.g.log.RequestLoggingFilter - event=request_started method=GET uri=/actuator/prometheus
2026-06-09 12:48:46 [INFO][module01-actuator] [http-nio-8080-exec-2] traceId=e0b111b0-95c9-459c-ad1a-610da2a63b9e c.w.a.g.log.RequestLoggingFilter - event=request_completed method=GET uri=/actuator/prometheus status=200 durationMs=72
2026-06-09 12:48:51 [INFO][module01-actuator] [http-nio-8080-exec-4] traceId=68a89bcf-36a2-4528-a069-b5eb88aa8160 c.w.a.g.log.RequestLoggingFilter - event=request_started method=GET uri=/actuator/prometheus
2026-06-09 12:48:51 [INFO][module01-actuator] [http-nio-8080-exec-4] traceId=68a89bcf-36a2-4528-a069-b5eb88aa8160 c.w.a.g.log.RequestLoggingFilter - event=request_completed method=GET uri=/actuator/prometheus status=200 durationMs=76
2026-06-09 12:48:56 [INFO][module01-actuator] [http-nio-8080-exec-3] traceId=dba2c01d-9c6b-4c42-9e4c-0c5442904b7f c.w.a.g.log.RequestLoggingFilter - event=request_started method=GET uri=/actuator/prometheus
2026-06-09 12:48:56 [INFO][module01-actuator] [http-nio-8080-exec-3] traceId=dba2c01d-9c6b-4c42-9e4c-0c5442904b7f c.w.a.g.log.RequestLoggingFilter - event=request_completed method=GET uri=/actuator/prometheus status=200 durationMs=82
2026-06-09 12:49:01 [INFO][module01-actuator] [http-nio-8080-exec-5] traceId=96b18c44-79b3-45cb-97a9-ae85d9daa3d8 c.w.a.g.log.RequestLoggingFilter - event=request_started method=GET uri=/actuator/prometheus
2026-06-09 12:49:01 [INFO][module01-actuator] [http-nio-8080-exec-5] traceId=96b18c44-79b3-45cb-97a9-ae85d9daa3d8 c.w.a.g.log.RequestLoggingFilter - event=request_completed method=GET uri=/actuator/prometheus status=200 durationMs=61
2026-06-09 12:49:06 [INFO][module01-actuator] [http-nio-8080-exec-6] traceId=dd5b7bfa-618b-4b7e-b17d-c8294e1fa9cd c.w.a.g.log.RequestLoggingFilter - event=request_started method=GET uri=/actuator/prometheus
2026-06-09 12:49:06 [INFO][module01-actuator] [http-nio-8080-exec-6] traceId=dd5b7bfa-618b-4b7e-b17d-c8294e1fa9cd c.w.a.g.log.RequestLoggingFilter - event=request_completed method=GET uri=/actuator/prometheus status=200 durationMs=65
2026-06-09 12:49:11 [INFO][module01-actuator] [http-nio-8080-exec-7] traceId=39b5dc21-007d-4606-8141-7e071e836289 c.w.a.g.log.RequestLoggingFilter - event=request_started method=GET uri=/actuator/prometheus
2026-06-09 12:49:11 [INFO][module01-actuator] [http-nio-8080-exec-7] traceId=39b5dc21-007d-4606-8141-7e071e836289 c.w.a.g.log.RequestLoggingFilter - event=request_completed method=GET uri=/actuator/prometheus status=200 durationMs=77
2026-06-09 12:49:16 [INFO][module01-actuator] [http-nio-8080-exec-8] traceId=17909d2b-5319-4f5a-bd07-b36067717818 c.w.a.g.log.RequestLoggingFilter - event=request_started method=GET uri=/actuator/prometheus
2026-06-09 12:49:16 [INFO][module01-actuator] [http-nio-8080-exec-8] traceId=17909d2b-5319-4f5a-bd07-b36067717818 c.w.a.g.log.RequestLoggingFilter - event=request_completed method=GET uri=/actuator/prometheus status=200 durationMs=72
2026-06-09 12:49:21 [INFO][module01-actuator] [http-nio-8080-exec-10] traceId=7c00861a-6096-4bc2-a6ce-6ea07e6710d0 c.w.a.g.log.RequestLoggingFilter - event=request_started method=GET uri=/actuator/prometheus
2026-06-09 12:49:21 [INFO][module01-actuator] [http-nio-8080-exec-10] traceId=7c00861a-6096-4bc2-a6ce-6ea07e6710d0 c.w.a.g.log.RequestLoggingFilter - event=request_completed method=GET uri=/actuator/prometheus status=200 durationMs=73
2026-06-09 12:49:26 [INFO][module01-actuator] [http-nio-8080-exec-9] traceId=1faf3e19-fe5f-4add-968a-97cbaa6a93f2 c.w.a.g.log.RequestLoggingFilter - event=request_started method=GET uri=/actuator/prometheus
2026-06-09 12:49:26 [INFO][module01-actuator] [http-nio-8080-exec-9] traceId=1faf3e19-fe5f-4add-968a-97cbaa6a93f2 c.w.a.g.log.RequestLoggingFilter - event=request_completed method=GET uri=/actuator/prometheus status=200 durationMs=67
2026-06-09 12:49:31 [INFO][module01-actuator] [http-nio-8080-exec-1] traceId=d36dbc17-5c82-4b33-b2bd-d8cb833bf865 c.w.a.g.log.RequestLoggingFilter - event=request_started method=GET uri=/actuator/prometheus
2026-06-09 12:49:31 [INFO][module01-actuator] [http-nio-8080-exec-1] traceId=d36dbc17-5c82-4b33-b2bd-d8cb833bf865 c.w.a.g.log.RequestLoggingFilter - event=request_completed method=GET uri=/actuator/prometheus status=200 durationMs=69
2026-06-09 12:49:36 [INFO][module01-actuator] [http-nio-8080-exec-2] traceId=c02b6650-4972-4111-ae94-924269f300de c.w.a.g.log.RequestLoggingFilter - event=request_started method=GET uri=/actuator/prometheus
2026-06-09 12:49:36 [INFO][module01-actuator] [http-nio-8080-exec-2] traceId=c02b6650-4972-4111-ae94-924269f300de c.w.a.g.log.RequestLoggingFilter - event=request_completed method=GET uri=/actuator/prometheus status=200 durationMs=51
2026-06-09 12:49:41 [INFO][module01-actuator] [http-nio-8080-exec-4] traceId=16c40152-def3-43f7-af69-699d129f66e0 c.w.a.g.log.RequestLoggingFilter - event=request_started method=GET uri=/actuator/prometheus
2026-06-09 12:49:41 [INFO][module01-actuator] [http-nio-8080-exec-4] traceId=16c40152-def3-43f7-af69-699d129f66e0 c.w.a.g.log.RequestLoggingFilter - event=request_completed method=GET uri=/actuator/prometheus status=200 durationMs=67
2026-06-09 12:49:46 [INFO][module01-actuator] [http-nio-8080-exec-3] traceId=130a8d13-2f1e-4da0-9d37-2d944e08b346 c.w.a.g.log.RequestLoggingFilter - event=request_started method=GET uri=/actuator/prometheus
2026-06-09 12:49:46 [INFO][module01-actuator] [http-nio-8080-exec-3] traceId=130a8d13-2f1e-4da0-9d37-2d944e08b346 c.w.a.g.log.RequestLoggingFilter - event=request_completed method=GET uri=/actuator/prometheus status=200 durationMs=70
2026-06-09 12:49:51 [INFO][module01-actuator] [http-nio-8080-exec-5] traceId=b1150514-99fd-49e2-943a-d651c0422bfc c.w.a.g.log.RequestLoggingFilter - event=request_started method=GET uri=/actuator/prometheus
2026-06-09 12:49:51 [INFO][module01-actuator] [http-nio-8080-exec-5] traceId=b1150514-99fd-49e2-943a-d651c0422bfc c.w.a.g.log.RequestLoggingFilter - event=request_completed method=GET uri=/actuator/prometheus status=200 durationMs=75
2026-06-09 12:49:56 [INFO][module01-actuator] [http-nio-8080-exec-6] traceId=38e18395-c2d3-4247-9100-db086986a5eb c.w.a.g.log.RequestLoggingFilter - event=request_started method=GET uri=/actuator/prometheus
2026-06-09 12:49:56 [INFO][module01-actuator] [http-nio-8080-exec-6] traceId=38e18395-c2d3-4247-9100-db086986a5eb c.w.a.g.log.RequestLoggingFilter - event=request_completed method=GET uri=/actuator/prometheus status=200 durationMs=67
2026-06-09 12:50:01 [INFO][module01-actuator] [http-nio-8080-exec-7] traceId=03c53c8b-9401-4bc3-b1d9-b8181b9229cc c.w.a.g.log.RequestLoggingFilter - event=request_started method=GET uri=/actuator/prometheus
2026-06-09 12:50:01 [INFO][module01-actuator] [http-nio-8080-exec-7] traceId=03c53c8b-9401-4bc3-b1d9-b8181b9229cc c.w.a.g.log.RequestLoggingFilter - event=request_completed method=GET uri=/actuator/prometheus status=200 durationMs=74
2026-06-09 12:50:06 [INFO][module01-actuator] [http-nio-8080-exec-8] traceId=c38313fe-8485-48a1-90dd-c090f5f602f7 c.w.a.g.log.RequestLoggingFilter - event=request_started method=GET uri=/actuator/prometheus
2026-06-09 12:50:06 [INFO][module01-actuator] [http-nio-8080-exec-8] traceId=c38313fe-8485-48a1-90dd-c090f5f602f7 c.w.a.g.log.RequestLoggingFilter - event=request_completed method=GET uri=/actuator/prometheus status=200 durationMs=72
2026-06-09 12:50:11 [INFO][module01-actuator] [http-nio-8080-exec-10] traceId=fde75481-81fd-4492-ab03-a0a06797da04 c.w.a.g.log.RequestLoggingFilter - event=request_started method=GET uri=/actuator/prometheus
2026-06-09 12:50:11 [INFO][module01-actuator] [http-nio-8080-exec-10] traceId=fde75481-81fd-4492-ab03-a0a06797da04 c.w.a.g.log.RequestLoggingFilter - event=request_completed method=GET uri=/actuator/prometheus status=200 durationMs=64
2026-06-09 12:50:16 [INFO][module01-actuator] [http-nio-8080-exec-9] traceId=b98cbcc9-3113-4123-852a-cca6affbb7c4 c.w.a.g.log.RequestLoggingFilter - event=request_started method=GET uri=/actuator/prometheus
2026-06-09 12:50:16 [INFO][module01-actuator] [http-nio-8080-exec-9] traceId=b98cbcc9-3113-4123-852a-cca6affbb7c4 c.w.a.g.log.RequestLoggingFilter - event=request_completed method=GET uri=/actuator/prometheus status=200 durationMs=105
2026-06-09 12:50:21 [INFO][module01-actuator] [http-nio-8080-exec-1] traceId=b9238d60-ecaa-4ab2-b2ca-4ff27985c70b c.w.a.g.log.RequestLoggingFilter - event=request_started method=GET uri=/actuator/prometheus
2026-06-09 12:50:21 [INFO][module01-actuator] [http-nio-8080-exec-1] traceId=b9238d60-ecaa-4ab2-b2ca-4ff27985c70b c.w.a.g.log.RequestLoggingFilter - event=request_completed method=GET uri=/actuator/prometheus status=200 durationMs=83
2026-06-09 12:50:26 [INFO][module01-actuator] [http-nio-8080-exec-2] traceId=139af344-a519-46fc-b73e-fb267a5f4626 c.w.a.g.log.RequestLoggingFilter - event=request_started method=GET uri=/actuator/prometheus
2026-06-09 12:50:26 [INFO][module01-actuator] [http-nio-8080-exec-2] traceId=139af344-a519-46fc-b73e-fb267a5f4626 c.w.a.g.log.RequestLoggingFilter - event=request_completed method=GET uri=/actuator/prometheus status=200 durationMs=75
2026-06-09 12:50:31 [INFO][module01-actuator] [http-nio-8080-exec-4] traceId=f80cc524-5fb6-4c49-858d-d75fef0564d1 c.w.a.g.log.RequestLoggingFilter - event=request_started method=GET uri=/actuator/prometheus
2026-06-09 12:50:31 [INFO][module01-actuator] [http-nio-8080-exec-4] traceId=f80cc524-5fb6-4c49-858d-d75fef0564d1 c.w.a.g.log.RequestLoggingFilter - event=request_completed method=GET uri=/actuator/prometheus status=200 durationMs=74
2026-06-09 12:50:36 [INFO][module01-actuator] [http-nio-8080-exec-3] traceId=19ec0604-225a-465b-bd70-94d574495e9a c.w.a.g.log.RequestLoggingFilter - event=request_started method=GET uri=/actuator/prometheus
2026-06-09 12:50:36 [INFO][module01-actuator] [http-nio-8080-exec-3] traceId=19ec0604-225a-465b-bd70-94d574495e9a c.w.a.g.log.RequestLoggingFilter - event=request_completed method=GET uri=/actuator/prometheus status=200 durationMs=79
2026-06-09 12:50:41 [INFO][module01-actuator] [http-nio-8080-exec-5] traceId=4b8949a3-c227-4ee1-930d-81a8b48c2e6d c.w.a.g.log.RequestLoggingFilter - event=request_started method=GET uri=/actuator/prometheus
2026-06-09 12:50:41 [INFO][module01-actuator] [http-nio-8080-exec-5] traceId=4b8949a3-c227-4ee1-930d-81a8b48c2e6d c.w.a.g.log.RequestLoggingFilter - event=request_completed method=GET uri=/actuator/prometheus status=200 durationMs=49
2026-06-09 12:50:46 [INFO][module01-actuator] [http-nio-8080-exec-6] traceId=715367da-0cc1-4d6d-b2e7-d89c36408877 c.w.a.g.log.RequestLoggingFilter - event=request_started method=GET uri=/actuator/prometheus
2026-06-09 12:50:46 [INFO][module01-actuator] [http-nio-8080-exec-6] traceId=715367da-0cc1-4d6d-b2e7-d89c36408877 c.w.a.g.log.RequestLoggingFilter - event=request_completed method=GET uri=/actuator/prometheus status=200 durationMs=69
2026-06-09 12:50:51 [INFO][module01-actuator] [http-nio-8080-exec-7] traceId=d713436c-0461-46e1-a1b1-d0cf7985abf3 c.w.a.g.log.RequestLoggingFilter - event=request_started method=GET uri=/actuator/prometheus
2026-06-09 12:50:51 [INFO][module01-actuator] [http-nio-8080-exec-7] traceId=d713436c-0461-46e1-a1b1-d0cf7985abf3 c.w.a.g.log.RequestLoggingFilter - event=request_completed method=GET uri=/actuator/prometheus status=200 durationMs=69
2026-06-09 12:50:56 [INFO][module01-actuator] [http-nio-8080-exec-8] traceId=61f6d73b-594b-41d1-b57e-73b4ca653144 c.w.a.g.log.RequestLoggingFilter - event=request_started method=GET uri=/actuator/prometheus
2026-06-09 12:50:56 [INFO][module01-actuator] [http-nio-8080-exec-8] traceId=61f6d73b-594b-41d1-b57e-73b4ca653144 c.w.a.g.log.RequestLoggingFilter - event=request_completed method=GET uri=/actuator/prometheus status=200 durationMs=139
2026-06-09 12:51:01 [INFO][module01-actuator] [http-nio-8080-exec-10] traceId=3812cadb-95e8-46f0-9d8c-6c368e954302 c.w.a.g.log.RequestLoggingFilter - event=request_started method=GET uri=/actuator/prometheus
2026-06-09 12:51:01 [INFO][module01-actuator] [http-nio-8080-exec-10] traceId=3812cadb-95e8-46f0-9d8c-6c368e954302 c.w.a.g.log.RequestLoggingFilter - event=request_completed method=GET uri=/actuator/prometheus status=200 durationMs=83
2026-06-09 12:51:06 [INFO][module01-actuator] [http-nio-8080-exec-9] traceId=08564aaf-11f8-4f7a-a444-20985391fa91 c.w.a.g.log.RequestLoggingFilter - event=request_started method=GET uri=/actuator/prometheus
2026-06-09 12:51:06 [INFO][module01-actuator] [http-nio-8080-exec-9] traceId=08564aaf-11f8-4f7a-a444-20985391fa91 c.w.a.g.log.RequestLoggingFilter - event=request_completed method=GET uri=/actuator/prometheus status=200 durationMs=63
2026-06-09 12:51:11 [INFO][module01-actuator] [http-nio-8080-exec-1] traceId=aca6c1e8-60d4-4ae5-ae45-7a126bbdc775 c.w.a.g.log.RequestLoggingFilter - event=request_started method=GET uri=/actuator/prometheus
2026-06-09 12:51:11 [INFO][module01-actuator] [http-nio-8080-exec-1] traceId=aca6c1e8-60d4-4ae5-ae45-7a126bbdc775 c.w.a.g.log.RequestLoggingFilter - event=request_completed method=GET uri=/actuator/prometheus status=200 durationMs=75
2026-06-09 12:51:16 [INFO][module01-actuator] [http-nio-8080-exec-2] traceId=b4b4b8a0-5291-4e99-8a6d-6fc759e17787 c.w.a.g.log.RequestLoggingFilter - event=request_started method=GET uri=/actuator/prometheus
2026-06-09 12:51:16 [INFO][module01-actuator] [http-nio-8080-exec-2] traceId=b4b4b8a0-5291-4e99-8a6d-6fc759e17787 c.w.a.g.log.RequestLoggingFilter - event=request_completed method=GET uri=/actuator/prometheus status=200 durationMs=90
2026-06-09 12:51:21 [INFO][module01-actuator] [http-nio-8080-exec-4] traceId=5400e7ce-78e4-4994-b25c-960541f9d112 c.w.a.g.log.RequestLoggingFilter - event=request_started method=GET uri=/actuator/prometheus
2026-06-09 12:51:21 [INFO][module01-actuator] [http-nio-8080-exec-4] traceId=5400e7ce-78e4-4994-b25c-960541f9d112 c.w.a.g.log.RequestLoggingFilter - event=request_completed method=GET uri=/actuator/prometheus status=200 durationMs=70
2026-06-09 12:51:26 [INFO][module01-actuator] [http-nio-8080-exec-3] traceId=ac58c0b8-8f31-4df5-a5c3-ce80112b8839 c.w.a.g.log.RequestLoggingFilter - event=request_started method=GET uri=/actuator/prometheus
2026-06-09 12:51:26 [INFO][module01-actuator] [http-nio-8080-exec-3] traceId=ac58c0b8-8f31-4df5-a5c3-ce80112b8839 c.w.a.g.log.RequestLoggingFilter - event=request_completed method=GET uri=/actuator/prometheus status=200 durationMs=83
2026-06-09 12:51:31 [INFO][module01-actuator] [http-nio-8080-exec-5] traceId=adc0330a-eec7-4d89-98ab-b97c91d39261 c.w.a.g.log.RequestLoggingFilter - event=request_started method=GET uri=/actuator/prometheus
2026-06-09 12:51:31 [INFO][module01-actuator] [http-nio-8080-exec-5] traceId=adc0330a-eec7-4d89-98ab-b97c91d39261 c.w.a.g.log.RequestLoggingFilter - event=request_completed method=GET uri=/actuator/prometheus status=200 durationMs=67
2026-06-09 12:51:36 [INFO][module01-actuator] [http-nio-8080-exec-6] traceId=582c608c-f37f-4693-8021-5219f37fafa4 c.w.a.g.log.RequestLoggingFilter - event=request_started method=GET uri=/actuator/prometheus
2026-06-09 12:51:36 [INFO][module01-actuator] [http-nio-8080-exec-6] traceId=582c608c-f37f-4693-8021-5219f37fafa4 c.w.a.g.log.RequestLoggingFilter - event=request_completed method=GET uri=/actuator/prometheus status=200 durationMs=66
2026-06-09 12:51:41 [INFO][module01-actuator] [http-nio-8080-exec-7] traceId=f6b54db7-3947-406d-b118-e9c1524ace24 c.w.a.g.log.RequestLoggingFilter - event=request_started method=GET uri=/actuator/prometheus
2026-06-09 12:51:41 [INFO][module01-actuator] [http-nio-8080-exec-7] traceId=f6b54db7-3947-406d-b118-e9c1524ace24 c.w.a.g.log.RequestLoggingFilter - event=request_completed method=GET uri=/actuator/prometheus status=200 durationMs=89
2026-06-09 12:51:46 [INFO][module01-actuator] [http-nio-8080-exec-8] traceId=8f95b393-6234-440b-a4e4-63d77ec494f7 c.w.a.g.log.RequestLoggingFilter - event=request_started method=GET uri=/actuator/prometheus
2026-06-09 12:51:46 [INFO][module01-actuator] [http-nio-8080-exec-8] traceId=8f95b393-6234-440b-a4e4-63d77ec494f7 c.w.a.g.log.RequestLoggingFilter - event=request_completed method=GET uri=/actuator/prometheus status=200 durationMs=76
2026-06-09 12:51:51 [INFO][module01-actuator] [http-nio-8080-exec-10] traceId=0416b4e5-d26a-4077-a108-90623ff0bacb c.w.a.g.log.RequestLoggingFilter - event=request_started method=GET uri=/actuator/prometheus
2026-06-09 12:51:51 [INFO][module01-actuator] [http-nio-8080-exec-10] traceId=0416b4e5-d26a-4077-a108-90623ff0bacb c.w.a.g.log.RequestLoggingFilter - event=request_completed method=GET uri=/actuator/prometheus status=200 durationMs=80
2026-06-09 12:51:56 [INFO][module01-actuator] [http-nio-8080-exec-9] traceId=c3d7f358-c58b-4486-9e0b-2b31f9c88b8a c.w.a.g.log.RequestLoggingFilter - event=request_started method=GET uri=/actuator/prometheus
2026-06-09 12:51:56 [INFO][module01-actuator] [http-nio-8080-exec-9] traceId=c3d7f358-c58b-4486-9e0b-2b31f9c88b8a c.w.a.g.log.RequestLoggingFilter - event=request_completed method=GET uri=/actuator/prometheus status=200 durationMs=78
2026-06-09 12:52:01 [INFO][module01-actuator] [http-nio-8080-exec-1] traceId=2f4d229a-88c4-4582-b362-e084c408af1d c.w.a.g.log.RequestLoggingFilter - event=request_started method=GET uri=/actuator/prometheus
2026-06-09 12:52:01 [INFO][module01-actuator] [http-nio-8080-exec-1] traceId=2f4d229a-88c4-4582-b362-e084c408af1d c.w.a.g.log.RequestLoggingFilter - event=request_completed method=GET uri=/actuator/prometheus status=200 durationMs=63
2026-06-09 12:52:06 [INFO][module01-actuator] [http-nio-8080-exec-2] traceId=3dd6594a-204d-44a7-84e7-6dbab117b774 c.w.a.g.log.RequestLoggingFilter - event=request_started method=GET uri=/actuator/prometheus
2026-06-09 12:52:06 [INFO][module01-actuator] [http-nio-8080-exec-2] traceId=3dd6594a-204d-44a7-84e7-6dbab117b774 c.w.a.g.log.RequestLoggingFilter - event=request_completed method=GET uri=/actuator/prometheus status=200 durationMs=135
2026-06-09 12:52:11 [INFO][module01-actuator] [http-nio-8080-exec-4] traceId=d1e3665c-de4d-4924-99f7-89e97007811b c.w.a.g.log.RequestLoggingFilter - event=request_started method=GET uri=/actuator/prometheus
2026-06-09 12:52:11 [INFO][module01-actuator] [http-nio-8080-exec-4] traceId=d1e3665c-de4d-4924-99f7-89e97007811b c.w.a.g.log.RequestLoggingFilter - event=request_completed method=GET uri=/actuator/prometheus status=200 durationMs=90
2026-06-09 12:52:16 [INFO][module01-actuator] [http-nio-8080-exec-3] traceId=96f92389-8915-49db-9f1f-9fc598755cf7 c.w.a.g.log.RequestLoggingFilter - event=request_started method=GET uri=/actuator/prometheus
2026-06-09 12:52:16 [INFO][module01-actuator] [http-nio-8080-exec-3] traceId=96f92389-8915-49db-9f1f-9fc598755cf7 c.w.a.g.log.RequestLoggingFilter - event=request_completed method=GET uri=/actuator/prometheus status=200 durationMs=69
2026-06-09 12:52:21 [INFO][module01-actuator] [http-nio-8080-exec-5] traceId=71daa481-8565-4870-be1a-392815495513 c.w.a.g.log.RequestLoggingFilter - event=request_started method=GET uri=/actuator/prometheus
2026-06-09 12:52:21 [INFO][module01-actuator] [http-nio-8080-exec-5] traceId=71daa481-8565-4870-be1a-392815495513 c.w.a.g.log.RequestLoggingFilter - event=request_completed method=GET uri=/actuator/prometheus status=200 durationMs=63
2026-06-09 12:52:26 [INFO][module01-actuator] [http-nio-8080-exec-6] traceId=027f895e-8cb6-4f79-9f27-cd1e356fa490 c.w.a.g.log.RequestLoggingFilter - event=request_started method=GET uri=/actuator/prometheus
2026-06-09 12:52:26 [INFO][module01-actuator] [http-nio-8080-exec-6] traceId=027f895e-8cb6-4f79-9f27-cd1e356fa490 c.w.a.g.log.RequestLoggingFilter - event=request_completed method=GET uri=/actuator/prometheus status=200 durationMs=58
2026-06-09 12:52:31 [INFO][module01-actuator] [http-nio-8080-exec-7] traceId=99dd74bc-6e67-4d07-85ed-e094279caf2c c.w.a.g.log.RequestLoggingFilter - event=request_started method=GET uri=/actuator/prometheus
2026-06-09 12:52:31 [INFO][module01-actuator] [http-nio-8080-exec-7] traceId=99dd74bc-6e67-4d07-85ed-e094279caf2c c.w.a.g.log.RequestLoggingFilter - event=request_completed method=GET uri=/actuator/prometheus status=200 durationMs=70
2026-06-09 12:52:36 [INFO][module01-actuator] [http-nio-8080-exec-8] traceId=5ca4194d-84d8-425b-b80f-6185615cb0fa c.w.a.g.log.RequestLoggingFilter - event=request_started method=GET uri=/actuator/prometheus
2026-06-09 12:52:36 [INFO][module01-actuator] [http-nio-8080-exec-8] traceId=5ca4194d-84d8-425b-b80f-6185615cb0fa c.w.a.g.log.RequestLoggingFilter - event=request_completed method=GET uri=/actuator/prometheus status=200 durationMs=59
2026-06-09 12:52:41 [INFO][module01-actuator] [http-nio-8080-exec-10] traceId=753de567-e094-4a77-850c-eab89b98b466 c.w.a.g.log.RequestLoggingFilter - event=request_started method=GET uri=/actuator/prometheus
2026-06-09 12:52:41 [INFO][module01-actuator] [http-nio-8080-exec-10] traceId=753de567-e094-4a77-850c-eab89b98b466 c.w.a.g.log.RequestLoggingFilter - event=request_completed method=GET uri=/actuator/prometheus status=200 durationMs=62
2026-06-09 12:52:46 [INFO][module01-actuator] [http-nio-8080-exec-9] traceId=2cf9820c-a48e-4a97-9ba5-6d9bba729397 c.w.a.g.log.RequestLoggingFilter - event=request_started method=GET uri=/actuator/prometheus
2026-06-09 12:52:46 [INFO][module01-actuator] [http-nio-8080-exec-9] traceId=2cf9820c-a48e-4a97-9ba5-6d9bba729397 c.w.a.g.log.RequestLoggingFilter - event=request_completed method=GET uri=/actuator/prometheus status=200 durationMs=50
2026-06-09 12:52:51 [INFO][module01-actuator] [http-nio-8080-exec-1] traceId=d7431322-6192-42af-ba28-ff4b64296b4d c.w.a.g.log.RequestLoggingFilter - event=request_started method=GET uri=/actuator/prometheus
2026-06-09 12:52:51 [INFO][module01-actuator] [http-nio-8080-exec-1] traceId=d7431322-6192-42af-ba28-ff4b64296b4d c.w.a.g.log.RequestLoggingFilter - event=request_completed method=GET uri=/actuator/prometheus status=200 durationMs=71
2026-06-09 12:52:56 [INFO][module01-actuator] [http-nio-8080-exec-2] traceId=8fd96718-b258-4e56-b96b-e0a91bff0684 c.w.a.g.log.RequestLoggingFilter - event=request_started method=GET uri=/actuator/prometheus
2026-06-09 12:52:56 [INFO][module01-actuator] [http-nio-8080-exec-2] traceId=8fd96718-b258-4e56-b96b-e0a91bff0684 c.w.a.g.log.RequestLoggingFilter - event=request_completed method=GET uri=/actuator/prometheus status=200 durationMs=77
2026-06-09 12:53:01 [INFO][module01-actuator] [http-nio-8080-exec-4] traceId=d5d9212f-0bba-4682-b3b1-43c0fafc48f2 c.w.a.g.log.RequestLoggingFilter - event=request_started method=GET uri=/actuator/prometheus
2026-06-09 12:53:01 [INFO][module01-actuator] [http-nio-8080-exec-4] traceId=d5d9212f-0bba-4682-b3b1-43c0fafc48f2 c.w.a.g.log.RequestLoggingFilter - event=request_completed method=GET uri=/actuator/prometheus status=200 durationMs=63
2026-06-09 12:53:06 [INFO][module01-actuator] [http-nio-8080-exec-3] traceId=38d081ef-aade-4bb8-8976-489a3693073f c.w.a.g.log.RequestLoggingFilter - event=request_started method=GET uri=/actuator/prometheus
2026-06-09 12:53:06 [INFO][module01-actuator] [http-nio-8080-exec-3] traceId=38d081ef-aade-4bb8-8976-489a3693073f c.w.a.g.log.RequestLoggingFilter - event=request_completed method=GET uri=/actuator/prometheus status=200 durationMs=63
2026-06-09 12:53:11 [INFO][module01-actuator] [http-nio-8080-exec-5] traceId=ff1a81e3-da52-4019-bbf7-9291cbef82ab c.w.a.g.log.RequestLoggingFilter - event=request_started method=GET uri=/actuator/prometheus
2026-06-09 12:53:11 [INFO][module01-actuator] [http-nio-8080-exec-5] traceId=ff1a81e3-da52-4019-bbf7-9291cbef82ab c.w.a.g.log.RequestLoggingFilter - event=request_completed method=GET uri=/actuator/prometheus status=200 durationMs=66
2026-06-09 12:53:16 [INFO][module01-actuator] [http-nio-8080-exec-6] traceId=3c34cd46-b1e2-4a2b-b1e9-daf5f84cd2ae c.w.a.g.log.RequestLoggingFilter - event=request_started method=GET uri=/actuator/prometheus
2026-06-09 12:53:16 [INFO][module01-actuator] [http-nio-8080-exec-6] traceId=3c34cd46-b1e2-4a2b-b1e9-daf5f84cd2ae c.w.a.g.log.RequestLoggingFilter - event=request_completed method=GET uri=/actuator/prometheus status=200 durationMs=64
2026-06-09 12:53:21 [INFO][module01-actuator] [http-nio-8080-exec-7] traceId=4c394e72-ae37-4f84-a722-4787252e48dc c.w.a.g.log.RequestLoggingFilter - event=request_started method=GET uri=/actuator/prometheus
2026-06-09 12:53:21 [INFO][module01-actuator] [http-nio-8080-exec-7] traceId=4c394e72-ae37-4f84-a722-4787252e48dc c.w.a.g.log.RequestLoggingFilter - event=request_completed method=GET uri=/actuator/prometheus status=200 durationMs=69
2026-06-09 12:53:26 [INFO][module01-actuator] [http-nio-8080-exec-8] traceId=427c5d19-c4b4-40db-bc74-332654f382e9 c.w.a.g.log.RequestLoggingFilter - event=request_started method=GET uri=/actuator/prometheus
2026-06-09 12:53:26 [INFO][module01-actuator] [http-nio-8080-exec-8] traceId=427c5d19-c4b4-40db-bc74-332654f382e9 c.w.a.g.log.RequestLoggingFilter - event=request_completed method=GET uri=/actuator/prometheus status=200 durationMs=77
2026-06-09 12:53:31 [INFO][module01-actuator] [http-nio-8080-exec-10] traceId=31f7c94b-49e8-48fd-8319-aeac7cf1e61d c.w.a.g.log.RequestLoggingFilter - event=request_started method=GET uri=/actuator/prometheus
2026-06-09 12:53:31 [INFO][module01-actuator] [http-nio-8080-exec-10] traceId=31f7c94b-49e8-48fd-8319-aeac7cf1e61d c.w.a.g.log.RequestLoggingFilter - event=request_completed method=GET uri=/actuator/prometheus status=200 durationMs=70
2026-06-09 12:53:36 [INFO][module01-actuator] [http-nio-8080-exec-9] traceId=a165b05b-b800-49eb-92bb-6da229189ebd c.w.a.g.log.RequestLoggingFilter - event=request_started method=GET uri=/actuator/prometheus
2026-06-09 12:53:36 [INFO][module01-actuator] [http-nio-8080-exec-9] traceId=a165b05b-b800-49eb-92bb-6da229189ebd c.w.a.g.log.RequestLoggingFilter - event=request_completed method=GET uri=/actuator/prometheus status=200 durationMs=67
2026-06-09 12:53:41 [INFO][module01-actuator] [http-nio-8080-exec-1] traceId=c65614d7-aebe-465d-9391-be271f1ff90d c.w.a.g.log.RequestLoggingFilter - event=request_started method=GET uri=/actuator/prometheus
2026-06-09 12:53:41 [INFO][module01-actuator] [http-nio-8080-exec-1] traceId=c65614d7-aebe-465d-9391-be271f1ff90d c.w.a.g.log.RequestLoggingFilter - event=request_completed method=GET uri=/actuator/prometheus status=200 durationMs=80
2026-06-09 12:53:46 [INFO][module01-actuator] [http-nio-8080-exec-2] traceId=fd80793d-b0ab-440d-b052-75540ecdfdb0 c.w.a.g.log.RequestLoggingFilter - event=request_started method=GET uri=/actuator/prometheus
2026-06-09 12:53:46 [INFO][module01-actuator] [http-nio-8080-exec-2] traceId=fd80793d-b0ab-440d-b052-75540ecdfdb0 c.w.a.g.log.RequestLoggingFilter - event=request_completed method=GET uri=/actuator/prometheus status=200 durationMs=76
2026-06-09 12:53:51 [INFO][module01-actuator] [http-nio-8080-exec-4] traceId=eaef996d-c0ae-42a7-a4f5-5a740185fb11 c.w.a.g.log.RequestLoggingFilter - event=request_started method=GET uri=/actuator/prometheus
2026-06-09 12:53:51 [INFO][module01-actuator] [http-nio-8080-exec-4] traceId=eaef996d-c0ae-42a7-a4f5-5a740185fb11 c.w.a.g.log.RequestLoggingFilter - event=request_completed method=GET uri=/actuator/prometheus status=200 durationMs=111
2026-06-09 12:53:56 [INFO][module01-actuator] [http-nio-8080-exec-3] traceId=c8528097-3934-489e-8eec-640c1264be3e c.w.a.g.log.RequestLoggingFilter - event=request_started method=GET uri=/actuator/prometheus
2026-06-09 12:53:56 [INFO][module01-actuator] [http-nio-8080-exec-3] traceId=c8528097-3934-489e-8eec-640c1264be3e c.w.a.g.log.RequestLoggingFilter - event=request_completed method=GET uri=/actuator/prometheus status=200 durationMs=66
2026-06-09 12:54:01 [INFO][module01-actuator] [http-nio-8080-exec-5] traceId=252b8b27-c06e-46f5-a4aa-bb8bb498188e c.w.a.g.log.RequestLoggingFilter - event=request_started method=GET uri=/actuator/prometheus
2026-06-09 12:54:01 [INFO][module01-actuator] [http-nio-8080-exec-5] traceId=252b8b27-c06e-46f5-a4aa-bb8bb498188e c.w.a.g.log.RequestLoggingFilter - event=request_completed method=GET uri=/actuator/prometheus status=200 durationMs=63
2026-06-09 12:54:06 [INFO][module01-actuator] [http-nio-8080-exec-6] traceId=35f798bd-3e40-400d-8bef-b76cc6970c53 c.w.a.g.log.RequestLoggingFilter - event=request_started method=GET uri=/actuator/prometheus
2026-06-09 12:54:06 [INFO][module01-actuator] [http-nio-8080-exec-6] traceId=35f798bd-3e40-400d-8bef-b76cc6970c53 c.w.a.g.log.RequestLoggingFilter - event=request_completed method=GET uri=/actuator/prometheus status=200 durationMs=60
2026-06-09 12:54:11 [INFO][module01-actuator] [http-nio-8080-exec-7] traceId=869ca3db-2cc9-44dc-8365-03dda661900a c.w.a.g.log.RequestLoggingFilter - event=request_started method=GET uri=/actuator/prometheus
2026-06-09 12:54:11 [INFO][module01-actuator] [http-nio-8080-exec-7] traceId=869ca3db-2cc9-44dc-8365-03dda661900a c.w.a.g.log.RequestLoggingFilter - event=request_completed method=GET uri=/actuator/prometheus status=200 durationMs=79
2026-06-09 12:54:16 [INFO][module01-actuator] [http-nio-8080-exec-8] traceId=cf5e4ee9-dcf0-4b03-81bc-8a914ed2736e c.w.a.g.log.RequestLoggingFilter - event=request_started method=GET uri=/actuator/prometheus
2026-06-09 12:54:16 [INFO][module01-actuator] [http-nio-8080-exec-8] traceId=cf5e4ee9-dcf0-4b03-81bc-8a914ed2736e c.w.a.g.log.RequestLoggingFilter - event=request_completed method=GET uri=/actuator/prometheus status=200 durationMs=68
2026-06-09 12:54:21 [INFO][module01-actuator] [http-nio-8080-exec-10] traceId=c1b9f500-a92a-4909-8879-4eabe3aeb16c c.w.a.g.log.RequestLoggingFilter - event=request_started method=GET uri=/actuator/prometheus
2026-06-09 12:54:21 [INFO][module01-actuator] [http-nio-8080-exec-10] traceId=c1b9f500-a92a-4909-8879-4eabe3aeb16c c.w.a.g.log.RequestLoggingFilter - event=request_completed method=GET uri=/actuator/prometheus status=200 durationMs=72
2026-06-09 12:54:26 [INFO][module01-actuator] [http-nio-8080-exec-9] traceId=1e575a22-0472-4ff0-9729-805bfdf2afa4 c.w.a.g.log.RequestLoggingFilter - event=request_started method=GET uri=/actuator/prometheus
2026-06-09 12:54:26 [INFO][module01-actuator] [http-nio-8080-exec-9] traceId=1e575a22-0472-4ff0-9729-805bfdf2afa4 c.w.a.g.log.RequestLoggingFilter - event=request_completed method=GET uri=/actuator/prometheus status=200 durationMs=82
2026-06-09 12:54:31 [INFO][module01-actuator] [http-nio-8080-exec-1] traceId=25f99a99-145e-4fc3-8160-917bde0e6932 c.w.a.g.log.RequestLoggingFilter - event=request_started method=GET uri=/actuator/prometheus
2026-06-09 12:54:31 [INFO][module01-actuator] [http-nio-8080-exec-1] traceId=25f99a99-145e-4fc3-8160-917bde0e6932 c.w.a.g.log.RequestLoggingFilter - event=request_completed method=GET uri=/actuator/prometheus status=200 durationMs=66
2026-06-09 12:54:36 [INFO][module01-actuator] [http-nio-8080-exec-2] traceId=43b3788d-49e9-4b2b-9bce-b13cf1b8eeee c.w.a.g.log.RequestLoggingFilter - event=request_started method=GET uri=/actuator/prometheus
2026-06-09 12:54:36 [INFO][module01-actuator] [http-nio-8080-exec-2] traceId=43b3788d-49e9-4b2b-9bce-b13cf1b8eeee c.w.a.g.log.RequestLoggingFilter - event=request_completed method=GET uri=/actuator/prometheus status=200 durationMs=81
2026-06-09 12:54:41 [INFO][module01-actuator] [http-nio-8080-exec-4] traceId=bb9566b4-355d-44d3-997c-10dabc4f375d c.w.a.g.log.RequestLoggingFilter - event=request_started method=GET uri=/actuator/prometheus
2026-06-09 12:54:41 [INFO][module01-actuator] [http-nio-8080-exec-4] traceId=bb9566b4-355d-44d3-997c-10dabc4f375d c.w.a.g.log.RequestLoggingFilter - event=request_completed method=GET uri=/actuator/prometheus status=200 durationMs=83
2026-06-09 12:54:46 [INFO][module01-actuator] [http-nio-8080-exec-3] traceId=ddbb97f7-2b49-4e85-8b6e-24226e182307 c.w.a.g.log.RequestLoggingFilter - event=request_started method=GET uri=/actuator/prometheus
2026-06-09 12:54:46 [INFO][module01-actuator] [http-nio-8080-exec-3] traceId=ddbb97f7-2b49-4e85-8b6e-24226e182307 c.w.a.g.log.RequestLoggingFilter - event=request_completed method=GET uri=/actuator/prometheus status=200 durationMs=73
2026-06-09 12:54:51 [INFO][module01-actuator] [http-nio-8080-exec-5] traceId=ed987017-d809-4468-8a2e-22a57cfeb857 c.w.a.g.log.RequestLoggingFilter - event=request_started method=GET uri=/actuator/prometheus
2026-06-09 12:54:51 [INFO][module01-actuator] [http-nio-8080-exec-5] traceId=ed987017-d809-4468-8a2e-22a57cfeb857 c.w.a.g.log.RequestLoggingFilter - event=request_completed method=GET uri=/actuator/prometheus status=200 durationMs=71
2026-06-09 12:54:56 [INFO][module01-actuator] [http-nio-8080-exec-6] traceId=ebf22b1e-f6ab-4c62-b759-7767650cf6f5 c.w.a.g.log.RequestLoggingFilter - event=request_started method=GET uri=/actuator/prometheus
2026-06-09 12:54:56 [INFO][module01-actuator] [http-nio-8080-exec-6] traceId=ebf22b1e-f6ab-4c62-b759-7767650cf6f5 c.w.a.g.log.RequestLoggingFilter - event=request_completed method=GET uri=/actuator/prometheus status=200 durationMs=78
2026-06-09 12:55:01 [INFO][module01-actuator] [http-nio-8080-exec-7] traceId=9178ea26-608e-4b6c-af3b-445cb9a8d14b c.w.a.g.log.RequestLoggingFilter - event=request_started method=GET uri=/actuator/prometheus
2026-06-09 12:55:01 [INFO][module01-actuator] [http-nio-8080-exec-7] traceId=9178ea26-608e-4b6c-af3b-445cb9a8d14b c.w.a.g.log.RequestLoggingFilter - event=request_completed method=GET uri=/actuator/prometheus status=200 durationMs=107
2026-06-09 12:55:06 [INFO][module01-actuator] [http-nio-8080-exec-8] traceId=27c492f8-4235-4d0c-b6c7-3b322e410670 c.w.a.g.log.RequestLoggingFilter - event=request_started method=GET uri=/actuator/prometheus
2026-06-09 12:55:06 [INFO][module01-actuator] [http-nio-8080-exec-8] traceId=27c492f8-4235-4d0c-b6c7-3b322e410670 c.w.a.g.log.RequestLoggingFilter - event=request_completed method=GET uri=/actuator/prometheus status=200 durationMs=78
2026-06-09 12:55:11 [INFO][module01-actuator] [http-nio-8080-exec-10] traceId=852bd8a4-a566-4943-be79-191a3ebdd23e c.w.a.g.log.RequestLoggingFilter - event=request_started method=GET uri=/actuator/prometheus
2026-06-09 12:55:11 [INFO][module01-actuator] [http-nio-8080-exec-10] traceId=852bd8a4-a566-4943-be79-191a3ebdd23e c.w.a.g.log.RequestLoggingFilter - event=request_completed method=GET uri=/actuator/prometheus status=200 durationMs=71
2026-06-09 12:55:16 [INFO][module01-actuator] [http-nio-8080-exec-9] traceId=6b3b4257-3feb-4f8c-a63f-91c7d56f4d55 c.w.a.g.log.RequestLoggingFilter - event=request_started method=GET uri=/actuator/prometheus
2026-06-09 12:55:16 [INFO][module01-actuator] [http-nio-8080-exec-9] traceId=6b3b4257-3feb-4f8c-a63f-91c7d56f4d55 c.w.a.g.log.RequestLoggingFilter - event=request_completed method=GET uri=/actuator/prometheus status=200 durationMs=80
2026-06-09 12:55:21 [INFO][module01-actuator] [http-nio-8080-exec-1] traceId=05aac531-b5e6-4883-99c6-714d87b756f1 c.w.a.g.log.RequestLoggingFilter - event=request_started method=GET uri=/actuator/prometheus
2026-06-09 12:55:21 [INFO][module01-actuator] [http-nio-8080-exec-1] traceId=05aac531-b5e6-4883-99c6-714d87b756f1 c.w.a.g.log.RequestLoggingFilter - event=request_completed method=GET uri=/actuator/prometheus status=200 durationMs=75
2026-06-09 12:55:26 [INFO][module01-actuator] [http-nio-8080-exec-2] traceId=25f0524e-8e2e-4f74-86e8-4921d7838537 c.w.a.g.log.RequestLoggingFilter - event=request_started method=GET uri=/actuator/prometheus
2026-06-09 12:55:26 [INFO][module01-actuator] [http-nio-8080-exec-2] traceId=25f0524e-8e2e-4f74-86e8-4921d7838537 c.w.a.g.log.RequestLoggingFilter - event=request_completed method=GET uri=/actuator/prometheus status=200 durationMs=69
2026-06-09 12:55:31 [INFO][module01-actuator] [http-nio-8080-exec-4] traceId=aa98a7ae-e167-4b7b-948c-fe73668510be c.w.a.g.log.RequestLoggingFilter - event=request_started method=GET uri=/actuator/prometheus
2026-06-09 12:55:31 [INFO][module01-actuator] [http-nio-8080-exec-4] traceId=aa98a7ae-e167-4b7b-948c-fe73668510be c.w.a.g.log.RequestLoggingFilter - event=request_completed method=GET uri=/actuator/prometheus status=200 durationMs=72
2026-06-09 12:55:36 [INFO][module01-actuator] [http-nio-8080-exec-3] traceId=5c4316ec-5bbc-4408-be39-36a576d6ca46 c.w.a.g.log.RequestLoggingFilter - event=request_started method=GET uri=/actuator/prometheus
2026-06-09 12:55:36 [INFO][module01-actuator] [http-nio-8080-exec-3] traceId=5c4316ec-5bbc-4408-be39-36a576d6ca46 c.w.a.g.log.RequestLoggingFilter - event=request_completed method=GET uri=/actuator/prometheus status=200 durationMs=73
2026-06-09 12:55:41 [INFO][module01-actuator] [http-nio-8080-exec-5] traceId=5d188ae6-433a-46fd-b3a2-a256ea14eebb c.w.a.g.log.RequestLoggingFilter - event=request_started method=GET uri=/actuator/prometheus
2026-06-09 12:55:41 [INFO][module01-actuator] [http-nio-8080-exec-5] traceId=5d188ae6-433a-46fd-b3a2-a256ea14eebb c.w.a.g.log.RequestLoggingFilter - event=request_completed method=GET uri=/actuator/prometheus status=200 durationMs=47
2026-06-09 12:55:46 [INFO][module01-actuator] [http-nio-8080-exec-6] traceId=2ddefd76-ae10-49ed-bc84-d57daf876d55 c.w.a.g.log.RequestLoggingFilter - event=request_started method=GET uri=/actuator/prometheus
2026-06-09 12:55:46 [INFO][module01-actuator] [http-nio-8080-exec-6] traceId=2ddefd76-ae10-49ed-bc84-d57daf876d55 c.w.a.g.log.RequestLoggingFilter - event=request_completed method=GET uri=/actuator/prometheus status=200 durationMs=64
2026-06-09 12:55:51 [INFO][module01-actuator] [http-nio-8080-exec-7] traceId=bc1dd454-f542-4e3b-8b18-23670b8feca8 c.w.a.g.log.RequestLoggingFilter - event=request_started method=GET uri=/actuator/prometheus
2026-06-09 12:55:51 [INFO][module01-actuator] [http-nio-8080-exec-7] traceId=bc1dd454-f542-4e3b-8b18-23670b8feca8 c.w.a.g.log.RequestLoggingFilter - event=request_completed method=GET uri=/actuator/prometheus status=200 durationMs=72
2026-06-09 12:55:56 [INFO][module01-actuator] [http-nio-8080-exec-8] traceId=d512693e-3df5-48d1-84c1-4b7667fa9989 c.w.a.g.log.RequestLoggingFilter - event=request_started method=GET uri=/actuator/prometheus
2026-06-09 12:55:56 [INFO][module01-actuator] [http-nio-8080-exec-8] traceId=d512693e-3df5-48d1-84c1-4b7667fa9989 c.w.a.g.log.RequestLoggingFilter - event=request_completed method=GET uri=/actuator/prometheus status=200 durationMs=57
2026-06-09 12:56:01 [INFO][module01-actuator] [http-nio-8080-exec-10] traceId=6420c5e8-dca5-42fe-b507-d636b0b1ea4b c.w.a.g.log.RequestLoggingFilter - event=request_started method=GET uri=/actuator/prometheus
2026-06-09 12:56:01 [INFO][module01-actuator] [http-nio-8080-exec-10] traceId=6420c5e8-dca5-42fe-b507-d636b0b1ea4b c.w.a.g.log.RequestLoggingFilter - event=request_completed method=GET uri=/actuator/prometheus status=200 durationMs=76
2026-06-09 12:56:06 [INFO][module01-actuator] [http-nio-8080-exec-9] traceId=188c85ee-383a-4f4f-bd9e-61dd715e7aac c.w.a.g.log.RequestLoggingFilter - event=request_started method=GET uri=/actuator/prometheus
2026-06-09 12:56:06 [INFO][module01-actuator] [http-nio-8080-exec-9] traceId=188c85ee-383a-4f4f-bd9e-61dd715e7aac c.w.a.g.log.RequestLoggingFilter - event=request_completed method=GET uri=/actuator/prometheus status=200 durationMs=70
2026-06-09 12:56:11 [INFO][module01-actuator] [http-nio-8080-exec-1] traceId=39b99e81-972c-483c-a916-90387783f819 c.w.a.g.log.RequestLoggingFilter - event=request_started method=GET uri=/actuator/prometheus
2026-06-09 12:56:11 [INFO][module01-actuator] [http-nio-8080-exec-1] traceId=39b99e81-972c-483c-a916-90387783f819 c.w.a.g.log.RequestLoggingFilter - event=request_completed method=GET uri=/actuator/prometheus status=200 durationMs=150
2026-06-09 12:56:16 [INFO][module01-actuator] [http-nio-8080-exec-2] traceId=d1565c26-f225-4ff6-9e10-59d9cfbc5411 c.w.a.g.log.RequestLoggingFilter - event=request_started method=GET uri=/actuator/prometheus
2026-06-09 12:56:16 [INFO][module01-actuator] [http-nio-8080-exec-2] traceId=d1565c26-f225-4ff6-9e10-59d9cfbc5411 c.w.a.g.log.RequestLoggingFilter - event=request_completed method=GET uri=/actuator/prometheus status=200 durationMs=73
2026-06-09 12:56:21 [INFO][module01-actuator] [http-nio-8080-exec-4] traceId=a7467b08-103f-4737-9b99-c8e7caa93f1c c.w.a.g.log.RequestLoggingFilter - event=request_started method=GET uri=/actuator/prometheus
2026-06-09 12:56:21 [INFO][module01-actuator] [http-nio-8080-exec-4] traceId=a7467b08-103f-4737-9b99-c8e7caa93f1c c.w.a.g.log.RequestLoggingFilter - event=request_completed method=GET uri=/actuator/prometheus status=200 durationMs=65
2026-06-09 12:56:26 [INFO][module01-actuator] [http-nio-8080-exec-3] traceId=f03c8c7c-3116-4bc6-aa9e-7f09b1b1bb71 c.w.a.g.log.RequestLoggingFilter - event=request_started method=GET uri=/actuator/prometheus
2026-06-09 12:56:26 [INFO][module01-actuator] [http-nio-8080-exec-3] traceId=f03c8c7c-3116-4bc6-aa9e-7f09b1b1bb71 c.w.a.g.log.RequestLoggingFilter - event=request_completed method=GET uri=/actuator/prometheus status=200 durationMs=81
2026-06-09 12:56:31 [INFO][module01-actuator] [http-nio-8080-exec-5] traceId=835b3939-3751-48a6-8a77-29bc3c23690e c.w.a.g.log.RequestLoggingFilter - event=request_started method=GET uri=/actuator/prometheus
2026-06-09 12:56:31 [INFO][module01-actuator] [http-nio-8080-exec-5] traceId=835b3939-3751-48a6-8a77-29bc3c23690e c.w.a.g.log.RequestLoggingFilter - event=request_completed method=GET uri=/actuator/prometheus status=200 durationMs=74
2026-06-09 12:56:36 [INFO][module01-actuator] [http-nio-8080-exec-6] traceId=d53d5b27-f4d4-441a-aa0e-82851b7e69f1 c.w.a.g.log.RequestLoggingFilter - event=request_started method=GET uri=/actuator/prometheus
2026-06-09 12:56:36 [INFO][module01-actuator] [http-nio-8080-exec-6] traceId=d53d5b27-f4d4-441a-aa0e-82851b7e69f1 c.w.a.g.log.RequestLoggingFilter - event=request_completed method=GET uri=/actuator/prometheus status=200 durationMs=67
2026-06-09 12:56:41 [INFO][module01-actuator] [http-nio-8080-exec-7] traceId=46a53199-541d-4952-a471-5d0dee3e6e2a c.w.a.g.log.RequestLoggingFilter - event=request_started method=GET uri=/actuator/prometheus
2026-06-09 12:56:41 [INFO][module01-actuator] [http-nio-8080-exec-7] traceId=46a53199-541d-4952-a471-5d0dee3e6e2a c.w.a.g.log.RequestLoggingFilter - event=request_completed method=GET uri=/actuator/prometheus status=200 durationMs=69
2026-06-09 12:56:46 [INFO][module01-actuator] [http-nio-8080-exec-8] traceId=de88b08f-93bf-44d8-a7cb-535f9f20de5a c.w.a.g.log.RequestLoggingFilter - event=request_started method=GET uri=/actuator/prometheus
2026-06-09 12:56:46 [INFO][module01-actuator] [http-nio-8080-exec-8] traceId=de88b08f-93bf-44d8-a7cb-535f9f20de5a c.w.a.g.log.RequestLoggingFilter - event=request_completed method=GET uri=/actuator/prometheus status=200 durationMs=58
2026-06-09 12:56:51 [INFO][module01-actuator] [http-nio-8080-exec-10] traceId=c86bb399-591b-433d-95e5-5ed2aeb39b5e c.w.a.g.log.RequestLoggingFilter - event=request_started method=GET uri=/actuator/prometheus
2026-06-09 12:56:51 [INFO][module01-actuator] [http-nio-8080-exec-10] traceId=c86bb399-591b-433d-95e5-5ed2aeb39b5e c.w.a.g.log.RequestLoggingFilter - event=request_completed method=GET uri=/actuator/prometheus status=200 durationMs=67
2026-06-09 12:56:56 [INFO][module01-actuator] [http-nio-8080-exec-9] traceId=3a0bc3bd-f82c-412c-97eb-5e606ba6b141 c.w.a.g.log.RequestLoggingFilter - event=request_started method=GET uri=/actuator/prometheus
2026-06-09 12:56:56 [INFO][module01-actuator] [http-nio-8080-exec-9] traceId=3a0bc3bd-f82c-412c-97eb-5e606ba6b141 c.w.a.g.log.RequestLoggingFilter - event=request_completed method=GET uri=/actuator/prometheus status=200 durationMs=74
2026-06-09 12:57:01 [INFO][module01-actuator] [http-nio-8080-exec-1] traceId=c855a2e3-7d51-44db-85dc-d07dafd75d63 c.w.a.g.log.RequestLoggingFilter - event=request_started method=GET uri=/actuator/prometheus
2026-06-09 12:57:01 [INFO][module01-actuator] [http-nio-8080-exec-1] traceId=c855a2e3-7d51-44db-85dc-d07dafd75d63 c.w.a.g.log.RequestLoggingFilter - event=request_completed method=GET uri=/actuator/prometheus status=200 durationMs=68
2026-06-09 12:57:06 [INFO][module01-actuator] [http-nio-8080-exec-2] traceId=e41c6b43-fe47-4980-b7f0-54c013c54cfb c.w.a.g.log.RequestLoggingFilter - event=request_started method=GET uri=/actuator/prometheus
2026-06-09 12:57:06 [INFO][module01-actuator] [http-nio-8080-exec-2] traceId=e41c6b43-fe47-4980-b7f0-54c013c54cfb c.w.a.g.log.RequestLoggingFilter - event=request_completed method=GET uri=/actuator/prometheus status=200 durationMs=123
2026-06-09 12:57:11 [INFO][module01-actuator] [http-nio-8080-exec-4] traceId=ba9a53c0-52d8-4171-b1b8-b34f33045d93 c.w.a.g.log.RequestLoggingFilter - event=request_started method=GET uri=/actuator/prometheus
2026-06-09 12:57:11 [INFO][module01-actuator] [http-nio-8080-exec-4] traceId=ba9a53c0-52d8-4171-b1b8-b34f33045d93 c.w.a.g.log.RequestLoggingFilter - event=request_completed method=GET uri=/actuator/prometheus status=200 durationMs=77
2026-06-09 12:57:16 [INFO][module01-actuator] [http-nio-8080-exec-3] traceId=7ffeae7a-ee0b-416d-9f9a-bc64572a69f1 c.w.a.g.log.RequestLoggingFilter - event=request_started method=GET uri=/actuator/prometheus
2026-06-09 12:57:16 [INFO][module01-actuator] [http-nio-8080-exec-3] traceId=7ffeae7a-ee0b-416d-9f9a-bc64572a69f1 c.w.a.g.log.RequestLoggingFilter - event=request_completed method=GET uri=/actuator/prometheus status=200 durationMs=74
2026-06-09 12:57:21 [INFO][module01-actuator] [http-nio-8080-exec-5] traceId=9b66664f-a426-4cc7-805d-e8fd28ef3b79 c.w.a.g.log.RequestLoggingFilter - event=request_started method=GET uri=/actuator/prometheus
2026-06-09 12:57:21 [INFO][module01-actuator] [http-nio-8080-exec-5] traceId=9b66664f-a426-4cc7-805d-e8fd28ef3b79 c.w.a.g.log.RequestLoggingFilter - event=request_completed method=GET uri=/actuator/prometheus status=200 durationMs=75
2026-06-09 12:57:26 [INFO][module01-actuator] [http-nio-8080-exec-6] traceId=7c8231e4-c999-460f-b433-a9fc170cfeab c.w.a.g.log.RequestLoggingFilter - event=request_started method=GET uri=/actuator/prometheus
2026-06-09 12:57:26 [INFO][module01-actuator] [http-nio-8080-exec-6] traceId=7c8231e4-c999-460f-b433-a9fc170cfeab c.w.a.g.log.RequestLoggingFilter - event=request_completed method=GET uri=/actuator/prometheus status=200 durationMs=76
2026-06-09 12:57:31 [INFO][module01-actuator] [http-nio-8080-exec-7] traceId=181749e9-9b92-4377-90e2-d838f569e595 c.w.a.g.log.RequestLoggingFilter - event=request_started method=GET uri=/actuator/prometheus
2026-06-09 12:57:31 [INFO][module01-actuator] [http-nio-8080-exec-7] traceId=181749e9-9b92-4377-90e2-d838f569e595 c.w.a.g.log.RequestLoggingFilter - event=request_completed method=GET uri=/actuator/prometheus status=200 durationMs=75
2026-06-09 12:57:36 [INFO][module01-actuator] [http-nio-8080-exec-8] traceId=fabdcb81-cf73-4bd5-8c7f-15960a08e0b7 c.w.a.g.log.RequestLoggingFilter - event=request_started method=GET uri=/actuator/prometheus
2026-06-09 12:57:36 [INFO][module01-actuator] [http-nio-8080-exec-8] traceId=fabdcb81-cf73-4bd5-8c7f-15960a08e0b7 c.w.a.g.log.RequestLoggingFilter - event=request_completed method=GET uri=/actuator/prometheus status=200 durationMs=70
2026-06-09 12:57:41 [INFO][module01-actuator] [http-nio-8080-exec-10] traceId=6fb7a68a-431f-4026-ab60-bb8459cf9ab5 c.w.a.g.log.RequestLoggingFilter - event=request_started method=GET uri=/actuator/prometheus
2026-06-09 12:57:41 [INFO][module01-actuator] [http-nio-8080-exec-10] traceId=6fb7a68a-431f-4026-ab60-bb8459cf9ab5 c.w.a.g.log.RequestLoggingFilter - event=request_completed method=GET uri=/actuator/prometheus status=200 durationMs=79
2026-06-09 12:57:46 [INFO][module01-actuator] [http-nio-8080-exec-9] traceId=16f307eb-a9d8-4cfd-840b-6e12e7b432e7 c.w.a.g.log.RequestLoggingFilter - event=request_started method=GET uri=/actuator/prometheus
2026-06-09 12:57:46 [INFO][module01-actuator] [http-nio-8080-exec-9] traceId=16f307eb-a9d8-4cfd-840b-6e12e7b432e7 c.w.a.g.log.RequestLoggingFilter - event=request_completed method=GET uri=/actuator/prometheus status=200 durationMs=54
2026-06-09 12:57:51 [INFO][module01-actuator] [http-nio-8080-exec-1] traceId=8211f537-3e43-470f-8df5-3983554b3617 c.w.a.g.log.RequestLoggingFilter - event=request_started method=GET uri=/actuator/prometheus
2026-06-09 12:57:51 [INFO][module01-actuator] [http-nio-8080-exec-1] traceId=8211f537-3e43-470f-8df5-3983554b3617 c.w.a.g.log.RequestLoggingFilter - event=request_completed method=GET uri=/actuator/prometheus status=200 durationMs=83
2026-06-09 12:57:56 [INFO][module01-actuator] [http-nio-8080-exec-2] traceId=8f81d6bd-bcf6-43b3-9d58-ece08c877d19 c.w.a.g.log.RequestLoggingFilter - event=request_started method=GET uri=/actuator/prometheus
2026-06-09 12:57:56 [INFO][module01-actuator] [http-nio-8080-exec-2] traceId=8f81d6bd-bcf6-43b3-9d58-ece08c877d19 c.w.a.g.log.RequestLoggingFilter - event=request_completed method=GET uri=/actuator/prometheus status=200 durationMs=86
2026-06-09 12:58:01 [INFO][module01-actuator] [http-nio-8080-exec-4] traceId=20c72489-0b2f-4655-aadd-ae9491f7be98 c.w.a.g.log.RequestLoggingFilter - event=request_started method=GET uri=/actuator/prometheus
2026-06-09 12:58:01 [INFO][module01-actuator] [http-nio-8080-exec-4] traceId=20c72489-0b2f-4655-aadd-ae9491f7be98 c.w.a.g.log.RequestLoggingFilter - event=request_completed method=GET uri=/actuator/prometheus status=200 durationMs=59
2026-06-09 12:58:06 [INFO][module01-actuator] [http-nio-8080-exec-3] traceId=344132fe-a465-4183-964c-f4a7ab34251d c.w.a.g.log.RequestLoggingFilter - event=request_started method=GET uri=/actuator/prometheus
2026-06-09 12:58:06 [INFO][module01-actuator] [http-nio-8080-exec-3] traceId=344132fe-a465-4183-964c-f4a7ab34251d c.w.a.g.log.RequestLoggingFilter - event=request_completed method=GET uri=/actuator/prometheus status=200 durationMs=83
2026-06-09 12:58:11 [INFO][module01-actuator] [http-nio-8080-exec-5] traceId=5b1c44b1-16b8-4c2e-85b4-7ec6d6b179c0 c.w.a.g.log.RequestLoggingFilter - event=request_started method=GET uri=/actuator/prometheus
2026-06-09 12:58:11 [INFO][module01-actuator] [http-nio-8080-exec-5] traceId=5b1c44b1-16b8-4c2e-85b4-7ec6d6b179c0 c.w.a.g.log.RequestLoggingFilter - event=request_completed method=GET uri=/actuator/prometheus status=200 durationMs=81
2026-06-09 12:58:16 [INFO][module01-actuator] [http-nio-8080-exec-6] traceId=d7c14fac-5e7a-4454-ba71-d8d4adb81c0c c.w.a.g.log.RequestLoggingFilter - event=request_started method=GET uri=/actuator/prometheus
2026-06-09 12:58:16 [INFO][module01-actuator] [http-nio-8080-exec-6] traceId=d7c14fac-5e7a-4454-ba71-d8d4adb81c0c c.w.a.g.log.RequestLoggingFilter - event=request_completed method=GET uri=/actuator/prometheus status=200 durationMs=79
2026-06-09 12:58:21 [INFO][module01-actuator] [http-nio-8080-exec-7] traceId=135a722f-fc8f-4e3f-a191-15ae968274e9 c.w.a.g.log.RequestLoggingFilter - event=request_started method=GET uri=/actuator/prometheus
2026-06-09 12:58:21 [INFO][module01-actuator] [http-nio-8080-exec-7] traceId=135a722f-fc8f-4e3f-a191-15ae968274e9 c.w.a.g.log.RequestLoggingFilter - event=request_completed method=GET uri=/actuator/prometheus status=200 durationMs=73
2026-06-09 12:58:26 [INFO][module01-actuator] [http-nio-8080-exec-8] traceId=53eb395f-df7d-4883-b994-52e39c7a00cb c.w.a.g.log.RequestLoggingFilter - event=request_started method=GET uri=/actuator/prometheus
2026-06-09 12:58:26 [INFO][module01-actuator] [http-nio-8080-exec-8] traceId=53eb395f-df7d-4883-b994-52e39c7a00cb c.w.a.g.log.RequestLoggingFilter - event=request_completed method=GET uri=/actuator/prometheus status=200 durationMs=84
2026-06-09 12:58:31 [INFO][module01-actuator] [http-nio-8080-exec-10] traceId=b33d7421-97f3-46c9-a1fa-d141a496c33e c.w.a.g.log.RequestLoggingFilter - event=request_started method=GET uri=/actuator/prometheus
2026-06-09 12:58:31 [INFO][module01-actuator] [http-nio-8080-exec-10] traceId=b33d7421-97f3-46c9-a1fa-d141a496c33e c.w.a.g.log.RequestLoggingFilter - event=request_completed method=GET uri=/actuator/prometheus status=200 durationMs=76
2026-06-09 12:58:36 [INFO][module01-actuator] [http-nio-8080-exec-9] traceId=572c317d-9f75-4148-9591-ae0427943bc6 c.w.a.g.log.RequestLoggingFilter - event=request_started method=GET uri=/actuator/prometheus
2026-06-09 12:58:36 [INFO][module01-actuator] [http-nio-8080-exec-9] traceId=572c317d-9f75-4148-9591-ae0427943bc6 c.w.a.g.log.RequestLoggingFilter - event=request_completed method=GET uri=/actuator/prometheus status=200 durationMs=56
2026-06-09 12:58:41 [INFO][module01-actuator] [http-nio-8080-exec-1] traceId=23ff5f8d-d5c3-4d1b-8a39-2a30a92ba38c c.w.a.g.log.RequestLoggingFilter - event=request_started method=GET uri=/actuator/prometheus
2026-06-09 12:58:41 [INFO][module01-actuator] [http-nio-8080-exec-1] traceId=23ff5f8d-d5c3-4d1b-8a39-2a30a92ba38c c.w.a.g.log.RequestLoggingFilter - event=request_completed method=GET uri=/actuator/prometheus status=200 durationMs=91
2026-06-09 12:58:46 [INFO][module01-actuator] [http-nio-8080-exec-2] traceId=88aa2e02-732f-49b4-ba6b-ed34ed8a20b4 c.w.a.g.log.RequestLoggingFilter - event=request_started method=GET uri=/actuator/prometheus
2026-06-09 12:58:46 [INFO][module01-actuator] [http-nio-8080-exec-2] traceId=88aa2e02-732f-49b4-ba6b-ed34ed8a20b4 c.w.a.g.log.RequestLoggingFilter - event=request_completed method=GET uri=/actuator/prometheus status=200 durationMs=126
2026-06-09 12:58:51 [INFO][module01-actuator] [http-nio-8080-exec-4] traceId=91030600-c619-421b-94e4-a53bf779cca4 c.w.a.g.log.RequestLoggingFilter - event=request_started method=GET uri=/actuator/prometheus
2026-06-09 12:58:51 [INFO][module01-actuator] [http-nio-8080-exec-4] traceId=91030600-c619-421b-94e4-a53bf779cca4 c.w.a.g.log.RequestLoggingFilter - event=request_completed method=GET uri=/actuator/prometheus status=200 durationMs=74
2026-06-09 12:58:56 [INFO][module01-actuator] [http-nio-8080-exec-3] traceId=222dad04-4f86-4c43-99fe-8a1ca5e6691a c.w.a.g.log.RequestLoggingFilter - event=request_started method=GET uri=/actuator/prometheus
2026-06-09 12:58:56 [INFO][module01-actuator] [http-nio-8080-exec-3] traceId=222dad04-4f86-4c43-99fe-8a1ca5e6691a c.w.a.g.log.RequestLoggingFilter - event=request_completed method=GET uri=/actuator/prometheus status=200 durationMs=82
2026-06-09 12:59:01 [INFO][module01-actuator] [http-nio-8080-exec-5] traceId=cd419c33-4a6b-4137-bf79-11867f193b73 c.w.a.g.log.RequestLoggingFilter - event=request_started method=GET uri=/actuator/prometheus
2026-06-09 12:59:01 [INFO][module01-actuator] [http-nio-8080-exec-5] traceId=cd419c33-4a6b-4137-bf79-11867f193b73 c.w.a.g.log.RequestLoggingFilter - event=request_completed method=GET uri=/actuator/prometheus status=200 durationMs=77
2026-06-09 12:59:06 [INFO][module01-actuator] [http-nio-8080-exec-6] traceId=0b6619af-a791-4704-92c3-4eeaf516d9ff c.w.a.g.log.RequestLoggingFilter - event=request_started method=GET uri=/actuator/prometheus
2026-06-09 12:59:06 [INFO][module01-actuator] [http-nio-8080-exec-6] traceId=0b6619af-a791-4704-92c3-4eeaf516d9ff c.w.a.g.log.RequestLoggingFilter - event=request_completed method=GET uri=/actuator/prometheus status=200 durationMs=93
2026-06-09 12:59:11 [INFO][module01-actuator] [http-nio-8080-exec-7] traceId=2c2cbaec-0b4b-4af0-9999-e725a4f8c14b c.w.a.g.log.RequestLoggingFilter - event=request_started method=GET uri=/actuator/prometheus
2026-06-09 12:59:11 [INFO][module01-actuator] [http-nio-8080-exec-7] traceId=2c2cbaec-0b4b-4af0-9999-e725a4f8c14b c.w.a.g.log.RequestLoggingFilter - event=request_completed method=GET uri=/actuator/prometheus status=200 durationMs=79
2026-06-09 12:59:16 [INFO][module01-actuator] [http-nio-8080-exec-8] traceId=6b883b13-5bfc-4f13-be56-db2bbbdf712c c.w.a.g.log.RequestLoggingFilter - event=request_started method=GET uri=/actuator/prometheus
2026-06-09 12:59:16 [INFO][module01-actuator] [http-nio-8080-exec-8] traceId=6b883b13-5bfc-4f13-be56-db2bbbdf712c c.w.a.g.log.RequestLoggingFilter - event=request_completed method=GET uri=/actuator/prometheus status=200 durationMs=64
2026-06-09 12:59:21 [INFO][module01-actuator] [http-nio-8080-exec-10] traceId=991f8d3d-8d53-4100-8c91-fb0fcbef2ff9 c.w.a.g.log.RequestLoggingFilter - event=request_started method=GET uri=/actuator/prometheus
2026-06-09 12:59:21 [INFO][module01-actuator] [http-nio-8080-exec-10] traceId=991f8d3d-8d53-4100-8c91-fb0fcbef2ff9 c.w.a.g.log.RequestLoggingFilter - event=request_completed method=GET uri=/actuator/prometheus status=200 durationMs=71
2026-06-09 12:59:26 [INFO][module01-actuator] [http-nio-8080-exec-9] traceId=9e7aefb9-8680-49ee-8e8f-8d5f8c1a2ff3 c.w.a.g.log.RequestLoggingFilter - event=request_started method=GET uri=/actuator/prometheus
2026-06-09 12:59:26 [INFO][module01-actuator] [http-nio-8080-exec-9] traceId=9e7aefb9-8680-49ee-8e8f-8d5f8c1a2ff3 c.w.a.g.log.RequestLoggingFilter - event=request_completed method=GET uri=/actuator/prometheus status=200 durationMs=72
2026-06-09 12:59:31 [INFO][module01-actuator] [http-nio-8080-exec-1] traceId=4ab743f7-e0b2-49d7-96e1-bb0f2c6b78a5 c.w.a.g.log.RequestLoggingFilter - event=request_started method=GET uri=/actuator/prometheus
2026-06-09 12:59:31 [INFO][module01-actuator] [http-nio-8080-exec-1] traceId=4ab743f7-e0b2-49d7-96e1-bb0f2c6b78a5 c.w.a.g.log.RequestLoggingFilter - event=request_completed method=GET uri=/actuator/prometheus status=200 durationMs=75
2026-06-09 12:59:36 [INFO][module01-actuator] [http-nio-8080-exec-2] traceId=55589a5f-ff76-4159-9ef0-4e55e9291f4d c.w.a.g.log.RequestLoggingFilter - event=request_started method=GET uri=/actuator/prometheus
2026-06-09 12:59:36 [INFO][module01-actuator] [http-nio-8080-exec-2] traceId=55589a5f-ff76-4159-9ef0-4e55e9291f4d c.w.a.g.log.RequestLoggingFilter - event=request_completed method=GET uri=/actuator/prometheus status=200 durationMs=83
2026-06-09 12:59:41 [INFO][module01-actuator] [http-nio-8080-exec-4] traceId=ff31fbf0-d21e-44cd-8ab2-967d233322e2 c.w.a.g.log.RequestLoggingFilter - event=request_started method=GET uri=/actuator/prometheus
2026-06-09 12:59:41 [INFO][module01-actuator] [http-nio-8080-exec-4] traceId=ff31fbf0-d21e-44cd-8ab2-967d233322e2 c.w.a.g.log.RequestLoggingFilter - event=request_completed method=GET uri=/actuator/prometheus status=200 durationMs=70
2026-06-09 12:59:46 [INFO][module01-actuator] [http-nio-8080-exec-3] traceId=0c7c7ca6-84c0-4136-94eb-919190eefc12 c.w.a.g.log.RequestLoggingFilter - event=request_started method=GET uri=/actuator/prometheus
2026-06-09 12:59:46 [INFO][module01-actuator] [http-nio-8080-exec-3] traceId=0c7c7ca6-84c0-4136-94eb-919190eefc12 c.w.a.g.log.RequestLoggingFilter - event=request_completed method=GET uri=/actuator/prometheus status=200 durationMs=80
2026-06-09 12:59:51 [INFO][module01-actuator] [http-nio-8080-exec-5] traceId=9daee2c3-7540-46f7-9169-d90e7908a107 c.w.a.g.log.RequestLoggingFilter - event=request_started method=GET uri=/actuator/prometheus
2026-06-09 12:59:51 [INFO][module01-actuator] [http-nio-8080-exec-5] traceId=9daee2c3-7540-46f7-9169-d90e7908a107 c.w.a.g.log.RequestLoggingFilter - event=request_completed method=GET uri=/actuator/prometheus status=200 durationMs=66
2026-06-09 12:59:56 [INFO][module01-actuator] [http-nio-8080-exec-6] traceId=1ab718db-113a-45e4-bcf3-4571251537d9 c.w.a.g.log.RequestLoggingFilter - event=request_started method=GET uri=/actuator/prometheus
2026-06-09 12:59:56 [INFO][module01-actuator] [http-nio-8080-exec-6] traceId=1ab718db-113a-45e4-bcf3-4571251537d9 c.w.a.g.log.RequestLoggingFilter - event=request_completed method=GET uri=/actuator/prometheus status=200 durationMs=65
2026-06-09 13:00:01 [INFO][module01-actuator] [http-nio-8080-exec-7] traceId=63295892-4d50-4ab1-ab6c-c160aafbee50 c.w.a.g.log.RequestLoggingFilter - event=request_started method=GET uri=/actuator/prometheus
2026-06-09 13:00:01 [INFO][module01-actuator] [http-nio-8080-exec-7] traceId=63295892-4d50-4ab1-ab6c-c160aafbee50 c.w.a.g.log.RequestLoggingFilter - event=request_completed method=GET uri=/actuator/prometheus status=200 durationMs=70
2026-06-09 13:00:06 [INFO][module01-actuator] [http-nio-8080-exec-8] traceId=5e53c984-0647-42a2-9c86-72960c68b741 c.w.a.g.log.RequestLoggingFilter - event=request_started method=GET uri=/actuator/prometheus
2026-06-09 13:00:06 [INFO][module01-actuator] [http-nio-8080-exec-8] traceId=5e53c984-0647-42a2-9c86-72960c68b741 c.w.a.g.log.RequestLoggingFilter - event=request_completed method=GET uri=/actuator/prometheus status=200 durationMs=67
2026-06-09 13:00:11 [INFO][module01-actuator] [http-nio-8080-exec-10] traceId=edf8a06e-ecaf-4c66-90c8-a4cf78a7cce7 c.w.a.g.log.RequestLoggingFilter - event=request_started method=GET uri=/actuator/prometheus
2026-06-09 13:00:11 [INFO][module01-actuator] [http-nio-8080-exec-10] traceId=edf8a06e-ecaf-4c66-90c8-a4cf78a7cce7 c.w.a.g.log.RequestLoggingFilter - event=request_completed method=GET uri=/actuator/prometheus status=200 durationMs=103
2026-06-09 13:00:16 [INFO][module01-actuator] [http-nio-8080-exec-9] traceId=74d1399b-e326-4ce4-9ce1-60e0d7758b80 c.w.a.g.log.RequestLoggingFilter - event=request_started method=GET uri=/actuator/prometheus
2026-06-09 13:00:16 [INFO][module01-actuator] [http-nio-8080-exec-9] traceId=74d1399b-e326-4ce4-9ce1-60e0d7758b80 c.w.a.g.log.RequestLoggingFilter - event=request_completed method=GET uri=/actuator/prometheus status=200 durationMs=69
2026-06-09 13:00:21 [INFO][module01-actuator] [http-nio-8080-exec-1] traceId=9c4595ac-337b-4d31-aebe-47fe95f523cf c.w.a.g.log.RequestLoggingFilter - event=request_started method=GET uri=/actuator/prometheus
2026-06-09 13:00:21 [INFO][module01-actuator] [http-nio-8080-exec-1] traceId=9c4595ac-337b-4d31-aebe-47fe95f523cf c.w.a.g.log.RequestLoggingFilter - event=request_completed method=GET uri=/actuator/prometheus status=200 durationMs=73
2026-06-09 13:00:26 [INFO][module01-actuator] [http-nio-8080-exec-2] traceId=cb7ac885-1272-47af-ba67-6df4b2ab62ba c.w.a.g.log.RequestLoggingFilter - event=request_started method=GET uri=/actuator/prometheus
2026-06-09 13:00:26 [INFO][module01-actuator] [http-nio-8080-exec-2] traceId=cb7ac885-1272-47af-ba67-6df4b2ab62ba c.w.a.g.log.RequestLoggingFilter - event=request_completed method=GET uri=/actuator/prometheus status=200 durationMs=86
2026-06-09 13:00:31 [INFO][module01-actuator] [http-nio-8080-exec-4] traceId=9688b440-309a-496c-beb1-aba10b056035 c.w.a.g.log.RequestLoggingFilter - event=request_started method=GET uri=/actuator/prometheus
2026-06-09 13:00:31 [INFO][module01-actuator] [http-nio-8080-exec-4] traceId=9688b440-309a-496c-beb1-aba10b056035 c.w.a.g.log.RequestLoggingFilter - event=request_completed method=GET uri=/actuator/prometheus status=200 durationMs=73
2026-06-09 13:00:36 [INFO][module01-actuator] [http-nio-8080-exec-3] traceId=88dedbf0-cbd1-4285-b936-d96fb5cd237f c.w.a.g.log.RequestLoggingFilter - event=request_started method=GET uri=/actuator/prometheus
2026-06-09 13:00:36 [INFO][module01-actuator] [http-nio-8080-exec-3] traceId=88dedbf0-cbd1-4285-b936-d96fb5cd237f c.w.a.g.log.RequestLoggingFilter - event=request_completed method=GET uri=/actuator/prometheus status=200 durationMs=65
2026-06-09 13:00:41 [INFO][module01-actuator] [http-nio-8080-exec-5] traceId=6721553d-f705-41d3-b896-3c400831898f c.w.a.g.log.RequestLoggingFilter - event=request_started method=GET uri=/actuator/prometheus
2026-06-09 13:00:41 [INFO][module01-actuator] [http-nio-8080-exec-5] traceId=6721553d-f705-41d3-b896-3c400831898f c.w.a.g.log.RequestLoggingFilter - event=request_completed method=GET uri=/actuator/prometheus status=200 durationMs=78
2026-06-09 13:00:46 [INFO][module01-actuator] [http-nio-8080-exec-6] traceId=1c167693-cf2f-4410-b12e-a040e5d15dba c.w.a.g.log.RequestLoggingFilter - event=request_started method=GET uri=/actuator/prometheus
2026-06-09 13:00:46 [INFO][module01-actuator] [http-nio-8080-exec-6] traceId=1c167693-cf2f-4410-b12e-a040e5d15dba c.w.a.g.log.RequestLoggingFilter - event=request_completed method=GET uri=/actuator/prometheus status=200 durationMs=71
2026-06-09 13:00:51 [INFO][module01-actuator] [http-nio-8080-exec-7] traceId=f567ba53-7420-4d71-8424-c12e8a4da1cc c.w.a.g.log.RequestLoggingFilter - event=request_started method=GET uri=/actuator/prometheus
2026-06-09 13:00:51 [INFO][module01-actuator] [http-nio-8080-exec-7] traceId=f567ba53-7420-4d71-8424-c12e8a4da1cc c.w.a.g.log.RequestLoggingFilter - event=request_completed method=GET uri=/actuator/prometheus status=200 durationMs=53
2026-06-09 13:00:56 [INFO][module01-actuator] [http-nio-8080-exec-8] traceId=3527d3e4-654f-44c3-bdee-0e1363660b4a c.w.a.g.log.RequestLoggingFilter - event=request_started method=GET uri=/actuator/prometheus
2026-06-09 13:00:56 [INFO][module01-actuator] [http-nio-8080-exec-8] traceId=3527d3e4-654f-44c3-bdee-0e1363660b4a c.w.a.g.log.RequestLoggingFilter - event=request_completed method=GET uri=/actuator/prometheus status=200 durationMs=69
2026-06-09 13:01:01 [INFO][module01-actuator] [http-nio-8080-exec-10] traceId=c77d3805-973d-4cca-90b2-3347b17e9e1a c.w.a.g.log.RequestLoggingFilter - event=request_started method=GET uri=/actuator/prometheus
2026-06-09 13:01:01 [INFO][module01-actuator] [http-nio-8080-exec-10] traceId=c77d3805-973d-4cca-90b2-3347b17e9e1a c.w.a.g.log.RequestLoggingFilter - event=request_completed method=GET uri=/actuator/prometheus status=200 durationMs=70
2026-06-09 13:01:06 [INFO][module01-actuator] [http-nio-8080-exec-9] traceId=b5fa296a-a239-4d41-9ee0-19d8ca1f24f3 c.w.a.g.log.RequestLoggingFilter - event=request_started method=GET uri=/actuator/prometheus
2026-06-09 13:01:06 [INFO][module01-actuator] [http-nio-8080-exec-9] traceId=b5fa296a-a239-4d41-9ee0-19d8ca1f24f3 c.w.a.g.log.RequestLoggingFilter - event=request_completed method=GET uri=/actuator/prometheus status=200 durationMs=63
2026-06-09 13:01:11 [INFO][module01-actuator] [http-nio-8080-exec-1] traceId=477501a0-effd-4819-8e0b-133ce0dab043 c.w.a.g.log.RequestLoggingFilter - event=request_started method=GET uri=/actuator/prometheus
2026-06-09 13:01:11 [INFO][module01-actuator] [http-nio-8080-exec-1] traceId=477501a0-effd-4819-8e0b-133ce0dab043 c.w.a.g.log.RequestLoggingFilter - event=request_completed method=GET uri=/actuator/prometheus status=200 durationMs=73
2026-06-09 13:01:16 [INFO][module01-actuator] [http-nio-8080-exec-2] traceId=907a7be6-1a32-4a88-b411-f21f3d0a5da8 c.w.a.g.log.RequestLoggingFilter - event=request_started method=GET uri=/actuator/prometheus
2026-06-09 13:01:16 [INFO][module01-actuator] [http-nio-8080-exec-2] traceId=907a7be6-1a32-4a88-b411-f21f3d0a5da8 c.w.a.g.log.RequestLoggingFilter - event=request_completed method=GET uri=/actuator/prometheus status=200 durationMs=72
2026-06-09 13:01:21 [INFO][module01-actuator] [http-nio-8080-exec-4] traceId=8f305c43-bd1b-459f-b119-7675a202c0a7 c.w.a.g.log.RequestLoggingFilter - event=request_started method=GET uri=/actuator/prometheus
2026-06-09 13:01:21 [INFO][module01-actuator] [http-nio-8080-exec-4] traceId=8f305c43-bd1b-459f-b119-7675a202c0a7 c.w.a.g.log.RequestLoggingFilter - event=request_completed method=GET uri=/actuator/prometheus status=200 durationMs=60
2026-06-09 13:01:26 [INFO][module01-actuator] [http-nio-8080-exec-3] traceId=d026a6cd-072c-44cf-9553-92d53094c009 c.w.a.g.log.RequestLoggingFilter - event=request_started method=GET uri=/actuator/prometheus
2026-06-09 13:01:26 [INFO][module01-actuator] [http-nio-8080-exec-3] traceId=d026a6cd-072c-44cf-9553-92d53094c009 c.w.a.g.log.RequestLoggingFilter - event=request_completed method=GET uri=/actuator/prometheus status=200 durationMs=75
2026-06-09 13:01:31 [INFO][module01-actuator] [http-nio-8080-exec-5] traceId=7c09440c-8062-4cc1-98f4-01eaba439b1d c.w.a.g.log.RequestLoggingFilter - event=request_started method=GET uri=/actuator/prometheus
2026-06-09 13:01:31 [INFO][module01-actuator] [http-nio-8080-exec-5] traceId=7c09440c-8062-4cc1-98f4-01eaba439b1d c.w.a.g.log.RequestLoggingFilter - event=request_completed method=GET uri=/actuator/prometheus status=200 durationMs=65
2026-06-09 13:01:36 [INFO][module01-actuator] [http-nio-8080-exec-6] traceId=9f8ce26a-2e7c-43b6-920d-6518fe3c0e41 c.w.a.g.log.RequestLoggingFilter - event=request_started method=GET uri=/actuator/prometheus
2026-06-09 13:01:36 [INFO][module01-actuator] [http-nio-8080-exec-6] traceId=9f8ce26a-2e7c-43b6-920d-6518fe3c0e41 c.w.a.g.log.RequestLoggingFilter - event=request_completed method=GET uri=/actuator/prometheus status=200 durationMs=77
2026-06-09 13:01:41 [INFO][module01-actuator] [http-nio-8080-exec-7] traceId=65b8e904-3598-41b5-bc4f-aaa4cd3c5388 c.w.a.g.log.RequestLoggingFilter - event=request_started method=GET uri=/actuator/prometheus
2026-06-09 13:01:41 [INFO][module01-actuator] [http-nio-8080-exec-7] traceId=65b8e904-3598-41b5-bc4f-aaa4cd3c5388 c.w.a.g.log.RequestLoggingFilter - event=request_completed method=GET uri=/actuator/prometheus status=200 durationMs=67
2026-06-09 13:01:46 [INFO][module01-actuator] [http-nio-8080-exec-8] traceId=2e5d8e85-2ed6-4481-9d4e-9f14cda48696 c.w.a.g.log.RequestLoggingFilter - event=request_started method=GET uri=/actuator/prometheus
2026-06-09 13:01:46 [INFO][module01-actuator] [http-nio-8080-exec-8] traceId=2e5d8e85-2ed6-4481-9d4e-9f14cda48696 c.w.a.g.log.RequestLoggingFilter - event=request_completed method=GET uri=/actuator/prometheus status=200 durationMs=64
2026-06-09 13:01:51 [INFO][module01-actuator] [http-nio-8080-exec-10] traceId=23a53e08-6826-4e74-b267-d1bdf9351404 c.w.a.g.log.RequestLoggingFilter - event=request_started method=GET uri=/actuator/prometheus
2026-06-09 13:01:51 [INFO][module01-actuator] [http-nio-8080-exec-10] traceId=23a53e08-6826-4e74-b267-d1bdf9351404 c.w.a.g.log.RequestLoggingFilter - event=request_completed method=GET uri=/actuator/prometheus status=200 durationMs=69
2026-06-09 13:01:56 [INFO][module01-actuator] [http-nio-8080-exec-9] traceId=0fda7331-64d1-43ac-a5de-e74ac602e1d2 c.w.a.g.log.RequestLoggingFilter - event=request_started method=GET uri=/actuator/prometheus
2026-06-09 13:01:56 [INFO][module01-actuator] [http-nio-8080-exec-9] traceId=0fda7331-64d1-43ac-a5de-e74ac602e1d2 c.w.a.g.log.RequestLoggingFilter - event=request_completed method=GET uri=/actuator/prometheus status=200 durationMs=84
2026-06-09 13:02:01 [INFO][module01-actuator] [http-nio-8080-exec-1] traceId=76a0351e-8adb-4193-80f7-d1ef1bc67a00 c.w.a.g.log.RequestLoggingFilter - event=request_started method=GET uri=/actuator/prometheus
2026-06-09 13:02:01 [INFO][module01-actuator] [http-nio-8080-exec-1] traceId=76a0351e-8adb-4193-80f7-d1ef1bc67a00 c.w.a.g.log.RequestLoggingFilter - event=request_completed method=GET uri=/actuator/prometheus status=200 durationMs=73
2026-06-09 13:02:06 [INFO][module01-actuator] [http-nio-8080-exec-2] traceId=85ffd309-3e2e-4e1c-af6b-a20a63e133fd c.w.a.g.log.RequestLoggingFilter - event=request_started method=GET uri=/actuator/prometheus
2026-06-09 13:02:06 [INFO][module01-actuator] [http-nio-8080-exec-2] traceId=85ffd309-3e2e-4e1c-af6b-a20a63e133fd c.w.a.g.log.RequestLoggingFilter - event=request_completed method=GET uri=/actuator/prometheus status=200 durationMs=125
2026-06-09 13:02:11 [INFO][module01-actuator] [http-nio-8080-exec-4] traceId=742b0b63-63a5-48d7-8aee-99ccdae4ae44 c.w.a.g.log.RequestLoggingFilter - event=request_started method=GET uri=/actuator/prometheus
2026-06-09 13:02:11 [INFO][module01-actuator] [http-nio-8080-exec-4] traceId=742b0b63-63a5-48d7-8aee-99ccdae4ae44 c.w.a.g.log.RequestLoggingFilter - event=request_completed method=GET uri=/actuator/prometheus status=200 durationMs=78
2026-06-09 13:02:16 [INFO][module01-actuator] [http-nio-8080-exec-3] traceId=134c6eb8-21ce-43a7-bdb2-82fb20852348 c.w.a.g.log.RequestLoggingFilter - event=request_started method=GET uri=/actuator/prometheus
2026-06-09 13:02:16 [INFO][module01-actuator] [http-nio-8080-exec-3] traceId=134c6eb8-21ce-43a7-bdb2-82fb20852348 c.w.a.g.log.RequestLoggingFilter - event=request_completed method=GET uri=/actuator/prometheus status=200 durationMs=62
2026-06-09 13:02:21 [INFO][module01-actuator] [http-nio-8080-exec-5] traceId=7cb66e30-30f9-4f17-9902-990896792f19 c.w.a.g.log.RequestLoggingFilter - event=request_started method=GET uri=/actuator/prometheus
2026-06-09 13:02:21 [INFO][module01-actuator] [http-nio-8080-exec-5] traceId=7cb66e30-30f9-4f17-9902-990896792f19 c.w.a.g.log.RequestLoggingFilter - event=request_completed method=GET uri=/actuator/prometheus status=200 durationMs=77
2026-06-09 13:02:26 [INFO][module01-actuator] [http-nio-8080-exec-6] traceId=23b50f99-b767-4275-97fc-94c3d4604a2d c.w.a.g.log.RequestLoggingFilter - event=request_started method=GET uri=/actuator/prometheus
2026-06-09 13:02:26 [INFO][module01-actuator] [http-nio-8080-exec-6] traceId=23b50f99-b767-4275-97fc-94c3d4604a2d c.w.a.g.log.RequestLoggingFilter - event=request_completed method=GET uri=/actuator/prometheus status=200 durationMs=61
2026-06-09 13:02:31 [INFO][module01-actuator] [http-nio-8080-exec-7] traceId=0a6ad998-9432-498d-a1b0-de0bee6ceb0e c.w.a.g.log.RequestLoggingFilter - event=request_started method=GET uri=/actuator/prometheus
2026-06-09 13:02:31 [INFO][module01-actuator] [http-nio-8080-exec-7] traceId=0a6ad998-9432-498d-a1b0-de0bee6ceb0e c.w.a.g.log.RequestLoggingFilter - event=request_completed method=GET uri=/actuator/prometheus status=200 durationMs=70
2026-06-09 13:02:36 [INFO][module01-actuator] [http-nio-8080-exec-8] traceId=13b14914-c27a-4a85-b2ca-61b5520f6bfa c.w.a.g.log.RequestLoggingFilter - event=request_started method=GET uri=/actuator/prometheus
2026-06-09 13:02:36 [INFO][module01-actuator] [http-nio-8080-exec-8] traceId=13b14914-c27a-4a85-b2ca-61b5520f6bfa c.w.a.g.log.RequestLoggingFilter - event=request_completed method=GET uri=/actuator/prometheus status=200 durationMs=49
2026-06-09 13:02:41 [INFO][module01-actuator] [http-nio-8080-exec-10] traceId=e49de8fc-7667-4766-a655-fa41c1b5566a c.w.a.g.log.RequestLoggingFilter - event=request_started method=GET uri=/actuator/prometheus
2026-06-09 13:02:41 [INFO][module01-actuator] [http-nio-8080-exec-10] traceId=e49de8fc-7667-4766-a655-fa41c1b5566a c.w.a.g.log.RequestLoggingFilter - event=request_completed method=GET uri=/actuator/prometheus status=200 durationMs=61
2026-06-09 13:02:46 [INFO][module01-actuator] [http-nio-8080-exec-9] traceId=869beb4d-2aca-4dce-abf7-f3eb58ca8a4e c.w.a.g.log.RequestLoggingFilter - event=request_started method=GET uri=/actuator/prometheus
2026-06-09 13:02:46 [INFO][module01-actuator] [http-nio-8080-exec-9] traceId=869beb4d-2aca-4dce-abf7-f3eb58ca8a4e c.w.a.g.log.RequestLoggingFilter - event=request_completed method=GET uri=/actuator/prometheus status=200 durationMs=81
2026-06-09 13:02:51 [INFO][module01-actuator] [http-nio-8080-exec-1] traceId=c93b2b03-999a-495f-b199-e63e0e57db54 c.w.a.g.log.RequestLoggingFilter - event=request_started method=GET uri=/actuator/prometheus
2026-06-09 13:02:51 [INFO][module01-actuator] [http-nio-8080-exec-1] traceId=c93b2b03-999a-495f-b199-e63e0e57db54 c.w.a.g.log.RequestLoggingFilter - event=request_completed method=GET uri=/actuator/prometheus status=200 durationMs=89
2026-06-09 13:02:56 [INFO][module01-actuator] [http-nio-8080-exec-2] traceId=1557ae73-b3b4-4d79-b0ae-682d52e3bfb9 c.w.a.g.log.RequestLoggingFilter - event=request_started method=GET uri=/actuator/prometheus
2026-06-09 13:02:56 [INFO][module01-actuator] [http-nio-8080-exec-2] traceId=1557ae73-b3b4-4d79-b0ae-682d52e3bfb9 c.w.a.g.log.RequestLoggingFilter - event=request_completed method=GET uri=/actuator/prometheus status=200 durationMs=88
2026-06-09 13:03:01 [INFO][module01-actuator] [http-nio-8080-exec-4] traceId=cffa634f-f90a-481c-aab7-9aca0a12b8ac c.w.a.g.log.RequestLoggingFilter - event=request_started method=GET uri=/actuator/prometheus
2026-06-09 13:03:01 [INFO][module01-actuator] [http-nio-8080-exec-4] traceId=cffa634f-f90a-481c-aab7-9aca0a12b8ac c.w.a.g.log.RequestLoggingFilter - event=request_completed method=GET uri=/actuator/prometheus status=200 durationMs=81
2026-06-09 13:03:06 [INFO][module01-actuator] [http-nio-8080-exec-3] traceId=69b2eebc-64ff-450a-91b2-ece0b05cd49d c.w.a.g.log.RequestLoggingFilter - event=request_started method=GET uri=/actuator/prometheus
2026-06-09 13:03:06 [INFO][module01-actuator] [http-nio-8080-exec-3] traceId=69b2eebc-64ff-450a-91b2-ece0b05cd49d c.w.a.g.log.RequestLoggingFilter - event=request_completed method=GET uri=/actuator/prometheus status=200 durationMs=78
2026-06-09 13:03:11 [INFO][module01-actuator] [http-nio-8080-exec-5] traceId=f4de34af-eb78-4d28-bf7f-dd71bac36b06 c.w.a.g.log.RequestLoggingFilter - event=request_started method=GET uri=/actuator/prometheus
2026-06-09 13:03:11 [INFO][module01-actuator] [http-nio-8080-exec-5] traceId=f4de34af-eb78-4d28-bf7f-dd71bac36b06 c.w.a.g.log.RequestLoggingFilter - event=request_completed method=GET uri=/actuator/prometheus status=200 durationMs=60
2026-06-09 13:03:16 [INFO][module01-actuator] [http-nio-8080-exec-6] traceId=2f13f83f-35e1-4cc5-ade7-e7383ba15170 c.w.a.g.log.RequestLoggingFilter - event=request_started method=GET uri=/actuator/prometheus
2026-06-09 13:03:16 [INFO][module01-actuator] [http-nio-8080-exec-6] traceId=2f13f83f-35e1-4cc5-ade7-e7383ba15170 c.w.a.g.log.RequestLoggingFilter - event=request_completed method=GET uri=/actuator/prometheus status=200 durationMs=65
2026-06-09 13:03:21 [INFO][module01-actuator] [http-nio-8080-exec-7] traceId=b03bbf38-4594-4cbf-87d6-798b7fae9c0d c.w.a.g.log.RequestLoggingFilter - event=request_started method=GET uri=/actuator/prometheus
2026-06-09 13:03:21 [INFO][module01-actuator] [http-nio-8080-exec-7] traceId=b03bbf38-4594-4cbf-87d6-798b7fae9c0d c.w.a.g.log.RequestLoggingFilter - event=request_completed method=GET uri=/actuator/prometheus status=200 durationMs=156
2026-06-09 13:03:26 [INFO][module01-actuator] [http-nio-8080-exec-8] traceId=2fced791-17ac-4f32-813a-3c94aecc9fd8 c.w.a.g.log.RequestLoggingFilter - event=request_started method=GET uri=/actuator/prometheus
2026-06-09 13:03:26 [INFO][module01-actuator] [http-nio-8080-exec-8] traceId=2fced791-17ac-4f32-813a-3c94aecc9fd8 c.w.a.g.log.RequestLoggingFilter - event=request_completed method=GET uri=/actuator/prometheus status=200 durationMs=74
2026-06-09 13:03:31 [INFO][module01-actuator] [http-nio-8080-exec-10] traceId=8cdf6a31-3fc7-4b7b-8059-ec9be5ef2e50 c.w.a.g.log.RequestLoggingFilter - event=request_started method=GET uri=/actuator/prometheus
2026-06-09 13:03:31 [INFO][module01-actuator] [http-nio-8080-exec-10] traceId=8cdf6a31-3fc7-4b7b-8059-ec9be5ef2e50 c.w.a.g.log.RequestLoggingFilter - event=request_completed method=GET uri=/actuator/prometheus status=200 durationMs=76
2026-06-09 13:03:36 [INFO][module01-actuator] [http-nio-8080-exec-9] traceId=79214ba1-06c9-4162-87ac-9d3484844fc2 c.w.a.g.log.RequestLoggingFilter - event=request_started method=GET uri=/actuator/prometheus
2026-06-09 13:03:36 [INFO][module01-actuator] [http-nio-8080-exec-9] traceId=79214ba1-06c9-4162-87ac-9d3484844fc2 c.w.a.g.log.RequestLoggingFilter - event=request_completed method=GET uri=/actuator/prometheus status=200 durationMs=87
2026-06-09 13:03:41 [INFO][module01-actuator] [http-nio-8080-exec-1] traceId=28407c36-2de2-46d5-ba3b-396e5fd44621 c.w.a.g.log.RequestLoggingFilter - event=request_started method=GET uri=/actuator/prometheus
2026-06-09 13:03:41 [INFO][module01-actuator] [http-nio-8080-exec-1] traceId=28407c36-2de2-46d5-ba3b-396e5fd44621 c.w.a.g.log.RequestLoggingFilter - event=request_completed method=GET uri=/actuator/prometheus status=200 durationMs=90
2026-06-09 13:03:46 [INFO][module01-actuator] [http-nio-8080-exec-2] traceId=7f31b75c-307b-4b29-8b2a-debbff4a6de8 c.w.a.g.log.RequestLoggingFilter - event=request_started method=GET uri=/actuator/prometheus
2026-06-09 13:03:46 [INFO][module01-actuator] [http-nio-8080-exec-2] traceId=7f31b75c-307b-4b29-8b2a-debbff4a6de8 c.w.a.g.log.RequestLoggingFilter - event=request_completed method=GET uri=/actuator/prometheus status=200 durationMs=68
2026-06-09 13:03:51 [INFO][module01-actuator] [http-nio-8080-exec-4] traceId=493b8ecd-6e32-4c34-8348-7ffe5331149e c.w.a.g.log.RequestLoggingFilter - event=request_started method=GET uri=/actuator/prometheus
2026-06-09 13:03:51 [INFO][module01-actuator] [http-nio-8080-exec-4] traceId=493b8ecd-6e32-4c34-8348-7ffe5331149e c.w.a.g.log.RequestLoggingFilter - event=request_completed method=GET uri=/actuator/prometheus status=200 durationMs=85
2026-06-09 13:03:56 [INFO][module01-actuator] [http-nio-8080-exec-3] traceId=426d6523-3dba-4f9b-817c-55f8f1c9e930 c.w.a.g.log.RequestLoggingFilter - event=request_started method=GET uri=/actuator/prometheus
2026-06-09 13:03:56 [INFO][module01-actuator] [http-nio-8080-exec-3] traceId=426d6523-3dba-4f9b-817c-55f8f1c9e930 c.w.a.g.log.RequestLoggingFilter - event=request_completed method=GET uri=/actuator/prometheus status=200 durationMs=65
2026-06-09 13:04:01 [INFO][module01-actuator] [http-nio-8080-exec-5] traceId=6fc29e1f-0565-4ef7-92f6-a0877f8bef08 c.w.a.g.log.RequestLoggingFilter - event=request_started method=GET uri=/actuator/prometheus
2026-06-09 13:04:01 [INFO][module01-actuator] [http-nio-8080-exec-5] traceId=6fc29e1f-0565-4ef7-92f6-a0877f8bef08 c.w.a.g.log.RequestLoggingFilter - event=request_completed method=GET uri=/actuator/prometheus status=200 durationMs=60
2026-06-09 13:04:06 [INFO][module01-actuator] [http-nio-8080-exec-6] traceId=0c2f6b61-63f9-4108-a823-1e3b92600d53 c.w.a.g.log.RequestLoggingFilter - event=request_started method=GET uri=/actuator/prometheus
2026-06-09 13:04:06 [INFO][module01-actuator] [http-nio-8080-exec-6] traceId=0c2f6b61-63f9-4108-a823-1e3b92600d53 c.w.a.g.log.RequestLoggingFilter - event=request_completed method=GET uri=/actuator/prometheus status=200 durationMs=77
2026-06-09 13:04:11 [INFO][module01-actuator] [http-nio-8080-exec-7] traceId=6f334ede-653b-4aee-8cab-aef65a0b56b3 c.w.a.g.log.RequestLoggingFilter - event=request_started method=GET uri=/actuator/prometheus
2026-06-09 13:04:11 [INFO][module01-actuator] [http-nio-8080-exec-7] traceId=6f334ede-653b-4aee-8cab-aef65a0b56b3 c.w.a.g.log.RequestLoggingFilter - event=request_completed method=GET uri=/actuator/prometheus status=200 durationMs=52
2026-06-09 13:04:16 [INFO][module01-actuator] [http-nio-8080-exec-8] traceId=d0166baf-f6c2-46c2-b898-10c4f0614445 c.w.a.g.log.RequestLoggingFilter - event=request_started method=GET uri=/actuator/prometheus
2026-06-09 13:04:16 [INFO][module01-actuator] [http-nio-8080-exec-8] traceId=d0166baf-f6c2-46c2-b898-10c4f0614445 c.w.a.g.log.RequestLoggingFilter - event=request_completed method=GET uri=/actuator/prometheus status=200 durationMs=101
2026-06-09 13:04:21 [INFO][module01-actuator] [http-nio-8080-exec-10] traceId=00b1dc01-bc42-43ab-beda-4b16c0e09feb c.w.a.g.log.RequestLoggingFilter - event=request_started method=GET uri=/actuator/prometheus
2026-06-09 13:04:21 [INFO][module01-actuator] [http-nio-8080-exec-10] traceId=00b1dc01-bc42-43ab-beda-4b16c0e09feb c.w.a.g.log.RequestLoggingFilter - event=request_completed method=GET uri=/actuator/prometheus status=200 durationMs=62
2026-06-09 13:04:26 [INFO][module01-actuator] [http-nio-8080-exec-9] traceId=8b8bebd9-8e01-4f96-8e85-5ae9bdd305be c.w.a.g.log.RequestLoggingFilter - event=request_started method=GET uri=/actuator/prometheus
2026-06-09 13:04:26 [INFO][module01-actuator] [http-nio-8080-exec-9] traceId=8b8bebd9-8e01-4f96-8e85-5ae9bdd305be c.w.a.g.log.RequestLoggingFilter - event=request_completed method=GET uri=/actuator/prometheus status=200 durationMs=65
2026-06-09 13:04:31 [INFO][module01-actuator] [http-nio-8080-exec-1] traceId=856cdb63-fd1f-406b-8eb9-ba771c924c17 c.w.a.g.log.RequestLoggingFilter - event=request_started method=GET uri=/actuator/prometheus
2026-06-09 13:04:31 [INFO][module01-actuator] [http-nio-8080-exec-1] traceId=856cdb63-fd1f-406b-8eb9-ba771c924c17 c.w.a.g.log.RequestLoggingFilter - event=request_completed method=GET uri=/actuator/prometheus status=200 durationMs=74
2026-06-09 13:04:36 [INFO][module01-actuator] [http-nio-8080-exec-2] traceId=3d1bf6e1-856b-4890-b1ae-434442051476 c.w.a.g.log.RequestLoggingFilter - event=request_started method=GET uri=/actuator/prometheus
2026-06-09 13:04:36 [INFO][module01-actuator] [http-nio-8080-exec-2] traceId=3d1bf6e1-856b-4890-b1ae-434442051476 c.w.a.g.log.RequestLoggingFilter - event=request_completed method=GET uri=/actuator/prometheus status=200 durationMs=90
2026-06-09 13:04:41 [INFO][module01-actuator] [http-nio-8080-exec-4] traceId=1fdf91d6-204b-48a3-a5e8-ae6a675b2d4c c.w.a.g.log.RequestLoggingFilter - event=request_started method=GET uri=/actuator/prometheus
2026-06-09 13:04:41 [INFO][module01-actuator] [http-nio-8080-exec-4] traceId=1fdf91d6-204b-48a3-a5e8-ae6a675b2d4c c.w.a.g.log.RequestLoggingFilter - event=request_completed method=GET uri=/actuator/prometheus status=200 durationMs=62
2026-06-09 13:04:46 [INFO][module01-actuator] [http-nio-8080-exec-3] traceId=8b30814c-68ce-404a-857c-4477b82853ac c.w.a.g.log.RequestLoggingFilter - event=request_started method=GET uri=/actuator/prometheus
2026-06-09 13:04:46 [INFO][module01-actuator] [http-nio-8080-exec-3] traceId=8b30814c-68ce-404a-857c-4477b82853ac c.w.a.g.log.RequestLoggingFilter - event=request_completed method=GET uri=/actuator/prometheus status=200 durationMs=85
2026-06-09 13:04:51 [INFO][module01-actuator] [http-nio-8080-exec-5] traceId=633f9dbf-6133-4e9c-8f76-00a7cb1e63bc c.w.a.g.log.RequestLoggingFilter - event=request_started method=GET uri=/actuator/prometheus
2026-06-09 13:04:51 [INFO][module01-actuator] [http-nio-8080-exec-5] traceId=633f9dbf-6133-4e9c-8f76-00a7cb1e63bc c.w.a.g.log.RequestLoggingFilter - event=request_completed method=GET uri=/actuator/prometheus status=200 durationMs=76
2026-06-09 13:04:56 [INFO][module01-actuator] [http-nio-8080-exec-6] traceId=2c051ff3-c6c3-4902-9710-136346859018 c.w.a.g.log.RequestLoggingFilter - event=request_started method=GET uri=/actuator/prometheus
2026-06-09 13:04:56 [INFO][module01-actuator] [http-nio-8080-exec-6] traceId=2c051ff3-c6c3-4902-9710-136346859018 c.w.a.g.log.RequestLoggingFilter - event=request_completed method=GET uri=/actuator/prometheus status=200 durationMs=55
2026-06-09 13:05:01 [INFO][module01-actuator] [http-nio-8080-exec-7] traceId=8ee88569-8fa8-4a89-92c6-4b4d48a79806 c.w.a.g.log.RequestLoggingFilter - event=request_started method=GET uri=/actuator/prometheus
2026-06-09 13:05:01 [INFO][module01-actuator] [http-nio-8080-exec-7] traceId=8ee88569-8fa8-4a89-92c6-4b4d48a79806 c.w.a.g.log.RequestLoggingFilter - event=request_completed method=GET uri=/actuator/prometheus status=200 durationMs=74
2026-06-09 13:05:06 [INFO][module01-actuator] [http-nio-8080-exec-8] traceId=e5881b93-4a0c-4f1a-9b1a-3e42c739f815 c.w.a.g.log.RequestLoggingFilter - event=request_started method=GET uri=/actuator/prometheus
2026-06-09 13:05:06 [INFO][module01-actuator] [http-nio-8080-exec-8] traceId=e5881b93-4a0c-4f1a-9b1a-3e42c739f815 c.w.a.g.log.RequestLoggingFilter - event=request_completed method=GET uri=/actuator/prometheus status=200 durationMs=106
2026-06-09 13:05:11 [INFO][module01-actuator] [http-nio-8080-exec-10] traceId=5903677c-1fc9-41ed-b19d-2a4b00ba4d28 c.w.a.g.log.RequestLoggingFilter - event=request_started method=GET uri=/actuator/prometheus
2026-06-09 13:05:11 [INFO][module01-actuator] [http-nio-8080-exec-10] traceId=5903677c-1fc9-41ed-b19d-2a4b00ba4d28 c.w.a.g.log.RequestLoggingFilter - event=request_completed method=GET uri=/actuator/prometheus status=200 durationMs=61
2026-06-09 13:05:16 [INFO][module01-actuator] [http-nio-8080-exec-9] traceId=474c602b-46bb-481a-82fc-1ba83bf4c225 c.w.a.g.log.RequestLoggingFilter - event=request_started method=GET uri=/actuator/prometheus
2026-06-09 13:05:16 [INFO][module01-actuator] [http-nio-8080-exec-9] traceId=474c602b-46bb-481a-82fc-1ba83bf4c225 c.w.a.g.log.RequestLoggingFilter - event=request_completed method=GET uri=/actuator/prometheus status=200 durationMs=67
2026-06-09 13:05:21 [INFO][module01-actuator] [http-nio-8080-exec-1] traceId=0ade983e-cff0-4eea-a6f2-892e6977e9ea c.w.a.g.log.RequestLoggingFilter - event=request_started method=GET uri=/actuator/prometheus
2026-06-09 13:05:21 [INFO][module01-actuator] [http-nio-8080-exec-1] traceId=0ade983e-cff0-4eea-a6f2-892e6977e9ea c.w.a.g.log.RequestLoggingFilter - event=request_completed method=GET uri=/actuator/prometheus status=200 durationMs=77
2026-06-09 13:05:26 [INFO][module01-actuator] [http-nio-8080-exec-2] traceId=f4319278-66c5-4737-a17d-cd50c90a6fce c.w.a.g.log.RequestLoggingFilter - event=request_started method=GET uri=/actuator/prometheus
2026-06-09 13:05:26 [INFO][module01-actuator] [http-nio-8080-exec-2] traceId=f4319278-66c5-4737-a17d-cd50c90a6fce c.w.a.g.log.RequestLoggingFilter - event=request_completed method=GET uri=/actuator/prometheus status=200 durationMs=110
2026-06-09 13:05:31 [INFO][module01-actuator] [http-nio-8080-exec-4] traceId=1e48a97a-80d3-4dfb-9402-014e427d1e67 c.w.a.g.log.RequestLoggingFilter - event=request_started method=GET uri=/actuator/prometheus
2026-06-09 13:05:31 [INFO][module01-actuator] [http-nio-8080-exec-4] traceId=1e48a97a-80d3-4dfb-9402-014e427d1e67 c.w.a.g.log.RequestLoggingFilter - event=request_completed method=GET uri=/actuator/prometheus status=200 durationMs=86
2026-06-09 13:05:36 [INFO][module01-actuator] [http-nio-8080-exec-3] traceId=3bcd8fe3-e747-4247-b294-a139305b111a c.w.a.g.log.RequestLoggingFilter - event=request_started method=GET uri=/actuator/prometheus
2026-06-09 13:05:36 [INFO][module01-actuator] [http-nio-8080-exec-3] traceId=3bcd8fe3-e747-4247-b294-a139305b111a c.w.a.g.log.RequestLoggingFilter - event=request_completed method=GET uri=/actuator/prometheus status=200 durationMs=72
2026-06-09 13:05:41 [INFO][module01-actuator] [http-nio-8080-exec-5] traceId=a7da1f29-08ad-4c11-aca4-0033b7ac059a c.w.a.g.log.RequestLoggingFilter - event=request_started method=GET uri=/actuator/prometheus
2026-06-09 13:05:41 [INFO][module01-actuator] [http-nio-8080-exec-5] traceId=a7da1f29-08ad-4c11-aca4-0033b7ac059a c.w.a.g.log.RequestLoggingFilter - event=request_completed method=GET uri=/actuator/prometheus status=200 durationMs=75
2026-06-09 13:05:46 [INFO][module01-actuator] [http-nio-8080-exec-6] traceId=3d9bbd06-6e25-4719-9f23-89e9a576c2ac c.w.a.g.log.RequestLoggingFilter - event=request_started method=GET uri=/actuator/prometheus
2026-06-09 13:05:46 [INFO][module01-actuator] [http-nio-8080-exec-6] traceId=3d9bbd06-6e25-4719-9f23-89e9a576c2ac c.w.a.g.log.RequestLoggingFilter - event=request_completed method=GET uri=/actuator/prometheus status=200 durationMs=55
2026-06-09 13:05:51 [INFO][module01-actuator] [http-nio-8080-exec-7] traceId=f8e034a1-92d9-4c8b-be84-b7503881b417 c.w.a.g.log.RequestLoggingFilter - event=request_started method=GET uri=/actuator/prometheus
2026-06-09 13:05:51 [INFO][module01-actuator] [http-nio-8080-exec-7] traceId=f8e034a1-92d9-4c8b-be84-b7503881b417 c.w.a.g.log.RequestLoggingFilter - event=request_completed method=GET uri=/actuator/prometheus status=200 durationMs=70
2026-06-09 13:05:56 [INFO][module01-actuator] [http-nio-8080-exec-8] traceId=bb834d49-4007-4746-9ecd-e2a7db3a50e7 c.w.a.g.log.RequestLoggingFilter - event=request_started method=GET uri=/actuator/prometheus
2026-06-09 13:05:56 [INFO][module01-actuator] [http-nio-8080-exec-8] traceId=bb834d49-4007-4746-9ecd-e2a7db3a50e7 c.w.a.g.log.RequestLoggingFilter - event=request_completed method=GET uri=/actuator/prometheus status=200 durationMs=63
2026-06-09 13:06:01 [INFO][module01-actuator] [http-nio-8080-exec-10] traceId=0b1099c7-6d7c-48f2-a75d-acf305844344 c.w.a.g.log.RequestLoggingFilter - event=request_started method=GET uri=/actuator/prometheus
2026-06-09 13:06:01 [INFO][module01-actuator] [http-nio-8080-exec-10] traceId=0b1099c7-6d7c-48f2-a75d-acf305844344 c.w.a.g.log.RequestLoggingFilter - event=request_completed method=GET uri=/actuator/prometheus status=200 durationMs=77
2026-06-09 13:06:06 [INFO][module01-actuator] [http-nio-8080-exec-9] traceId=1145a686-b0f2-477d-9f3f-78e9189553ac c.w.a.g.log.RequestLoggingFilter - event=request_started method=GET uri=/actuator/prometheus
2026-06-09 13:06:06 [INFO][module01-actuator] [http-nio-8080-exec-9] traceId=1145a686-b0f2-477d-9f3f-78e9189553ac c.w.a.g.log.RequestLoggingFilter - event=request_completed method=GET uri=/actuator/prometheus status=200 durationMs=95
2026-06-09 13:06:11 [INFO][module01-actuator] [http-nio-8080-exec-1] traceId=973b2003-6635-4ce1-9585-c48c7cb038e7 c.w.a.g.log.RequestLoggingFilter - event=request_started method=GET uri=/actuator/prometheus
2026-06-09 13:06:11 [INFO][module01-actuator] [http-nio-8080-exec-1] traceId=973b2003-6635-4ce1-9585-c48c7cb038e7 c.w.a.g.log.RequestLoggingFilter - event=request_completed method=GET uri=/actuator/prometheus status=200 durationMs=78
2026-06-09 13:06:16 [INFO][module01-actuator] [http-nio-8080-exec-2] traceId=9347cdf7-2a1e-4db3-b4e1-000ddaefbcbc c.w.a.g.log.RequestLoggingFilter - event=request_started method=GET uri=/actuator/prometheus
2026-06-09 13:06:16 [INFO][module01-actuator] [http-nio-8080-exec-2] traceId=9347cdf7-2a1e-4db3-b4e1-000ddaefbcbc c.w.a.g.log.RequestLoggingFilter - event=request_completed method=GET uri=/actuator/prometheus status=200 durationMs=89
2026-06-09 13:06:21 [INFO][module01-actuator] [http-nio-8080-exec-4] traceId=29dd6f1f-2f57-4bb3-bb8b-e3105897d9d8 c.w.a.g.log.RequestLoggingFilter - event=request_started method=GET uri=/actuator/prometheus
2026-06-09 13:06:21 [INFO][module01-actuator] [http-nio-8080-exec-4] traceId=29dd6f1f-2f57-4bb3-bb8b-e3105897d9d8 c.w.a.g.log.RequestLoggingFilter - event=request_completed method=GET uri=/actuator/prometheus status=200 durationMs=92
2026-06-09 13:06:26 [INFO][module01-actuator] [http-nio-8080-exec-3] traceId=1978d404-a85f-4a88-be54-42e2af52509c c.w.a.g.log.RequestLoggingFilter - event=request_started method=GET uri=/actuator/prometheus
2026-06-09 13:06:26 [INFO][module01-actuator] [http-nio-8080-exec-3] traceId=1978d404-a85f-4a88-be54-42e2af52509c c.w.a.g.log.RequestLoggingFilter - event=request_completed method=GET uri=/actuator/prometheus status=200 durationMs=79
2026-06-09 13:06:31 [INFO][module01-actuator] [http-nio-8080-exec-5] traceId=6cf4e564-d16b-4e28-8674-1ddc74060138 c.w.a.g.log.RequestLoggingFilter - event=request_started method=GET uri=/actuator/prometheus
2026-06-09 13:06:31 [INFO][module01-actuator] [http-nio-8080-exec-5] traceId=6cf4e564-d16b-4e28-8674-1ddc74060138 c.w.a.g.log.RequestLoggingFilter - event=request_completed method=GET uri=/actuator/prometheus status=200 durationMs=77
2026-06-09 13:06:36 [INFO][module01-actuator] [http-nio-8080-exec-6] traceId=82594001-7ca9-450f-947b-b9095250dcde c.w.a.g.log.RequestLoggingFilter - event=request_started method=GET uri=/actuator/prometheus
2026-06-09 13:06:36 [INFO][module01-actuator] [http-nio-8080-exec-6] traceId=82594001-7ca9-450f-947b-b9095250dcde c.w.a.g.log.RequestLoggingFilter - event=request_completed method=GET uri=/actuator/prometheus status=200 durationMs=80
2026-06-09 13:06:41 [INFO][module01-actuator] [http-nio-8080-exec-7] traceId=ff467c90-8b11-471e-92d8-c1f0e5b77955 c.w.a.g.log.RequestLoggingFilter - event=request_started method=GET uri=/actuator/prometheus
2026-06-09 13:06:41 [INFO][module01-actuator] [http-nio-8080-exec-7] traceId=ff467c90-8b11-471e-92d8-c1f0e5b77955 c.w.a.g.log.RequestLoggingFilter - event=request_completed method=GET uri=/actuator/prometheus status=200 durationMs=72
2026-06-09 13:06:46 [INFO][module01-actuator] [http-nio-8080-exec-8] traceId=cfa720d4-696b-4334-8111-6615f25dbd39 c.w.a.g.log.RequestLoggingFilter - event=request_started method=GET uri=/actuator/prometheus
2026-06-09 13:06:46 [INFO][module01-actuator] [http-nio-8080-exec-8] traceId=cfa720d4-696b-4334-8111-6615f25dbd39 c.w.a.g.log.RequestLoggingFilter - event=request_completed method=GET uri=/actuator/prometheus status=200 durationMs=73
2026-06-09 13:06:51 [INFO][module01-actuator] [http-nio-8080-exec-10] traceId=9239aaaf-ae6c-4660-828d-24bd4b2073fc c.w.a.g.log.RequestLoggingFilter - event=request_started method=GET uri=/actuator/prometheus
2026-06-09 13:06:51 [INFO][module01-actuator] [http-nio-8080-exec-10] traceId=9239aaaf-ae6c-4660-828d-24bd4b2073fc c.w.a.g.log.RequestLoggingFilter - event=request_completed method=GET uri=/actuator/prometheus status=200 durationMs=100
2026-06-09 13:06:56 [INFO][module01-actuator] [http-nio-8080-exec-9] traceId=4c325228-3fe0-430a-8c84-a3728e613f36 c.w.a.g.log.RequestLoggingFilter - event=request_started method=GET uri=/actuator/prometheus
2026-06-09 13:06:56 [INFO][module01-actuator] [http-nio-8080-exec-9] traceId=4c325228-3fe0-430a-8c84-a3728e613f36 c.w.a.g.log.RequestLoggingFilter - event=request_completed method=GET uri=/actuator/prometheus status=200 durationMs=86
2026-06-09 13:07:01 [INFO][module01-actuator] [http-nio-8080-exec-1] traceId=0d01916a-fc30-48dd-80ee-c6711c3ec9a8 c.w.a.g.log.RequestLoggingFilter - event=request_started method=GET uri=/actuator/prometheus
2026-06-09 13:07:01 [INFO][module01-actuator] [http-nio-8080-exec-1] traceId=0d01916a-fc30-48dd-80ee-c6711c3ec9a8 c.w.a.g.log.RequestLoggingFilter - event=request_completed method=GET uri=/actuator/prometheus status=200 durationMs=66
2026-06-09 13:07:06 [INFO][module01-actuator] [http-nio-8080-exec-2] traceId=b01a9de5-314e-4e48-8d94-080eb09e77d3 c.w.a.g.log.RequestLoggingFilter - event=request_started method=GET uri=/actuator/prometheus
2026-06-09 13:07:06 [INFO][module01-actuator] [http-nio-8080-exec-2] traceId=b01a9de5-314e-4e48-8d94-080eb09e77d3 c.w.a.g.log.RequestLoggingFilter - event=request_completed method=GET uri=/actuator/prometheus status=200 durationMs=75
2026-06-09 13:07:11 [INFO][module01-actuator] [http-nio-8080-exec-4] traceId=b4b11851-bec6-4950-85a0-7d7e32912e4f c.w.a.g.log.RequestLoggingFilter - event=request_started method=GET uri=/actuator/prometheus
2026-06-09 13:07:11 [INFO][module01-actuator] [http-nio-8080-exec-4] traceId=b4b11851-bec6-4950-85a0-7d7e32912e4f c.w.a.g.log.RequestLoggingFilter - event=request_completed method=GET uri=/actuator/prometheus status=200 durationMs=85
2026-06-09 13:07:16 [INFO][module01-actuator] [http-nio-8080-exec-3] traceId=0fc26ffb-0daf-42ce-b693-3992e12e7612 c.w.a.g.log.RequestLoggingFilter - event=request_started method=GET uri=/actuator/prometheus
2026-06-09 13:07:16 [INFO][module01-actuator] [http-nio-8080-exec-3] traceId=0fc26ffb-0daf-42ce-b693-3992e12e7612 c.w.a.g.log.RequestLoggingFilter - event=request_completed method=GET uri=/actuator/prometheus status=200 durationMs=106
2026-06-09 13:07:21 [INFO][module01-actuator] [http-nio-8080-exec-5] traceId=a71a7b74-cc5d-42ca-b4be-3d9884e65ecb c.w.a.g.log.RequestLoggingFilter - event=request_started method=GET uri=/actuator/prometheus
2026-06-09 13:07:21 [INFO][module01-actuator] [http-nio-8080-exec-5] traceId=a71a7b74-cc5d-42ca-b4be-3d9884e65ecb c.w.a.g.log.RequestLoggingFilter - event=request_completed method=GET uri=/actuator/prometheus status=200 durationMs=74
2026-06-09 13:07:26 [INFO][module01-actuator] [http-nio-8080-exec-6] traceId=c6d100e8-d9b7-432c-b9d9-8a67b7cc3150 c.w.a.g.log.RequestLoggingFilter - event=request_started method=GET uri=/actuator/prometheus
2026-06-09 13:07:26 [INFO][module01-actuator] [http-nio-8080-exec-6] traceId=c6d100e8-d9b7-432c-b9d9-8a67b7cc3150 c.w.a.g.log.RequestLoggingFilter - event=request_completed method=GET uri=/actuator/prometheus status=200 durationMs=62
2026-06-09 13:07:31 [INFO][module01-actuator] [http-nio-8080-exec-7] traceId=83514346-15c2-4f83-ae68-6feae4b2f94a c.w.a.g.log.RequestLoggingFilter - event=request_started method=GET uri=/actuator/prometheus
2026-06-09 13:07:31 [INFO][module01-actuator] [http-nio-8080-exec-7] traceId=83514346-15c2-4f83-ae68-6feae4b2f94a c.w.a.g.log.RequestLoggingFilter - event=request_completed method=GET uri=/actuator/prometheus status=200 durationMs=59
2026-06-09 13:07:36 [INFO][module01-actuator] [http-nio-8080-exec-8] traceId=df4a1af8-d3e5-4d9e-b380-a77a14c8652c c.w.a.g.log.RequestLoggingFilter - event=request_started method=GET uri=/actuator/prometheus
2026-06-09 13:07:36 [INFO][module01-actuator] [http-nio-8080-exec-8] traceId=df4a1af8-d3e5-4d9e-b380-a77a14c8652c c.w.a.g.log.RequestLoggingFilter - event=request_completed method=GET uri=/actuator/prometheus status=200 durationMs=71
2026-06-09 13:07:41 [INFO][module01-actuator] [http-nio-8080-exec-10] traceId=bc312d6c-a4d3-44ae-b300-800f45c85a2e c.w.a.g.log.RequestLoggingFilter - event=request_started method=GET uri=/actuator/prometheus
2026-06-09 13:07:41 [INFO][module01-actuator] [http-nio-8080-exec-10] traceId=bc312d6c-a4d3-44ae-b300-800f45c85a2e c.w.a.g.log.RequestLoggingFilter - event=request_completed method=GET uri=/actuator/prometheus status=200 durationMs=78
2026-06-09 13:07:46 [INFO][module01-actuator] [http-nio-8080-exec-9] traceId=71d1979a-0749-4e99-a67a-73a8a2539b13 c.w.a.g.log.RequestLoggingFilter - event=request_started method=GET uri=/actuator/prometheus
2026-06-09 13:07:46 [INFO][module01-actuator] [http-nio-8080-exec-9] traceId=71d1979a-0749-4e99-a67a-73a8a2539b13 c.w.a.g.log.RequestLoggingFilter - event=request_completed method=GET uri=/actuator/prometheus status=200 durationMs=69
2026-06-09 13:07:51 [INFO][module01-actuator] [http-nio-8080-exec-1] traceId=bf47482e-d306-4174-85a9-91edd3e48bcf c.w.a.g.log.RequestLoggingFilter - event=request_started method=GET uri=/actuator/prometheus
2026-06-09 13:07:51 [INFO][module01-actuator] [http-nio-8080-exec-1] traceId=bf47482e-d306-4174-85a9-91edd3e48bcf c.w.a.g.log.RequestLoggingFilter - event=request_completed method=GET uri=/actuator/prometheus status=200 durationMs=76
2026-06-09 13:07:56 [INFO][module01-actuator] [http-nio-8080-exec-2] traceId=b5f83a0d-ac71-463d-aa46-df4204fccf8a c.w.a.g.log.RequestLoggingFilter - event=request_started method=GET uri=/actuator/prometheus
2026-06-09 13:07:56 [INFO][module01-actuator] [http-nio-8080-exec-2] traceId=b5f83a0d-ac71-463d-aa46-df4204fccf8a c.w.a.g.log.RequestLoggingFilter - event=request_completed method=GET uri=/actuator/prometheus status=200 durationMs=70
2026-06-09 13:08:01 [INFO][module01-actuator] [http-nio-8080-exec-4] traceId=ab9e4a30-e50c-42cd-b569-5b42779adf4d c.w.a.g.log.RequestLoggingFilter - event=request_started method=GET uri=/actuator/prometheus
2026-06-09 13:08:01 [INFO][module01-actuator] [http-nio-8080-exec-4] traceId=ab9e4a30-e50c-42cd-b569-5b42779adf4d c.w.a.g.log.RequestLoggingFilter - event=request_completed method=GET uri=/actuator/prometheus status=200 durationMs=79
2026-06-09 13:08:06 [INFO][module01-actuator] [http-nio-8080-exec-3] traceId=1cf7bd03-e125-4a34-84a7-71c29461a533 c.w.a.g.log.RequestLoggingFilter - event=request_started method=GET uri=/actuator/prometheus
2026-06-09 13:08:06 [INFO][module01-actuator] [http-nio-8080-exec-3] traceId=1cf7bd03-e125-4a34-84a7-71c29461a533 c.w.a.g.log.RequestLoggingFilter - event=request_completed method=GET uri=/actuator/prometheus status=200 durationMs=81
2026-06-09 13:08:11 [INFO][module01-actuator] [http-nio-8080-exec-5] traceId=623ab809-25de-4ffd-bb35-2f91c159f3c1 c.w.a.g.log.RequestLoggingFilter - event=request_started method=GET uri=/actuator/prometheus
2026-06-09 13:08:11 [INFO][module01-actuator] [http-nio-8080-exec-5] traceId=623ab809-25de-4ffd-bb35-2f91c159f3c1 c.w.a.g.log.RequestLoggingFilter - event=request_completed method=GET uri=/actuator/prometheus status=200 durationMs=38
2026-06-09 13:08:16 [INFO][module01-actuator] [http-nio-8080-exec-6] traceId=07421e40-8e7d-443a-96b0-28de3e6b36ba c.w.a.g.log.RequestLoggingFilter - event=request_started method=GET uri=/actuator/prometheus
2026-06-09 13:08:16 [INFO][module01-actuator] [http-nio-8080-exec-6] traceId=07421e40-8e7d-443a-96b0-28de3e6b36ba c.w.a.g.log.RequestLoggingFilter - event=request_completed method=GET uri=/actuator/prometheus status=200 durationMs=56
2026-06-09 13:08:21 [INFO][module01-actuator] [http-nio-8080-exec-7] traceId=245e981a-b109-41a0-a22a-93e0eac349c1 c.w.a.g.log.RequestLoggingFilter - event=request_started method=GET uri=/actuator/prometheus
2026-06-09 13:08:21 [INFO][module01-actuator] [http-nio-8080-exec-7] traceId=245e981a-b109-41a0-a22a-93e0eac349c1 c.w.a.g.log.RequestLoggingFilter - event=request_completed method=GET uri=/actuator/prometheus status=200 durationMs=39
2026-06-09 13:08:26 [INFO][module01-actuator] [http-nio-8080-exec-8] traceId=d2b6715b-b091-4625-872c-44c925eadf12 c.w.a.g.log.RequestLoggingFilter - event=request_started method=GET uri=/actuator/prometheus
2026-06-09 13:08:26 [INFO][module01-actuator] [http-nio-8080-exec-8] traceId=d2b6715b-b091-4625-872c-44c925eadf12 c.w.a.g.log.RequestLoggingFilter - event=request_completed method=GET uri=/actuator/prometheus status=200 durationMs=36
2026-06-09 13:08:31 [INFO][module01-actuator] [http-nio-8080-exec-10] traceId=d8aad8d6-b084-4d1f-b297-eac353cbc6a3 c.w.a.g.log.RequestLoggingFilter - event=request_started method=GET uri=/actuator/prometheus
2026-06-09 13:08:31 [INFO][module01-actuator] [http-nio-8080-exec-10] traceId=d8aad8d6-b084-4d1f-b297-eac353cbc6a3 c.w.a.g.log.RequestLoggingFilter - event=request_completed method=GET uri=/actuator/prometheus status=200 durationMs=36
2026-06-09 13:08:33 [INFO][module01-actuator] [SpringApplicationShutdownHook] traceId= o.s.b.w.e.tomcat.GracefulShutdown - Commencing graceful shutdown. Waiting for active requests to complete
2026-06-09 13:08:34 [INFO][module01-actuator] [tomcat-shutdown] traceId= o.s.b.w.e.tomcat.GracefulShutdown - Graceful shutdown complete
2026-06-09 13:08:34 [INFO][module01-actuator] [SpringApplicationShutdownHook] traceId= o.s.o.j.LocalContainerEntityManagerFactoryBean - Closing JPA EntityManagerFactory for persistence unit 'default'
2026-06-09 13:08:34 [INFO][module01-actuator] [SpringApplicationShutdownHook] traceId= com.zaxxer.hikari.HikariDataSource - HikariPool-1 - Shutdown initiated...
2026-06-09 13:08:34 [INFO][module01-actuator] [SpringApplicationShutdownHook] traceId= com.zaxxer.hikari.HikariDataSource - HikariPool-1 - Shutdown completed.
